ts,v,approach_lock,audio_ok,batt_v,bilge_fwd,bilge_mid,bilge_rear,bridge_on,captured,captured_by,ch_guard,ch_gun_pan,ch_mode,ch_reverse,ch_rudder,ch_throttle,cog_trim,course,cruise_us,deck_on,depth_mode,diff_gain,failsafe_ack,flood_alarm,gps_fix,gun_pan_us,heading,heading_mag,heap,js_freeze,lat,lon,low_volt_alarm,mag_baseline_uT,mag_cal_circ_pct,mag_cal_progress,mag_cal_quality,mag_cal_radius_uT,mag_cal_state,mag_cal_ts,mag_calibrated,mag_from_nvs,mag_off_x,mag_off_y,mag_off_z,mag_uT,mission_active,mode,nav_on,pid_kd,pid_kp,poll_fail,port_us,pump,pump_cycle,pump_manual,pump_phase,pump_phase_ms,radar_burst_ms,radar_on,radar_pause_ms,radar_speed,rc_age_ms,rc_ever_good,rssi,rudder_us,sats,session_id,speed_kts,stbd_us,uptime,wifi_assoc,wp_bearing,wp_count,wp_dist_m,wp_idx,wp_lat,wp_lon,wp_set,wp_start_lat,wp_start_lon
2026-08-02T10:22:12.017Z,0.13.3,false,true,16.70,false,false,false,false,false,none,1000,1476,1000,1500,1509,1000,0.0,0.0,1720,false,off,1.00,false,false,true,1524,266.3,277.3,121272,late=34885 at=10:20:17.518 state=background>background busy=none n=1,38.875210,-77.049728,false,24.53,15,100,good,24.5,done,80,true,true,-31.57,-3.00,-18.00,24.05,false,MANUAL,false,2.00,1.50,,1500,false,,false,off,,3,false,200,25,3,true,-61,1503,12,3975974454,0.1,1500,96,true,,0,,0,,,false,,
2026-08-02T10:22:13.008Z,0.13.3,false,true,16.70,false,false,false,false,false,none,1000,1476,1000,1500,1509,1000,0.0,0.0,1720,false,off,1.00,false,false,true,1524,271.9,282.9,121264,,38.875206,-77.049728,false,24.53,15,100,good,24.5,done,80,true,true,-31.57,-3.00,-18.00,24.53,false,MANUAL,false,2.00,1.50,,1500,false,,false,off,,3,false,200,25,3,true,-43,1503,12,3975974454,0.2,1500,97,true,,0,,0,,,false,,
2026-08-02T10:22:14.042Z,0.13.3,false,true,16.70,false,false,false,false,false,none,1000,1476,1000,1500,1509,1000,0.0,0.0,1720,false,off,1.00,false,false,true,1524,277.5,288.5,121272,,38.875206,-77.049728,false,24.53,15,100,good,24.5,done,80,true,true,-31.57,-3.00,-18.00,24.41,false,MANUAL,false,2.00,1.50,,1500,false,,false,off,,3,false,200,25,2,true,-43,1503,12,3975974454,0.1,1500,98,true,,0,,0,,,false,,
2026-08-02T10:22:15.025Z,0.13.3,false,true,16.70,false,false,false,false,false,none,1000,1476,1000,1500,1509,1000,0.0,0.0,1720,false,off,1.00,false,false,true,1524,283.4,294.4,121256,,38.875206,-77.049736,false,24.53,15,100,good,24.5,done,80,true,true,-31.57,-3.00,-18.00,26.65,false,MANUAL,false,2.00,1.50,,1500,false,,false,off,,3,false,200,25,5,true,-38,1503,12,3975974454,0.2,1500,99,true,,0,,0,,,false,,
2026-08-02T10:22:16.042Z,0.13.3,false,true,16.70,false,false,false,false,false,none,1000,1476,1000,1500,1509,1000,0.0,0.0,1720,false,off,1.00,false,false,true,1524,288.7,299.7,121280,,38.875206,-77.049736,false,24.53,15,100,good,24.5,done,80,true,true,-31.57,-3.00,-18.00,27.25,false,MANUAL,false,2.00,1.50,,1500,false,,false,off,,3,false,200,25,1,true,-33,1503,12,3975974454,0.1,1500,100,true,,0,,0,,,false,,
2026-08-02T10:22:17.093Z,0.13.3,false,true,16.70,false,false,false,false,false,none,1000,1476,1000,1500,1509,1000,0.0,0.0,1720,false,off,1.00,false,false,true,1524,292.9,303.9,121260,,38.875206,-77.049736,false,24.53,15,100,good,24.5,done,80,true,true,-31.57,-3.00,-18.00,27.27,true,MANUAL,false,2.00,1.50,,1500,false,,false,off,,3,false,200,25,3,true,-34,1503,12,3975974454,0.2,1500,101,true,235.5,1,146.7,0,38.874458,-77.051132,true,,
2026-08-02T10:22:18.109Z,0.13.3,false,true,16.71,false,false,false,false,false,none,1000,1476,1000,1500,1509,1000,0.0,0.0,1720,false,off,1.00,false,false,true,1524,296.5,307.5,121260,,38.875210,-77.049736,false,24.53,15,100,good,24.5,done,80,true,true,-31.57,-3.00,-18.00,26.76,true,MANUAL,false,2.00,1.50,,1500,false,,false,off,,3,false,200,25,6,true,-41,1503,12,3975974454,0.1,1500,102,true,235.3,1,146.9,0,38.874458,-77.051132,true,,
2026-08-02T10:22:19.093Z,0.13.3,false,true,16.70,false,false,false,false,false,none,1000,1476,1000,1500,1509,1000,0.0,0.0,1720,false,off,1.00,false,false,true,1524,299.8,310.8,121256,,38.875210,-77.049736,false,24.53,15,100,good,24.5,done,80,true,true,-31.57,-3.00,-18.00,26.00,false,MANUAL,false,2.00,1.50,,1500,false,,false,off,,3,false,200,25,2,true,-39,1503,12,3975974454,0.2,1500,103,true,,0,,0,,,false,,
2026-08-02T10:22:20.076Z,0.13.3,false,true,16.70,false,false,false,false,false,none,1000,1476,1000,1500,1509,1000,0.0,0.0,1720,false,off,1.00,false,false,true,1524,303.1,314.1,121252,,38.875214,-77.049736,false,24.53,15,100,good,24.5,done,80,true,true,-31.57,-3.00,-18.00,25.53,false,MANUAL,false,2.00,1.50,,1500,false,,false,off,,3,false,200,25,6,true,-40,1503,12,3975974454,0.2,1500,104,true,,0,,0,,,false,,
2026-08-02T10:22:21.076Z,0.13.3,false,true,16.70,false,false,false,false,false,none,1000,1476,1000,1500,1509,1000,0.0,0.0,1720,false,off,1.00,false,false,true,1524,306.9,317.9,121268,,38.875214,-77.049736,false,24.53,15,100,good,24.5,done,80,true,true,-31.57,-3.00,-18.00,21.78,false,MANUAL,false,2.00,1.50,,1500,false,,false,off,,3,false,200,25,2,true,-36,1503,12,3975974454,0.2,1500,105,true,,0,,0,,,false,,
2026-08-02T10:22:22.093Z,0.13.3,false,true,16.70,false,false,false,false,false,none,1000,1476,1000,1500,1509,1000,0.0,0.0,1720,false,off,1.00,false,false,true,1524,309.5,320.5,121272,,38.875214,-77.049736,false,24.53,15,100,good,24.5,done,80,true,true,-31.57,-3.00,-18.00,21.83,false,MANUAL,false,2.00,1.50,,1500,false,,false,off,,3,false,200,25,3,true,-37,1503,12,3975974454,0.2,1500,106,true,,0,,0,,,false,,
2026-08-02T10:22:23.144Z,0.13.3,false,true,16.70,false,false,false,false,false,none,1000,1476,1000,1500,1509,1000,0.0,0.0,1720,false,off,1.00,false,false,true,1524,312.2,323.2,121268,,38.875217,-77.049728,false,24.53,15,100,good,24.5,done,80,true,true,-31.57,-3.00,-18.00,19.39,false,MANUAL,false,2.00,1.50,,1500,false,,false,off,,3,false,200,25,2,true,-38,1503,12,3975974454,0.2,1500,108,true,,0,,0,,,false,,
2026-08-02T10:22:25.127Z,0.13.3,false,true,16.70,false,false,false,false,false,none,1000,1476,1000,1500,1509,1000,0.0,0.0,1720,false,off,1.00,false,false,true,1524,317.0,328.0,121268,,38.875217,-77.049728,false,24.53,15,100,good,24.5,done,80,true,true,-31.57,-3.00,-18.00,16.37,false,MANUAL,false,2.00,1.50,,1500,false,,false,off,,3,false,200,25,5,true,-38,1503,12,3975974454,0.2,1500,109,true,,0,,0,,,false,,
2026-08-02T10:22:26.144Z,0.13.3,false,true,16.70,false,false,false,false,false,none,1000,1476,1000,1500,1509,1000,0.0,0.0,1720,false,off,1.00,false,false,true,1524,318.7,329.7,121268,,38.875221,-77.049728,false,24.53,15,100,good,24.5,done,80,true,true,-31.57,-3.00,-18.00,16.73,false,MANUAL,false,2.00,1.50,,1500,false,,false,off,,3,false,200,25,1,true,-38,1503,12,3975974454,0.2,1500,111,true,,0,,0,,,false,,
2026-08-02T10:22:27.144Z,0.13.3,false,true,16.70,false,false,false,false,false,none,1000,1476,1000,1500,1509,1000,0.0,0.0,1720,false,off,1.00,false,false,true,1524,320.2,331.2,121268,,38.875221,-77.049728,false,24.53,15,100,good,24.5,done,80,true,true,-31.57,-3.00,-18.00,16.60,false,MANUAL,false,2.00,1.50,,1500,false,,false,off,,3,false,200,25,5,true,-37,1503,12,3975974454,0.2,1500,112,true,,0,,0,,,false,,
2026-08-02T10:22:28.178Z,0.13.3,false,true,16.70,false,false,false,false,false,none,1000,1476,1000,1500,1509,1000,0.0,0.0,1720,false,off,1.00,false,false,true,1524,321.5,332.5,121268,,38.875221,-77.049736,false,24.53,15,100,good,24.5,done,80,true,true,-31.57,-3.00,-18.00,14.81,false,MANUAL,false,2.00,1.50,,1500,false,,false,off,,3,false,200,25,3,true,-39,1503,12,3975974454,0.2,1500,113,true,,0,,0,,,false,,
2026-08-02T10:22:29.244Z,0.13.3,false,true,16.70,false,false,false,false,false,none,1000,1476,1000,1500,1509,1000,0.0,0.0,1720,false,off,1.00,false,false,true,1524,321.9,332.9,121260,,38.875225,-77.049736,false,24.53,15,100,good,24.5,done,80,true,true,-31.57,-3.00,-18.00,15.17,false,MANUAL,false,2.00,1.50,,1500,false,,false,off,,3,false,200,25,5,true,-38,1503,12,3975974454,0.2,1500,114,true,,0,,0,,,false,,
2026-08-02T10:22:30.195Z,0.13.3,false,true,16.70,false,false,false,false,false,none,1000,1476,1000,1500,1509,1000,0.0,0.0,1720,false,off,1.00,false,false,true,1524,322.0,333.0,121260,,38.875225,-77.049736,false,24.53,15,100,good,24.5,done,80,true,true,-31.57,-3.00,-18.00,16.29,false,MANUAL,false,2.00,1.50,,1500,false,,false,off,,3,false,200,25,4,true,-43,1503,12,3975974454,0.2,1500,115,true,,0,,0,,,false,,
2026-08-02T10:22:31.244Z,0.13.3,false,true,16.70,false,false,false,false,false,none,1000,1476,1000,1500,1509,1000,0.0,0.0,1720,false,off,1.00,false,false,true,1524,322.3,333.3,121260,,38.875225,-77.049736,false,24.53,15,100,good,24.5,done,80,true,true,-31.57,-3.00,-18.00,13.95,false,MANUAL,false,2.00,1.50,,1500,false,,false,off,,3,false,200,25,8,true,-41,1503,12,3975974454,0.1,1500,116,true,,0,,0,,,false,,
2026-08-02T10:22:32.228Z,0.13.3,false,true,16.70,false,false,false,false,false,none,1000,1476,1000,1500,1509,1000,0.0,0.0,1720,false,off,1.00,false,false,true,1524,321.5,332.5,121260,,38.875225,-77.049736,false,24.53,15,100,good,24.5,done,80,true,true,-31.57,-3.00,-18.00,14.98,false,MANUAL,false,2.00,1.50,,1500,false,,false,off,,3,false,200,25,1,true,-45,1503,12,3975974454,0.2,1500,117,true,,0,,0,,,false,,
2026-08-02T10:22:33.262Z,0.13.3,false,true,16.70,false,false,false,false,false,none,1000,1476,1000,1500,1509,1000,0.0,0.0,1720,false,off,1.00,false,false,true,1524,320.8,331.8,121260,,38.875225,-77.049736,false,24.53,15,100,good,24.5,done,80,true,true,-31.57,-3.00,-18.00,15.56,false,MANUAL,false,2.00,1.50,,1500,false,,false,off,,3,false,200,25,9,true,-40,1503,12,3975974454,0.2,1500,118,true,,0,,0,,,false,,
2026-08-02T10:22:34.262Z,0.13.3,false,true,16.70,false,false,false,false,false,none,1000,1476,1000,1500,1509,1000,0.0,0.0,1720,false,off,1.00,false,false,true,1524,319.5,330.5,121264,,38.875225,-77.049736,false,24.53,15,100,good,24.5,done,80,true,true,-31.57,-3.00,-18.00,14.05,false,MANUAL,false,2.00,1.50,,1500,false,,false,off,,3,false,200,25,1,true,-39,1503,12,3975974454,0.2,1500,119,true,,0,,0,,,false,,
2026-08-02T10:22:35.245Z,0.13.3,false,true,16.70,false,false,false,false,false,none,1000,1476,1000,1500,1509,1000,0.0,0.0,1720,false,off,1.00,false,false,true,1524,317.6,328.6,121276,,38.875225,-77.049736,false,24.53,15,100,good,24.5,done,80,true,true,-31.57,-3.00,-18.00,16.97,false,MANUAL,false,2.00,1.50,,1500,false,,false,off,,3,false,200,25,2,true,-40,1503,12,3975974454,0.2,1500,120,true,,0,,0,,,false,,
2026-08-02T10:22:36.295Z,0.13.3,false,true,16.70,false,false,false,false,false,none,1000,1476,1000,1500,1509,1000,0.0,0.0,1720,false,off,1.00,false,false,true,1524,315.4,326.4,121276,,38.875225,-77.049744,false,24.53,15,100,good,24.5,done,80,true,true,-31.57,-3.00,-18.00,15.49,false,MANUAL,false,2.00,1.50,,1500,false,,false,off,,3,false,200,25,1,true,-40,1503,12,3975974454,0.2,1500,121,true,,0,,0,,,false,,
2026-08-02T10:22:37.262Z,0.13.3,false,true,16.70,false,false,false,false,false,none,1000,1476,1000,1500,1509,1000,0.0,0.0,1720,false,off,1.00,false,false,true,1524,312.6,323.6,121288,,38.875225,-77.049744,false,24.53,15,100,good,24.5,done,80,true,true,-31.57,-3.00,-18.00,14.49,false,MANUAL,false,2.00,1.50,,1500,false,,false,off,,3,false,200,25,6,true,-45,1503,12,3975974454,0.1,1500,122,true,,0,,0,,,false,,
2026-08-02T10:22:38.262Z,0.13.3,false,true,16.70,false,false,false,false,false,none,1000,1476,1000,1500,1509,1000,0.0,0.0,1720,false,off,1.00,false,false,true,1524,310.2,321.2,121280,,38.875225,-77.049744,false,24.53,15,100,good,24.5,done,80,true,true,-31.57,-3.00,-18.00,17.59,false,MANUAL,false,2.00,1.50,,1500,false,,false,off,,3,false,200,25,1,true,-42,1503,12,3975974454,0.1,1500,123,true,,0,,0,,,false,,
2026-08-02T10:22:39.279Z,0.13.3,false,true,16.70,false,false,false,false,false,none,1000,1476,1000,1500,1509,1000,0.0,0.0,1720,false,off,1.00,false,false,true,1524,308.4,319.4,121280,,38.875225,-77.049744,false,24.53,15,100,good,24.5,done,80,true,true,-31.57,-3.00,-18.00,16.14,false,MANUAL,false,2.00,1.50,,1500,false,,false,off,,3,false,200,25,7,true,-44,1503,12,3975974454,0.2,1500,124,true,,0,,0,,,false,,
2026-08-02T10:22:40.279Z,0.13.3,false,true,16.70,false,false,false,false,false,none,1000,1476,1000,1500,1509,1000,0.0,0.0,1720,false,off,1.00,false,false,true,1524,306.1,317.1,121272,,38.875225,-77.049744,false,24.53,15,100,good,24.5,done,80,true,true,-31.57,-3.00,-18.00,14.65,false,MANUAL,false,2.00,1.50,,1500,false,,false,off,,3,false,200,25,2,true,-48,1503,12,3975974454,0.1,1500,125,true,,0,,0,,,false,,
2026-08-02T10:22:41.296Z,0.13.3,false,true,16.70,false,false,false,false,false,none,1000,1476,1000,1500,1509,1000,0.0,0.0,1720,false,off,1.00,false,false,true,1524,303.6,314.6,121272,,38.875229,-77.049744,false,24.53,15,100,good,24.5,done,80,true,true,-31.57,-3.00,-18.00,17.64,false,MANUAL,false,2.00,1.50,,1500,false,,false,off,,3,false,200,25,5,true,-46,1503,12,3975974454,0.2,1500,126,true,,0,,0,,,false,,
2026-08-02T10:22:42.297Z,0.13.3,false,true,16.70,false,false,false,false,false,none,1000,1476,1000,1500,1509,1000,0.0,0.0,1720,false,off,1.00,false,false,true,1524,302.0,313.0,121272,,38.875229,-77.049744,false,24.53,15,100,good,24.5,done,80,true,true,-31.57,-3.00,-18.00,18.07,false,MANUAL,false,2.00,1.50,,1500,false,,false,off,,3,false,200,25,7,true,-47,1503,12,3975974454,0.2,1500,127,true,,0,,0,,,false,,
2026-08-02T10:22:43.313Z,0.13.3,false,true,16.70,false,false,false,false,false,none,1000,1476,1000,1500,1509,1000,0.0,0.0,1720,false,off,1.00,false,false,true,1524,301.1,312.1,121276,,38.875229,-77.049751,false,24.53,15,100,good,24.5,done,80,true,true,-31.57,-3.00,-18.00,17.29,false,MANUAL,false,2.00,1.50,,1500,false,,false,off,,3,false,200,25,1,true,-48,1503,12,3975974454,0.1,1500,128,true,,0,,0,,,false,,
2026-08-02T10:22:44.313Z,0.13.3,false,true,16.70,false,false,false,false,false,none,1000,1476,1000,1500,1509,1000,0.0,0.0,1720,false,off,1.00,false,false,true,1524,300.7,311.7,121276,,38.875229,-77.049751,false,24.53,15,100,good,24.5,done,80,true,true,-31.57,-3.00,-18.00,17.76,false,MANUAL,false,2.00,1.50,,1500,false,,false,off,,3,false,200,25,8,true,-52,1503,12,3975974454,0.1,1500,129,true,,0,,0,,,false,,
2026-08-02T10:22:45.330Z,0.13.3,false,true,16.70,false,false,false,false,false,none,1000,1476,1000,1500,1509,1000,0.0,0.0,1720,false,off,1.00,false,false,true,1524,300.2,311.2,121276,,38.875229,-77.049751,false,24.53,15,100,good,24.5,done,80,true,true,-31.57,-3.00,-18.00,17.81,false,MANUAL,false,2.00,1.50,,1500,false,,false,off,,3,false,200,25,4,true,-55,1503,12,3975974454,0.1,1500,130,true,,0,,0,,,false,,
2026-08-02T10:22:46.346Z,0.13.3,false,true,16.70,false,false,false,false,false,none,1000,1476,1000,1500,1509,1000,0.0,0.0,1720,false,off,1.00,false,false,true,1524,299.7,310.7,121276,,38.875233,-77.049751,false,24.53,15,100,good,24.5,done,80,true,true,-31.57,-3.00,-18.00,19.14,false,MANUAL,false,2.00,1.50,,1500,false,,false,off,,3,false,200,25,2,true,-50,1503,12,3975974454,0.2,1500,131,true,,0,,0,,,false,,
2026-08-02T10:22:47.330Z,0.13.3,false,true,16.70,false,false,false,false,false,none,1000,1476,1000,1500,1509,1000,0.0,0.0,1720,false,off,1.00,false,false,true,1524,299.0,310.0,121284,,38.875233,-77.049751,false,24.53,15,100,good,24.5,done,80,true,true,-31.57,-3.00,-18.00,18.78,false,MANUAL,false,2.00,1.50,,1500,false,,false,off,,3,false,200,25,6,true,-54,1503,12,3975974454,0.1,1500,132,true,,0,,0,,,false,,
2026-08-02T10:22:48.347Z,0.13.3,false,true,16.70,false,false,false,false,false,none,1000,1476,1000,1500,1509,1000,0.0,0.0,1720,false,off,1.00,false,false,true,1524,298.5,309.5,121300,,38.875233,-77.049751,false,24.53,15,100,good,24.5,done,80,true,true,-31.57,-3.00,-18.00,20.32,true,MANUAL,false,2.00,1.50,,1500,false,,false,off,,3,false,200,25,6,true,-59,1503,12,3975974454,0.2,1500,133,true,234.0,9,120.7,0,38.874596,-77.050880,true,,
2026-08-02T10:22:49.389Z,0.13.3,false,true,16.70,false,false,false,false,false,none,1000,1476,1000,1500,1509,1000,0.0,0.0,1720,false,off,1.00,false,false,true,1524,297.2,308.2,121328,,38.875233,-77.049759,false,24.53,15,100,good,24.5,done,80,true,true,-31.57,-3.00,-18.00,19.72,true,MANUAL,false,2.00,1.50,,1500,false,,false,off,,3,false,200,25,6,true,-62,1503,12,3975974454,0.2,1500,134,true,233.8,9,120.2,0,38.874596,-77.050880,true,,
2026-08-02T10:22:50.372Z,0.13.3,false,true,16.70,false,false,false,false,false,none,1000,1476,1000,1500,1509,1000,0.0,0.0,1720,false,off,1.00,false,false,true,1524,296.2,307.2,121308,,38.875233,-77.049759,false,24.53,15,100,good,24.5,done,80,true,true,-31.57,-3.00,-18.00,20.23,true,MANUAL,false,2.00,1.50,,1500,false,,false,off,,3,false,200,25,4,true,-63,1503,12,3975974454,0.1,1500,135,true,233.8,9,120.2,0,38.874596,-77.050880,true,,
2026-08-02T10:22:51.389Z,0.13.3,false,true,16.70,false,false,false,false,false,none,1000,1476,1000,1500,1509,1000,0.0,0.0,1720,false,off,1.00,false,false,true,1524,294.9,305.9,121304,,38.875237,-77.049759,false,24.53,15,100,good,24.5,done,80,true,true,-31.57,-3.00,-18.00,20.61,true,MANUAL,false,2.00,1.50,,1500,false,,false,off,,3,false,200,25,6,true,-50,1503,12,3975974454,0.2,1500,136,true,233.7,9,120.4,0,38.874596,-77.050880,true,,
2026-08-02T10:22:52.406Z,0.13.3,false,true,16.70,false,false,false,false,false,none,1000,1476,1000,1500,1509,1000,0.0,0.0,1720,false,off,1.00,false,false,true,1524,293.6,304.6,121308,,38.875237,-77.049759,false,24.53,15,100,good,24.5,done,80,true,true,-31.57,-3.00,-18.00,21.92,true,MANUAL,false,2.00,1.50,,1500,false,,false,off,,3,false,200,25,4,true,-58,1503,12,3975974454,0.2,1500,137,true,233.7,9,120.4,0,38.874596,-77.050880,true,,
2026-08-02T10:22:53.406Z,0.13.3,false,true,16.70,false,false,false,false,false,none,1000,1476,1000,1500,1509,1000,0.0,0.0,1720,false,off,1.00,false,false,true,1524,292.5,303.5,121320,,38.875237,-77.049759,false,24.53,15,100,good,24.5,done,80,true,true,-31.57,-3.00,-18.00,22.14,true,MANUAL,false,2.00,1.50,,1500,false,,false,off,,3,false,200,25,2,true,-65,1503,12,3975974454,0.2,1500,138,true,233.7,9,120.4,0,38.874596,-77.050880,true,,
2026-08-02T10:22:54.440Z,0.13.3,false,true,16.70,false,false,false,false,false,none,1000,1476,1000,1501,1000,1000,0.0,0.0,1720,false,off,1.00,false,false,true,1524,293.0,304.0,121300,,38.875237,-77.049767,false,24.53,15,100,good,24.5,done,80,true,true,-31.57,-3.00,-18.00,23.35,true,MANUAL,false,2.00,1.50,,1500,false,,false,off,,3,false,200,25,3,true,-66,1330,12,3975974454,0.2,1500,139,true,233.5,9,119.9,0,38.874596,-77.050880,true,,
2026-08-02T10:22:55.457Z,0.13.3,false,true,16.68,false,false,false,false,false,none,1000,1476,1000,1512,1000,1432,0.0,0.0,1720,false,off,1.00,false,false,true,1524,293.5,304.5,121316,,38.875237,-77.049767,false,24.53,15,100,good,24.5,done,80,true,true,-31.57,-3.00,-18.00,21.23,true,MANUAL,false,2.00,1.50,,1599,false,,false,off,,3,false,200,25,2,true,-77,1330,12,3975974454,0.2,1621,140,true,233.5,9,119.9,0,38.874596,-77.050880,true,,
2026-08-02T10:22:56.423Z,0.13.3,false,true,16.66,false,false,false,false,false,none,1000,1476,1000,1523,1000,1481,0.0,0.0,1720,false,off,1.00,false,false,true,1524,293.9,304.9,121324,,38.875240,-77.049767,false,24.53,15,100,good,24.5,done,80,true,true,-31.57,-3.00,-18.00,23.91,true,MANUAL,false,2.00,1.50,,1615,false,,false,off,,3,false,200,25,5,true,-66,1330,12,3975974454,0.2,1639,141,true,233.3,9,120.2,0,38.874596,-77.050880,true,,
2026-08-02T10:22:57.457Z,0.13.3,false,true,16.63,false,false,false,false,false,none,1000,1476,1000,1527,1000,1481,0.0,0.0,1720,false,off,1.00,false,false,true,1524,295.4,306.4,121324,,38.875240,-77.049767,false,24.53,15,100,good,24.5,done,80,true,true,-31.57,-3.00,-18.00,25.18,true,MANUAL,false,2.00,1.50,,1615,false,,false,off,,3,false,200,25,0,true,-74,1330,12,3975974454,0.3,1639,142,true,233.3,9,120.2,0,38.874596,-77.050880,true,,
2026-08-02T10:22:58.441Z,0.13.3,false,true,16.64,false,false,false,false,false,none,1000,1476,1000,1529,1000,1481,0.0,249.6,1720,false,off,1.00,false,false,true,1524,291.1,302.1,121316,,38.875237,-77.049767,false,24.53,15,100,good,24.5,done,80,true,true,-31.57,-3.00,-18.00,25.88,true,MANUAL,false,2.00,1.50,,1615,false,,false,off,,3,false,200,25,0,true,-67,1330,12,3975974454,0.5,1639,143,true,233.5,9,119.9,0,38.874596,-77.050880,true,,
2026-08-02T10:22:59.457Z,0.13.3,false,true,16.66,false,false,false,false,false,none,1000,1476,1000,1532,1000,1481,0.0,248.8,1720,false,off,1.00,false,false,true,1524,280.7,291.7,121308,,38.875237,-77.049774,false,24.53,15,100,good,24.5,done,80,true,true,-31.57,-3.00,-18.00,26.52,true,MANUAL,false,2.00,1.50,,1615,false,,false,off,,3,false,200,25,5,true,-76,1330,12,3975974454,0.6,1639,144,true,233.3,9,119.4,0,38.874596,-77.050880,true,,
2026-08-02T10:23:00.474Z,0.13.3,false,true,16.64,false,false,false,false,false,none,1000,1476,1000,1500,1509,1480,0.0,236.2,1720,false,off,1.00,false,false,true,1524,261.6,272.6,121320,,38.875237,-77.049774,false,24.53,15,100,good,24.5,done,80,true,true,-31.57,-3.00,-18.00,28.59,true,MANUAL,false,2.00,1.50,,1626,false,,false,off,,3,false,200,25,7,true,-78,1503,12,3975974454,0.6,1626,145,true,233.3,9,119.4,0,38.874596,-77.050880,true,,
2026-08-02T10:23:01.474Z,0.13.3,false,true,16.67,false,false,false,false,false,none,1000,1476,1000,1500,1202,1480,0.0,225.3,1720,false,off,1.00,false,false,true,1524,239.0,250.0,121312,,38.875233,-77.049782,false,24.53,15,100,good,24.5,done,80,true,true,-31.57,-3.00,-18.00,28.51,true,MANUAL,false,2.00,1.50,,1619,false,,false,off,,3,false,200,25,2,true,-69,1398,12,3975974454,0.8,1633,146,true,233.3,9,118.6,0,38.874596,-77.050880,true,,
2026-08-02T10:23:02.525Z,0.13.3,false,true,16.67,false,false,false,false,false,none,1000,1476,1000,1500,1509,1480,0.0,221.2,1720,false,off,1.00,false,false,true,1524,221.7,232.7,121312,,38.875233,-77.049782,false,24.53,15,100,good,24.5,done,80,true,true,-31.57,-3.00,-18.00,26.78,true,MANUAL,false,2.00,1.50,,1626,false,,false,off,,3,false,200,25,5,true,-65,1503,12,3975974454,0.9,1626,147,true,233.3,9,118.6,0,38.874596,-77.050880,true,,
2026-08-02T10:23:03.491Z,0.13.3,false,true,16.66,false,false,false,false,false,none,1000,1476,1000,1500,1512,1480,0.0,212.0,1720,false,off,1.00,false,false,true,1524,205.0,216.0,121300,,38.875229,-77.049789,false,24.53,15,100,good,24.5,done,80,true,true,-31.57,-3.00,-18.00,22.62,true,MANUAL,false,2.00,1.50,,1626,false,,false,off,,3,false,200,25,4,true,-71,1504,12,3975974454,1.0,1626,148,true,233.4,9,117.8,0,38.874596,-77.050880,true,,
2026-08-02T10:23:04.491Z,0.13.3,false,true,16.65,false,false,false,false,false,none,1000,1476,1000,1500,1622,1479,0.0,206.6,1720,false,off,1.00,false,false,true,1524,195.3,206.3,121300,,38.875225,-77.049789,false,24.53,15,100,good,24.5,done,80,true,true,-31.57,-3.00,-18.00,20.05,true,MANUAL,false,2.00,1.50,,1629,false,,false,off,,3,false,200,25,9,true,-83,1541,12,3975974454,1.0,1623,149,true,233.5,9,117.6,0,38.874596,-77.050880,true,,
2026-08-02T10:23:05.508Z,0.13.3,false,true,16.66,false,false,false,false,false,none,1000,1476,1000,1500,1509,1450,0.0,205.3,1720,false,off,1.00,false,false,true,1524,190.0,201.0,121300,,38.875217,-77.049789,false,24.53,15,100,good,24.5,done,80,true,true,-31.57,-3.00,-18.00,20.29,true,MANUAL,false,2.00,1.50,,1616,false,,false,off,,3,false,200,25,6,true,-61,1503,12,3975974454,1.1,1616,150,true,233.8,9,117.0,0,38.874596,-77.050880,true,,
2026-08-02T10:23:06.525Z,0.13.3,false,true,16.68,false,false,false,false,false,none,1000,1476,1000,1501,1318,1450,0.7,208.2,1720,false,off,1.00,false,false,true,1524,193.2,203.5,121312,,38.875214,-77.049797,false,24.53,15,100,good,24.5,done,80,true,true,-31.57,-3.00,-18.00,19.89,true,MANUAL,false,2.00,1.50,,1612,false,,false,off,,3,false,200,25,5,true,-66,1438,12,3975974454,1.1,1620,151,true,233.8,9,116.3,0,38.874596,-77.050880,true,,
2026-08-02T10:23:07.542Z,0.13.3,false,true,16.68,false,false,false,false,false,none,1000,1476,1000,1500,1509,1450,1.4,211.7,1720,false,off,1.00,false,false,true,1524,200.8,210.4,121316,,38.875210,-77.049797,false,24.53,15,100,good,24.5,done,80,true,true,-31.57,-3.00,-18.00,20.44,true,MANUAL,false,2.00,1.50,,1616,false,,false,off,,3,false,200,25,5,true,-65,1503,12,3975974454,1.1,1616,152,true,233.8,9,116.0,0,38.874596,-77.050880,true,,
2026-08-02T10:23:08.525Z,0.13.3,false,true,16.68,false,false,false,false,false,none,1000,1476,1000,1500,1509,1451,1.8,212.4,1720,false,off,1.00,false,false,true,1524,204.6,213.7,121316,,38.875206,-77.049805,false,24.53,15,100,good,24.5,done,80,true,true,-31.57,-3.00,-18.00,20.71,true,MANUAL,false,2.00,1.50,,1617,false,,false,off,,3,false,200,25,4,true,-66,1503,12,3975974454,0.9,1617,153,true,233.9,9,115.2,0,38.874596,-77.050880,true,,
2026-08-02T10:23:09.559Z,0.13.3,false,true,16.68,false,false,false,false,false,none,1000,1476,1000,1500,1509,1450,1.8,215.1,1720,false,off,1.00,false,false,true,1524,207.6,216.8,121316,,38.875202,-77.049805,false,24.53,15,100,good,24.5,done,80,true,true,-31.57,-3.00,-18.00,18.89,true,MANUAL,false,2.00,1.50,,1616,false,,false,off,,3,false,200,25,7,true,-63,1503,12,3975974454,0.7,1616,154,true,234.1,9,115.0,0,38.874596,-77.050880,true,,
2026-08-02T10:23:10.542Z,0.13.3,false,true,16.68,false,false,false,false,false,none,1000,1476,1000,1500,1362,1451,1.8,217.9,1720,false,off,1.00,false,false,true,1524,211.3,220.4,121312,,38.875198,-77.049812,false,24.53,15,100,good,24.5,done,80,true,true,-31.57,-3.00,-18.00,17.33,true,MANUAL,false,2.00,1.50,,1614,false,,false,off,,3,false,200,25,1,true,-69,1453,12,3975974454,0.9,1620,155,true,234.0,9,114.2,0,38.874596,-77.050880,true,,
2026-08-02T10:23:11.559Z,0.13.3,false,true,16.67,false,false,false,false,false,none,1000,1476,1000,1501,1248,1451,1.8,220.9,1720,false,off,1.00,false,false,true,1524,215.3,224.5,121304,,38.875195,-77.049812,false,24.53,15,100,good,24.5,done,80,true,true,-31.57,-3.00,-18.00,17.58,true,MANUAL,false,2.00,1.50,,1611,false,,false,off,,3,false,200,25,6,true,-60,1414,12,3975974454,0.9,1623,156,true,234.2,9,113.9,0,38.874596,-77.050880,true,,
2026-08-02T10:23:12.559Z,0.13.3,false,true,16.68,false,false,false,false,false,none,1000,1476,1000,1500,1509,1450,1.8,224.5,1720,false,off,1.00,false,false,true,1524,220.2,229.3,121296,,38.875195,-77.049820,false,24.53,15,100,good,24.5,done,80,true,true,-31.57,-3.00,-18.00,17.35,true,MANUAL,false,2.00,1.50,,1616,false,,false,off,,3,false,200,25,5,true,-69,1503,12,3975974454,0.9,1616,157,true,234.0,9,113.4,0,38.874596,-77.050880,true,,
2026-08-02T10:23:13.559Z,0.13.3,false,true,16.67,false,false,false,false,false,none,1000,1476,1000,1500,1509,1450,1.8,223.5,1720,false,off,1.00,false,false,true,1524,221.4,230.5,121316,,38.875191,-77.049820,false,24.53,15,100,good,24.5,done,80,true,true,-31.57,-3.00,-18.00,17.61,true,MANUAL,false,2.00,1.50,,1616,false,,false,off,,3,false,200,25,7,true,-73,1503,12,3975974454,0.8,1616,158,true,234.2,9,113.2,0,38.874596,-77.050880,true,,
2026-08-02T10:23:14.576Z,0.13.3,false,true,16.68,false,false,false,false,false,none,1000,1476,1000,1500,1509,1450,1.8,224.9,1720,false,off,1.00,false,false,true,1524,222.5,231.6,121312,,38.875187,-77.049828,false,24.53,15,100,good,24.5,done,80,true,true,-31.57,-3.00,-18.00,18.72,true,MANUAL,false,2.00,1.50,,1616,false,,false,off,,3,false,200,25,2,true,-67,1503,12,3975974454,0.9,1616,159,true,234.3,9,112.4,0,38.874596,-77.050880,true,,
2026-08-02T10:23:15.577Z,0.13.3,false,true,16.65,false,false,false,false,false,none,1000,1476,1000,1501,1209,1450,1.8,223.8,1720,false,off,1.00,false,false,true,1524,226.1,235.3,121316,,38.875183,-77.049828,false,24.53,15,100,good,24.5,done,80,true,true,-31.57,-3.00,-18.00,18.78,true,MANUAL,false,2.00,1.50,,1610,false,,false,off,,3,false,200,25,5,true,-75,1401,12,3975974454,0.8,1622,160,true,234.5,9,112.1,0,38.874596,-77.050880,true,,
2026-08-02T10:23:16.610Z,0.13.3,false,true,16.68,false,false,false,false,false,none,1000,1476,1000,1500,1509,1450,1.8,225.4,1720,false,off,1.00,false,false,true,1524,229.0,238.1,121316,,38.875183,-77.049835,false,24.53,15,100,good,24.5,done,80,true,true,-31.57,-3.00,-18.00,18.83,true,MANUAL,false,2.00,1.50,,1616,false,,false,off,,3,false,200,25,5,true,-77,1503,12,3975974454,0.9,1616,161,true,234.3,9,111.6,0,38.874596,-77.050880,true,,
2026-08-02T10:23:17.593Z,0.13.3,false,true,16.68,false,false,false,false,false,none,1000,1476,1000,1500,1507,1451,1.8,224.4,1720,false,off,1.00,false,false,true,1524,228.4,237.6,121316,,38.875179,-77.049835,false,24.53,15,100,good,24.5,done,80,true,true,-31.57,-3.00,-18.00,19.55,true,MANUAL,false,2.00,1.50,,1617,false,,false,off,,3,false,200,25,6,true,-71,1502,12,3975974454,0.9,1617,162,true,234.3,9,111.4,0,38.874596,-77.050880,true,,
2026-08-02T10:23:18.610Z,0.13.3,false,true,16.68,false,false,false,false,false,none,1000,1476,1000,1501,1246,1451,1.8,226.5,1720,false,off,1.00,false,false,true,1524,227.9,237.0,121316,,38.875175,-77.049843,false,24.53,15,100,good,24.5,done,80,true,true,-31.57,-3.00,-18.00,22.48,true,MANUAL,false,2.00,1.50,,1611,false,,false,off,,3,false,200,25,0,true,-77,1413,12,3975974454,0.8,1623,163,true,234.3,9,110.6,0,38.874596,-77.050880,true,,
2026-08-02T10:23:19.627Z,0.13.3,false,true,16.68,false,false,false,false,false,none,1000,1476,1000,1500,1509,1451,1.8,224.7,1720,false,off,1.00,false,false,true,1524,227.2,236.3,121316,,38.875172,-77.049843,false,24.53,15,100,good,24.5,done,80,true,true,-31.57,-3.00,-18.00,20.76,true,MANUAL,false,2.00,1.50,,1617,false,,false,off,,3,false,200,25,4,true,-68,1503,12,3975974454,0.6,1617,164,true,234.5,9,110.3,0,38.874596,-77.050880,true,,
2026-08-02T10:23:20.661Z,0.13.3,false,true,16.67,false,false,false,false,false,none,1000,1476,1000,1500,1509,1450,1.8,227.8,1720,false,off,1.00,false,false,true,1524,226.7,235.8,121316,,38.875168,-77.049850,false,24.53,15,100,good,24.5,done,80,true,true,-31.57,-3.00,-18.00,21.75,true,MANUAL,false,2.00,1.50,,1616,false,,false,off,,3,false,200,25,3,true,-70,1503,12,3975974454,1.2,1616,165,true,234.4,9,109.5,0,38.874596,-77.050880,true,,
2026-08-02T10:23:21.644Z,0.13.3,false,true,16.68,false,false,false,false,false,none,1000,1476,1000,1500,1509,1451,1.9,227.4,1720,false,off,1.00,false,false,true,1524,226.4,235.5,121324,,38.875168,-77.049850,false,24.53,15,100,good,24.5,done,80,true,true,-31.57,-3.00,-18.00,19.98,true,MANUAL,false,2.00,1.50,,1617,false,,false,off,,3,false,200,25,1,true,-76,1503,12,3975974454,0.9,1617,166,true,234.4,9,109.5,0,38.874596,-77.050880,true,,
2026-08-02T10:23:22.677Z,0.13.3,false,true,16.66,false,false,false,false,false,none,1000,1476,1000,1500,1509,1451,1.9,226.7,1720,false,off,1.00,false,false,true,1524,227.2,236.3,121316,,38.875164,-77.049858,false,24.53,15,100,good,24.5,done,80,true,true,-31.57,-3.00,-18.00,22.37,true,MANUAL,false,2.00,1.50,,1617,false,,false,off,,3,false,200,25,7,true,-84,1503,12,3975974454,1.0,1617,167,true,234.2,9,108.8,0,38.874596,-77.050880,true,,
2026-08-02T10:23:23.644Z,0.13.3,false,true,16.68,false,false,false,false,false,none,1000,1476,1000,1500,1509,1451,1.9,226.3,1720,false,off,1.00,false,false,true,1524,227.0,236.1,121316,,38.875160,-77.049866,false,24.53,15,100,good,24.5,done,80,true,true,-31.57,-3.00,-18.00,19.86,true,MANUAL,false,2.00,1.50,,1617,false,,false,off,,3,false,200,25,6,true,-69,1503,12,3975974454,0.9,1617,168,true,234.5,9,108.0,0,38.874596,-77.050880,true,,
2026-08-02T10:23:24.661Z,0.13.3,false,true,16.68,false,false,false,false,false,none,1000,1476,1000,1500,1509,1451,1.9,224.7,1720,false,off,1.00,false,false,true,1524,227.2,236.3,121316,,38.875156,-77.049873,false,24.53,15,100,good,24.5,done,80,true,true,-31.57,-3.00,-18.00,21.69,true,MANUAL,false,2.00,1.50,,1617,false,,false,off,,3,false,200,25,4,true,-78,1503,12,3975974454,0.9,1617,169,true,234.5,9,107.2,0,38.874596,-77.050880,true,,
2026-08-02T10:23:25.678Z,0.13.3,false,true,16.68,false,false,false,false,false,none,1000,1476,1000,1500,1509,1451,1.9,226.2,1720,false,off,1.00,false,false,true,1524,227.7,236.8,121316,,38.875153,-77.049873,false,24.53,15,100,good,24.5,done,80,true,true,-31.57,-3.00,-18.00,19.53,true,MANUAL,false,2.00,1.50,,1617,false,,false,off,,3,false,200,25,6,true,-72,1503,12,3975974454,0.9,1617,170,true,234.6,9,106.9,0,38.874596,-77.050880,true,,
2026-08-02T10:23:26.678Z,0.13.3,false,true,16.68,false,false,false,false,false,none,1000,1476,1000,1500,1509,1451,1.9,226.3,1720,false,off,1.00,false,false,true,1524,229.9,239.0,121324,,38.875149,-77.049881,false,24.53,15,100,good,24.5,done,80,true,true,-31.57,-3.00,-18.00,22.28,true,MANUAL,false,2.00,1.50,,1617,false,,false,off,,3,false,200,25,2,true,-69,1503,12,3975974454,0.9,1617,171,true,234.5,9,106.2,0,38.874596,-77.050880,true,,
2026-08-02T10:23:27.728Z,0.13.3,false,true,16.67,false,false,false,false,false,none,1000,1476,1000,1500,1509,1451,1.9,230.3,1720,false,off,1.00,false,false,true,1524,233.1,242.2,121324,,38.875149,-77.049881,false,24.53,15,100,good,24.5,done,80,true,true,-31.57,-3.00,-18.00,22.94,true,MANUAL,false,2.00,1.50,,1617,false,,false,off,,3,false,200,25,6,true,-73,1503,12,3975974454,0.9,1617,172,true,234.5,9,106.2,0,38.874596,-77.050880,true,,
2026-08-02T10:23:28.911Z,0.13.3,false,true,16.67,false,false,false,false,false,none,1000,1476,1000,1500,1509,1451,1.9,234.2,1720,false,off,1.00,false,false,true,1524,235.4,244.5,121312,,38.875145,-77.049889,false,24.53,15,100,good,24.5,done,80,true,true,-31.57,-3.00,-18.00,22.01,true,MANUAL,false,2.00,1.50,,1617,false,,false,off,,3,false,200,25,4,true,-73,1503,12,3975974454,0.9,1617,173,true,234.6,9,105.4,0,38.874596,-77.050880,true,,
2026-08-02T10:23:29.712Z,0.13.3,false,true,16.67,false,false,false,false,false,none,1000,1476,1000,1500,1509,1451,1.9,238.7,1720,false,off,1.00,false,false,true,1524,236.3,245.4,121324,,38.875145,-77.049896,false,24.53,15,100,good,24.5,done,80,true,true,-31.57,-3.00,-18.00,20.47,true,MANUAL,false,2.00,1.50,,1617,false,,false,off,,3,false,200,25,3,true,-75,1503,12,3975974454,0.9,1617,174,true,234.4,9,104.8,0,38.874596,-77.050880,true,,
2026-08-02T10:23:30.695Z,0.13.3,false,true,16.67,false,false,false,false,false,none,1000,1476,1000,1500,1509,1451,1.9,242.7,1720,false,off,1.00,false,false,true,1524,239.3,248.4,121324,,38.875145,-77.049896,false,24.53,15,100,good,24.5,done,80,true,true,-31.57,-3.00,-18.00,21.90,true,MANUAL,false,2.00,1.50,,1617,false,,false,off,,3,false,200,25,4,true,-77,1503,12,3975974454,0.9,1617,175,true,234.4,9,104.8,0,38.874596,-77.050880,true,,
2026-08-02T10:23:31.712Z,0.13.3,false,true,16.66,false,false,false,false,false,none,1000,1476,1000,1500,1509,1451,1.9,244.8,1720,false,off,1.00,false,false,true,1524,242.8,251.9,121324,,38.875141,-77.049904,false,24.53,15,100,good,24.5,done,80,true,true,-31.57,-3.00,-18.00,21.94,true,MANUAL,false,2.00,1.50,,1617,false,,false,off,,3,false,200,25,0,true,-79,1503,12,3975974454,0.9,1617,176,true,234.3,9,104.0,0,38.874596,-77.050880,true,,
2026-08-02T10:23:32.712Z,0.13.3,false,true,16.68,false,false,false,false,false,none,1000,1476,1000,1500,1509,1451,1.9,246.8,1720,false,off,1.00,false,false,true,1524,245.0,254.1,121324,,38.875141,-77.049904,false,24.53,15,100,good,24.5,done,80,true,true,-31.57,-3.00,-18.00,21.77,true,MANUAL,false,2.00,1.50,,1617,false,,false,off,,3,false,200,25,0,true,-82,1503,12,3975974454,0.9,1617,177,true,234.3,9,104.0,0,38.874596,-77.050880,true,,
2026-08-02T10:23:33.732Z,0.13.3,false,true,16.67,false,false,false,false,false,none,1000,1476,1000,1500,1509,1451,1.9,247.5,1720,false,off,1.00,false,false,true,1524,246.1,255.2,121324,,38.875137,-77.049911,false,24.53,15,100,good,24.5,done,80,true,true,-31.57,-3.00,-18.00,22.98,true,MANUAL,false,2.00,1.50,,1617,false,,false,off,,3,false,200,25,2,true,-72,1503,12,3975974454,0.9,1617,178,true,234.3,9,103.3,0,38.874596,-77.050880,true,,
2026-08-02T10:23:34.746Z,0.13.3,false,true,16.66,false,false,false,false,false,none,1000,1476,1000,1500,1509,1451,1.9,250.8,1720,false,off,1.00,false,false,true,1524,249.6,258.7,121316,,38.875137,-77.049919,false,24.53,15,100,good,24.5,done,80,true,true,-31.57,-3.00,-18.00,23.79,true,MANUAL,false,2.00,1.50,,1617,false,,false,off,,3,false,200,25,1,true,-72,1503,12,3975974454,0.9,1617,179,true,234.0,9,102.7,0,38.874596,-77.050880,true,,
2026-08-02T10:23:35.729Z,0.13.3,false,true,16.68,false,false,false,false,false,none,1000,1476,1000,1500,1509,1451,1.9,253.8,1720,false,off,1.00,false,false,true,1524,253.1,262.2,121316,,38.875137,-77.049919,false,24.53,15,100,good,24.5,done,80,true,true,-31.57,-3.00,-18.00,23.29,true,MANUAL,false,2.00,1.50,,1617,false,,false,off,,3,false,200,25,1,true,-69,1503,12,3975974454,0.9,1617,180,true,234.0,9,102.7,0,38.874596,-77.050880,true,,
2026-08-02T10:23:36.746Z,0.13.3,false,true,16.67,false,false,false,false,false,none,1000,1476,1000,1500,1509,1451,1.9,257.2,1720,false,off,1.00,false,false,true,1524,256.9,266.0,121316,,38.875137,-77.049927,false,24.53,15,100,good,24.5,done,80,true,true,-31.57,-3.00,-18.00,23.94,true,MANUAL,false,2.00,1.50,,1617,false,,false,off,,3,false,200,25,4,true,-74,1503,12,3975974454,0.9,1617,181,true,233.8,9,102.2,0,38.874596,-77.050880,true,,
2026-08-02T10:23:37.763Z,0.13.3,false,true,16.68,false,false,false,false,false,none,1000,1476,1000,1500,1509,1451,1.9,260.2,1720,false,off,1.00,false,false,true,1524,259.8,268.9,121324,,38.875137,-77.049934,false,24.53,15,100,good,24.5,done,80,true,true,-31.57,-3.00,-18.00,24.51,true,MANUAL,false,2.00,1.50,,1617,false,,false,off,,3,false,200,25,6,true,-77,1503,12,3975974454,0.9,1617,182,true,233.6,9,101.7,0,38.874596,-77.050880,true,,
2026-08-02T10:23:38.780Z,0.13.3,false,true,16.66,false,false,false,false,false,none,1000,1476,1000,1500,1509,1451,1.9,264.5,1720,false,off,1.00,false,false,true,1524,260.5,269.6,121324,,38.875137,-77.049942,false,24.53,15,100,good,24.5,done,80,true,true,-31.57,-3.00,-18.00,22.37,true,MANUAL,false,2.00,1.50,,1617,false,,false,off,,3,false,200,25,6,true,-73,1503,12,3975974454,0.9,1617,183,true,233.4,9,101.1,0,38.874596,-77.050880,true,,
2026-08-02T10:23:39.780Z,0.13.3,false,true,16.67,false,false,false,false,false,none,1000,1476,1000,1500,1509,1450,1.9,263.9,1720,false,off,1.00,false,false,true,1524,261.0,270.1,121316,,38.875137,-77.049942,false,24.53,15,100,good,24.5,done,80,true,true,-31.57,-3.00,-18.00,23.34,true,MANUAL,false,2.00,1.50,,1616,false,,false,off,,3,false,200,25,3,true,-73,1503,12,3975974454,0.9,1616,184,true,233.4,9,101.1,0,38.874596,-77.050880,true,,
2026-08-02T10:23:40.780Z,0.13.3,false,true,16.67,false,false,false,false,false,none,1000,1476,1000,1500,1509,1451,1.9,263.5,1720,false,off,1.00,false,false,true,1524,261.2,270.4,121316,,38.875137,-77.049950,false,24.53,15,100,good,24.5,done,80,true,true,-31.57,-3.00,-18.00,22.92,true,MANUAL,false,2.00,1.50,,1617,false,,false,off,,3,false,200,25,2,true,-72,1503,12,3975974454,0.9,1617,185,true,233.2,9,100.6,0,38.874596,-77.050880,true,,
2026-08-02T10:23:41.797Z,0.13.3,false,true,16.68,false,false,false,false,false,none,1000,1476,1000,1500,1509,1451,1.9,262.5,1720,false,off,1.00,false,false,true,1524,262.8,271.9,121316,,38.875134,-77.049957,false,24.53,15,100,good,24.5,done,80,true,true,-31.57,-3.00,-18.00,22.69,true,MANUAL,false,2.00,1.50,,1617,false,,false,off,,3,false,200,25,4,true,-71,1503,12,3975974454,0.8,1617,186,true,233.0,9,99.8,0,38.874596,-77.050880,true,,
2026-08-02T10:23:42.830Z,0.13.3,false,true,16.68,false,false,false,false,false,none,1000,1476,1000,1500,1509,1451,1.9,262.9,1720,false,off,1.00,false,false,true,1524,263.4,272.5,121316,,38.875134,-77.049965,false,24.53,15,100,good,24.5,done,80,true,true,-31.57,-3.00,-18.00,23.39,true,MANUAL,false,2.00,1.50,,1617,false,,false,off,,3,false,200,25,5,true,-78,1503,12,3975974454,0.8,1617,187,true,232.8,9,99.3,0,38.874596,-77.050880,true,,
2026-08-02T10:23:43.797Z,0.13.3,false,true,16.66,false,false,false,false,false,none,1000,1476,1000,1500,1509,1451,1.9,267.3,1720,false,off,1.00,false,false,true,1524,265.8,274.9,121316,,38.875134,-77.049973,false,24.53,15,100,good,24.5,done,80,true,true,-31.57,-3.00,-18.00,23.42,true,MANUAL,false,2.00,1.50,,1617,false,,false,off,,3,false,200,25,4,true,-72,1503,12,3975974454,0.8,1617,188,true,232.6,9,98.8,0,38.874596,-77.050880,true,,
2026-08-02T10:23:44.831Z,0.13.3,false,true,16.68,false,false,false,false,false,none,1000,1476,1000,1500,1509,1451,1.9,273.2,1720,false,off,1.00,false,false,true,1524,269.2,278.3,121316,,38.875134,-77.049973,false,24.53,15,100,good,24.5,done,80,true,true,-31.57,-3.00,-18.00,22.82,true,MANUAL,false,2.00,1.50,,1617,false,,false,off,,3,false,200,25,6,true,-87,1503,12,3975974454,0.9,1617,189,true,232.6,9,98.8,0,38.874596,-77.050880,true,,
2026-08-02T10:23:45.831Z,0.13.3,false,true,16.66,false,false,false,false,false,none,1000,1476,1000,1500,1509,1451,1.9,276.3,1720,false,off,1.00,false,false,true,1524,271.6,280.7,121316,,38.875137,-77.049980,false,24.53,15,100,good,24.5,done,80,true,true,-31.57,-3.00,-18.00,22.51,true,MANUAL,false,2.00,1.50,,1617,false,,false,off,,3,false,200,25,6,true,-75,1503,12,3975974454,0.9,1617,190,true,232.2,9,98.5,0,38.874596,-77.050880,true,,
2026-08-02T10:23:46.831Z,0.13.3,false,true,16.68,false,false,false,false,false,none,1000,1476,1000,1500,1509,1450,1.9,277.6,1720,false,off,1.00,false,false,true,1524,273.5,282.6,121316,,38.875137,-77.049988,false,24.53,15,100,good,24.5,done,80,true,true,-31.57,-3.00,-18.00,22.75,true,MANUAL,false,2.00,1.50,,1616,false,,false,off,,3,false,200,25,0,true,-77,1503,12,3975974454,0.9,1616,191,true,232.0,9,98.0,0,38.874596,-77.050880,true,,
2026-08-02T10:23:47.831Z,0.13.3,false,true,16.68,false,false,false,false,false,none,1000,1476,1000,1500,1509,1450,1.9,277.3,1720,false,off,1.00,false,false,true,1524,276.1,285.2,121316,,38.875137,-77.049995,false,24.53,15,100,good,24.5,done,80,true,true,-31.57,-3.00,-18.00,24.05,true,MANUAL,false,2.00,1.50,,1616,false,,false,off,,3,false,200,25,7,true,-76,1503,12,3975974454,0.8,1616,192,true,231.8,9,97.5,0,38.874596,-77.050880,true,,
2026-08-02T10:23:48.881Z,0.13.3,false,true,16.67,false,false,false,false,false,none,1000,1476,1000,1500,1509,1450,1.9,278.7,1720,false,off,1.00,false,false,true,1524,277.5,286.6,121316,,38.875137,-77.049995,false,24.53,15,100,good,24.5,done,80,true,true,-31.57,-3.00,-18.00,23.05,true,MANUAL,false,2.00,1.50,,1616,false,,false,off,,3,false,200,25,1,true,-67,1503,12,3975974454,0.9,1616,193,true,231.8,9,97.5,0,38.874596,-77.050880,true,,
2026-08-02T10:23:49.865Z,0.13.3,false,true,16.65,false,false,false,false,false,none,1000,1476,1000,1500,1000,1451,1.9,282.7,1720,false,off,1.00,false,false,true,1524,279.7,288.8,121316,,38.875137,-77.050003,false,24.53,15,100,good,24.5,done,80,true,true,-31.57,-3.00,-18.00,23.35,true,MANUAL,false,2.00,1.50,,1606,false,,false,off,,3,false,200,25,5,true,-69,1330,12,3975974454,0.8,1628,194,true,231.5,9,96.9,0,38.874596,-77.050880,true,,
2026-08-02T10:23:50.848Z,0.13.3,false,true,16.64,false,false,false,false,false,none,1000,1476,1000,1501,1000,1451,1.9,285.8,1720,false,off,1.00,false,false,true,1524,283.2,292.3,121316,,38.875137,-77.050011,false,24.53,15,100,good,24.5,done,80,true,true,-31.57,-3.00,-18.00,23.94,true,MANUAL,false,2.00,1.50,,1606,false,,false,off,,3,false,200,25,5,true,-68,1330,12,3975974454,0.9,1628,195,true,231.3,9,96.4,0,38.874596,-77.050880,true,,
2026-08-02T10:23:51.899Z,0.13.3,false,true,16.66,false,false,false,false,false,none,1000,1476,1000,1500,1000,1451,1.9,283.4,1720,false,off,1.00,false,false,true,1524,280.1,289.2,121316,,38.875137,-77.050011,false,24.53,15,100,good,24.5,done,80,true,true,-31.57,-3.00,-18.00,23.52,true,MANUAL,false,2.00,1.50,,1606,false,,false,off,,3,false,200,25,3,true,-66,1330,12,3975974454,0.8,1628,196,true,231.3,9,96.4,0,38.874596,-77.050880,true,,
2026-08-02T10:23:52.899Z,0.13.3,false,true,16.68,false,false,false,false,false,none,1000,1476,1000,1501,1000,1451,1.9,281.8,1720,false,off,1.00,false,false,true,1524,271.5,280.6,121316,,38.875137,-77.050018,false,24.53,15,100,good,24.5,done,80,true,true,-31.57,-3.00,-18.00,24.14,true,MANUAL,false,2.00,1.50,,1606,false,,false,off,,3,false,200,25,0,true,-67,1330,12,3975974454,0.8,1628,197,true,231.0,9,95.9,0,38.874596,-77.050880,true,,
2026-08-02T10:23:53.865Z,0.13.3,false,true,16.64,false,false,false,false,false,none,1000,1476,1000,1501,1000,1454,1.9,276.4,1720,false,off,1.00,false,false,true,1524,262.8,271.9,121316,,38.875137,-77.050026,false,24.53,15,100,good,24.5,done,80,true,true,-31.57,-3.00,-18.00,23.12,true,MANUAL,false,2.00,1.50,,1606,false,,false,off,,3,false,200,25,5,true,-81,1330,12,3975974454,0.6,1630,198,true,230.8,9,95.4,0,38.874596,-77.050880,true,,
2026-08-02T10:23:54.899Z,0.13.3,false,true,16.58,false,false,false,false,false,none,1000,1476,1000,1500,1000,1589,1.9,267.9,1720,false,off,1.00,false,false,true,1524,255.8,264.9,121316,,38.875137,-77.050026,false,24.53,15,100,good,24.5,done,80,true,true,-31.57,-3.00,-18.00,23.31,true,MANUAL,false,2.00,1.50,,1647,false,,false,off,,3,false,200,25,5,true,-73,1330,12,3975974454,0.7,1679,199,true,230.8,9,95.4,0,38.874596,-77.050880,true,,
2026-08-02T10:23:55.982Z,0.13.3,false,true,16.64,false,false,false,false,false,none,1000,1476,1000,1500,1509,1495,1.9,246.3,1720,false,off,1.00,false,false,true,1524,244.7,253.8,121300,,38.875137,-77.050034,false,24.53,15,100,good,24.5,done,80,true,true,-31.57,-3.00,-18.00,22.20,true,MANUAL,false,2.00,1.50,,1631,false,,false,off,,3,false,200,25,0,true,-73,1503,12,3975974454,1.0,1631,200,true,230.5,9,94.9,0,38.874596,-77.050880,true,,
2026-08-02T10:23:56.916Z,0.13.3,false,true,16.62,false,false,false,false,false,none,1000,1476,1000,1500,1509,1495,1.9,233.3,1720,false,off,1.00,false,false,true,1524,225.0,234.1,121324,,38.875137,-77.050034,false,24.53,15,100,good,24.5,done,80,true,true,-31.57,-3.00,-18.00,21.57,true,MANUAL,false,2.00,1.50,,1631,false,,false,off,,3,false,200,25,6,true,-85,1503,12,3975974454,0.9,1631,201,true,230.5,9,94.9,0,38.874596,-77.050880,true,,
2026-08-02T10:23:57.933Z,0.13.3,false,true,16.60,false,false,false,false,false,none,1000,1476,1000,1500,1509,1495,1.9,218.9,1720,false,off,1.00,false,false,true,1524,214.7,223.8,121324,,38.875134,-77.050041,false,24.53,15,100,good,24.5,done,80,true,true,-31.57,-3.00,-18.00,22.57,true,MANUAL,false,2.00,1.50,,1631,false,,false,off,,3,false,200,25,3,true,-77,1503,12,3975974454,1.0,1631,202,true,230.4,9,94.1,0,38.874596,-77.050880,true,,
2026-08-02T10:23:59.033Z,0.13.3,false,true,16.67,false,false,false,false,false,none,1000,1476,1000,1500,1507,1495,2.1,213.0,1720,false,off,1.00,false,false,true,1524,213.2,222.1,121312,,38.875130,-77.050041,false,24.53,15,100,good,24.5,done,80,true,true,-31.57,-3.00,-18.00,23.50,true,MANUAL,false,2.00,1.50,,1631,false,,false,off,,3,false,200,25,2,true,-82,1502,12,3975974454,1.2,1631,203,true,230.8,9,93.8,0,38.874596,-77.050880,true,,
2026-08-02T10:23:59.950Z,0.13.3,false,true,16.63,false,false,false,false,false,none,1000,1476,1000,1500,1421,1495,2.1,213.6,1720,false,off,1.00,false,false,true,1524,215.1,224.0,121312,,38.875126,-77.050041,false,24.53,15,100,good,24.5,done,80,true,true,-31.57,-3.00,-18.00,21.41,true,MANUAL,false,2.00,1.50,,1629,false,,false,off,,3,false,200,25,3,true,-79,1473,12,3975974454,1.2,1633,204,true,231.0,9,93.6,0,38.874596,-77.050880,true,,
2026-08-02T10:24:00.933Z,0.13.3,false,true,16.66,false,false,false,false,false,none,1000,1476,1000,1500,1279,1495,2.0,214.8,1720,false,off,1.00,false,false,true,1524,219.1,228.1,121312,,38.875118,-77.050041,false,24.53,15,100,good,24.5,done,80,true,true,-31.57,-3.00,-18.00,22.55,true,MANUAL,false,2.00,1.50,,1626,false,,false,off,,3,false,200,25,5,true,-75,1424,12,3975974454,1.3,1636,205,true,231.3,9,93.0,0,38.874596,-77.050880,true,,
2026-08-02T10:24:01.967Z,0.13.3,false,true,16.62,false,false,false,false,false,none,1000,1476,1000,1500,1509,1495,1.8,215.7,1720,false,off,1.00,false,false,true,1524,222.6,231.8,121108,,38.875114,-77.050049,false,24.53,15,100,good,24.5,done,80,true,true,-31.57,-3.00,-18.00,24.94,true,MANUAL,false,2.00,1.50,,1631,false,,false,off,,3,false,200,25,7,true,-76,1503,12,3975974454,1.5,1631,206,true,231.3,9,92.3,0,38.874596,-77.050880,true,,
2026-08-02T10:24:02.950Z,0.13.3,false,true,16.63,false,false,false,false,false,none,1000,1476,1000,1500,1509,1495,1.4,214.9,1720,false,off,1.00,false,false,true,1524,219.0,228.6,121320,,38.875111,-77.050056,false,24.53,15,100,good,24.5,done,80,true,true,-31.57,-3.00,-18.00,24.09,true,MANUAL,false,2.00,1.50,,1631,false,,false,off,,3,false,200,25,5,true,-73,1503,12,3975974454,1.5,1631,207,true,231.1,9,91.5,0,38.874596,-77.050880,true,,
2026-08-02T10:24:03.984Z,0.13.3,false,true,16.63,false,false,false,false,false,none,1000,1476,1000,1501,1348,1495,1.2,215.7,1720,false,off,1.00,false,false,true,1524,219.6,229.4,121320,,38.875103,-77.050056,false,24.53,15,100,good,24.5,done,80,true,true,-31.57,-3.00,-18.00,21.09,true,MANUAL,false,2.00,1.50,,1627,false,,false,off,,3,false,200,25,5,true,-76,1448,12,3975974454,1.5,1635,208,true,231.6,9,90.9,0,38.874596,-77.050880,true,,
2026-08-02T10:24:04.967Z,0.13.3,false,true,16.66,false,false,false,false,false,none,1000,1476,1000,1500,1509,1495,1.0,215.9,1720,false,off,1.00,false,false,true,1524,223.1,233.0,121320,,38.875099,-77.050064,false,24.53,15,100,good,24.5,done,80,true,true,-31.57,-3.00,-18.00,23.02,true,MANUAL,false,2.00,1.50,,1631,false,,false,off,,3,false,200,25,5,true,-78,1503,12,3975974454,1.5,1631,209,true,231.5,9,90.2,0,38.874596,-77.050880,true,,
2026-08-02T10:24:05.984Z,0.13.3,false,true,16.64,false,false,false,false,false,none,1000,1476,1000,1500,1509,1495,0.7,216.6,1720,false,off,1.00,false,false,true,1524,222.0,232.3,121324,,38.875092,-77.050072,false,24.53,15,100,good,24.5,done,80,true,true,-31.57,-3.00,-18.00,22.42,true,MANUAL,false,2.00,1.50,,1631,false,,false,off,,3,false,200,25,1,true,-74,1503,12,3975974454,1.5,1631,210,true,231.9,9,89.1,0,38.874596,-77.050880,true,,
2026-08-02T10:24:06.984Z,0.13.3,false,true,16.63,false,false,false,false,false,none,1000,1476,1000,1501,1408,1495,0.2,216.6,1720,false,off,1.00,false,false,true,1524,221.2,232.1,121312,,38.875088,-77.050072,false,24.53,15,100,good,24.5,done,80,true,true,-31.57,-3.00,-18.00,22.88,true,MANUAL,false,2.00,1.50,,1629,false,,false,off,,3,false,200,25,6,true,-81,1468,12,3975974454,1.5,1633,211,true,231.9,9,88.9,0,38.874596,-77.050880,true,,
2026-08-02T10:24:07.984Z,0.13.3,false,true,16.64,false,false,false,false,false,none,1000,1476,1000,1501,1345,1495,0.2,218.9,1720,false,off,1.00,false,false,true,1524,225.2,236.1,121312,,38.875080,-77.050079,false,24.53,15,100,good,24.5,done,80,true,true,-31.57,-3.00,-18.00,22.37,true,MANUAL,false,2.00,1.50,,1627,false,,false,off,,3,false,200,25,1,true,-78,1447,12,3975974454,1.5,1635,212,true,232.0,9,87.8,0,38.874596,-77.050880,true,,
2026-08-02T10:24:09.001Z,0.13.3,false,true,16.63,false,false,false,false,false,none,1000,1476,1000,1500,1509,1495,-0.1,222.1,1720,false,off,1.00,false,false,true,1524,227.1,238.2,121308,,38.875076,-77.050087,false,24.53,15,100,good,24.5,done,80,true,true,-31.57,-3.00,-18.00,22.20,true,MANUAL,false,2.00,1.50,,1631,false,,false,off,,3,false,200,25,1,true,-74,1503,12,3975974454,1.5,1631,213,true,232.2,9,87.0,0,38.874596,-77.050880,true,,
2026-08-02T10:24:10.035Z,0.13.3,false,true,16.65,false,false,false,false,false,none,1000,1476,1000,1500,1509,1495,-0.2,222.8,1720,false,off,1.00,false,false,true,1524,225.1,236.3,121312,,38.875072,-77.050095,false,24.53,15,100,good,24.5,done,80,true,true,-31.57,-3.00,-18.00,22.80,true,MANUAL,false,2.00,1.50,,1631,false,,false,off,,3,false,200,25,3,true,-71,1503,12,3975974454,1.4,1631,214,true,232.1,9,86.2,0,38.874596,-77.050880,true,,
2026-08-02T10:24:11.035Z,0.13.3,false,true,16.66,false,false,false,false,false,none,1000,1476,1000,1500,1509,1495,-0.4,222.9,1720,false,off,1.00,false,false,true,1524,225.9,237.3,121324,,38.875065,-77.050095,false,24.53,15,100,good,24.5,done,80,true,true,-31.57,-3.00,-18.00,23.58,true,MANUAL,false,2.00,1.50,,1631,false,,false,off,,3,false,200,25,3,true,-74,1503,12,3975974454,1.4,1631,215,true,232.7,9,85.7,0,38.874596,-77.050880,true,,
2026-08-02T10:24:12.002Z,0.13.3,false,true,16.62,false,false,false,false,false,none,1000,1476,1000,1500,1509,1495,-0.6,224.1,1720,false,off,1.00,false,false,true,1524,228.0,239.6,121300,,38.875061,-77.050102,false,24.53,15,100,good,24.5,done,80,true,true,-31.57,-3.00,-18.00,23.00,true,MANUAL,false,2.00,1.50,,1631,false,,false,off,,3,false,200,25,7,true,-70,1503,12,3975974454,1.5,1631,216,true,232.5,9,84.9,0,38.874596,-77.050880,true,,
2026-08-02T10:24:13.002Z,0.13.3,false,true,16.61,false,false,false,false,false,none,1000,1476,1000,1500,1509,1495,-0.8,225.8,1720,false,off,1.00,false,false,true,1524,230.8,242.7,121284,,38.875057,-77.050110,false,24.53,15,100,good,24.5,done,80,true,true,-31.57,-3.00,-18.00,22.85,true,MANUAL,false,2.00,1.50,,1631,false,,false,off,,3,false,200,25,7,true,-65,1503,12,3975974454,1.5,1631,217,true,232.3,9,84.2,0,38.874596,-77.050880,true,,
2026-08-02T10:24:14.019Z,0.13.3,false,true,16.67,false,false,false,false,false,none,1000,1476,1000,1500,1509,1495,-1.1,228.5,1660,false,off,1.00,false,false,true,1524,234.3,246.5,121304,,38.875053,-77.050117,false,24.53,15,100,good,24.5,done,80,true,true,-31.57,-3.00,-18.00,22.17,true,MANUAL,false,2.00,1.50,,1631,false,,false,off,,3,false,200,25,6,true,-68,1503,12,3975974454,1.5,1631,218,true,232.4,9,83.4,0,38.874596,-77.050880,true,,
2026-08-02T10:24:15.019Z,0.13.3,false,true,16.66,false,false,false,false,false,none,1000,1476,1000,1500,1509,1495,-1.5,231.7,1660,false,off,1.00,false,false,true,1524,237.5,250.0,121296,,38.875050,-77.050125,false,24.53,15,100,good,24.5,done,80,true,true,-31.57,-3.00,-18.00,22.99,true,MANUAL,false,2.00,1.50,,1631,false,,false,off,,3,false,200,25,2,true,-67,1503,12,3975974454,1.5,1631,219,true,232.3,9,82.6,0,38.874596,-77.050880,true,,
2026-08-02T10:24:16.002Z,0.13.3,false,true,16.62,false,false,false,false,false,none,1000,1476,1000,1500,1509,1495,-1.7,238.0,1660,false,off,1.00,false,false,true,1524,242.1,254.8,121320,,38.875046,-77.050125,false,24.53,15,100,good,24.5,done,80,true,true,-31.57,-3.00,-18.00,22.88,true,MANUAL,false,2.00,1.50,,1631,false,,false,off,,3,false,200,25,3,true,-70,1503,12,3975974454,1.5,1631,220,true,232.6,9,82.3,0,38.874596,-77.050880,true,,
2026-08-02T10:24:17.019Z,0.13.3,false,true,16.62,false,false,false,false,false,none,1000,1476,1000,1500,1204,1495,-2.0,241.5,1660,false,off,1.00,false,false,true,1524,247.6,260.6,121292,,38.875042,-77.050133,false,24.53,15,100,good,24.5,done,80,true,true,-31.57,-3.00,-18.00,22.20,true,MANUAL,false,2.00,1.50,,1624,false,,false,off,,3,false,200,25,7,true,-79,1399,12,3975974454,1.4,1638,221,true,232.5,9,81.6,0,38.874596,-77.050880,true,,
2026-08-02T10:24:18.019Z,0.13.3,false,true,16.61,false,false,false,false,false,none,1000,1476,1000,1500,1180,1495,-2.5,245.2,1660,false,off,1.00,false,false,true,1524,255.6,269.1,121308,,38.875042,-77.050140,false,24.53,15,100,good,24.5,done,80,true,true,-31.57,-3.00,-18.00,25.24,true,MANUAL,false,2.00,1.50,,1623,false,,false,off,,3,false,200,25,1,true,-77,1391,12,3975974454,1.4,1639,222,true,232.2,9,81.0,0,38.874596,-77.050880,true,,
2026-08-02T10:24:19.019Z,0.13.3,false,true,16.63,false,false,false,false,false,none,1000,1476,1000,1500,1509,1495,-2.5,247.6,1660,false,off,1.00,false,false,true,1524,252.2,265.7,121308,,38.875038,-77.050148,false,24.53,15,100,good,24.5,done,80,true,true,-31.57,-3.00,-18.00,25.46,true,MANUAL,false,2.00,1.50,,1631,false,,false,off,,3,false,200,25,2,true,-77,1503,12,3975974454,1.4,1631,223,true,232.1,9,80.3,0,38.874596,-77.050880,true,,
2026-08-02T10:24:20.053Z,0.13.3,false,true,16.67,false,false,false,false,false,none,1000,1476,1000,1500,1466,1495,-2.5,244.6,1660,false,off,1.00,false,false,true,1524,240.8,254.3,121320,,38.875034,-77.050156,false,24.53,15,100,good,24.5,done,80,true,true,-31.57,-3.00,-18.00,23.95,true,MANUAL,false,2.00,1.50,,1631,false,,false,off,,3,false,200,25,5,true,-81,1488,12,3975974454,1.3,1631,224,true,232.1,9,79.5,0,38.874596,-77.050880,true,,
2026-08-02T10:24:21.053Z,0.13.3,false,true,16.63,false,false,false,false,false,none,1000,1476,1000,1500,1339,1495,-2.3,241.8,1660,false,off,1.00,false,false,true,1524,238.3,251.6,121304,,38.875034,-77.050163,false,24.53,15,100,good,24.5,done,80,true,true,-31.57,-3.00,-18.00,22.84,true,MANUAL,false,2.00,1.50,,1627,false,,false,off,,3,false,200,25,5,true,-85,1445,12,3975974454,1.3,1635,225,true,231.8,9,79.0,0,38.874596,-77.050880,true,,
2026-08-02T10:24:22.086Z,0.13.3,false,true,16.62,false,false,false,false,false,none,1000,1476,1000,1500,1260,1495,-2.3,237.7,1660,false,off,1.00,false,false,true,1524,242.3,255.7,121320,,38.875031,-77.050171,false,24.53,15,100,good,24.5,done,80,true,true,-31.57,-3.00,-18.00,23.98,true,MANUAL,false,2.00,1.50,,1625,false,,false,off,,3,false,200,25,4,true,-88,1418,12,3975974454,1.4,1637,226,true,232.0,9,78.2,0,38.874596,-77.050880,true,,
2026-08-02T10:24:23.070Z,0.13.3,false,true,16.62,false,false,false,false,false,none,1000,1476,1000,1501,1493,1495,-2.6,237.6,1660,false,off,1.00,false,false,true,1524,241.5,255.0,121312,,38.875027,-77.050179,false,24.53,15,100,good,24.5,done,80,true,true,-31.57,-3.00,-18.00,23.54,true,MANUAL,false,2.00,1.50,,1631,false,,false,off,,3,false,200,25,1,true,-83,1497,12,3975974454,1.4,1631,227,true,231.7,9,77.4,0,38.874596,-77.050880,true,,
2026-08-02T10:24:24.103Z,0.13.3,false,true,16.64,false,false,false,false,false,none,1000,1476,1000,1500,1334,1495,-2.6,235.1,1660,false,off,1.00,false,false,true,1524,235.0,248.6,121304,,38.875023,-77.050186,false,24.53,15,100,good,24.5,done,80,true,true,-31.57,-3.00,-18.00,19.66,true,MANUAL,false,2.00,1.50,,1627,false,,false,off,,3,false,200,25,2,true,-89,1443,12,3975974454,1.4,1635,228,true,231.7,9,76.6,0,38.874596,-77.050880,true,,
2026-08-02T10:24:25.087Z,0.13.3,false,true,16.67,false,false,false,false,false,none,1000,1476,1000,1500,1460,1495,-2.7,229.6,1660,false,off,1.00,false,false,true,1524,231.7,245.4,121312,,38.875019,-77.050194,false,24.53,15,100,good,24.5,done,80,true,true,-31.57,-3.00,-18.00,22.19,true,MANUAL,false,2.00,1.50,,1630,false,,false,off,,3,false,200,25,4,true,-89,1486,12,3975974454,1.4,1632,229,true,231.7,9,75.8,0,38.874596,-77.050880,true,,
2026-08-02T10:24:26.104Z,0.13.3,false,true,16.60,false,false,false,false,false,none,1000,1476,1000,1500,1378,1495,-2.7,226.8,1660,false,off,1.00,false,false,true,1524,227.2,240.9,121312,,38.875011,-77.050194,false,24.53,15,100,good,24.5,done,80,true,true,-31.57,-3.00,-18.00,24.38,true,MANUAL,false,2.00,1.50,,1628,false,,false,off,,3,false,200,25,6,true,-83,1458,12,3975974454,1.4,1634,230,true,232.3,9,75.3,0,38.874596,-77.050880,true,,
2026-08-02T10:24:27.087Z,0.13.3,false,true,16.63,false,false,false,false,false,none,1000,1476,1000,1500,1363,1495,-2.8,225.8,1660,false,off,1.00,false,false,true,1524,225.9,239.7,121320,,38.875008,-77.050201,false,24.53,15,100,good,24.5,done,80,true,true,-31.57,-3.00,-18.00,23.28,true,MANUAL,false,2.00,1.50,,1628,false,,false,off,,3,false,200,25,6,true,-88,1453,12,3975974454,1.4,1634,231,true,232.0,9,74.5,0,38.874596,-77.050880,true,,
2026-08-02T10:24:28.087Z,0.13.3,false,true,16.65,false,false,false,false,false,none,1000,1476,1000,1504,1509,1495,-2.9,223.9,1660,false,off,1.00,false,false,true,1524,226.2,240.1,121320,,38.875004,-77.050209,false,24.53,15,100,good,24.5,done,80,true,true,-31.57,-3.00,-18.00,21.90,true,MANUAL,false,2.00,1.50,,1631,false,,false,off,,3,false,200,25,3,true,-79,1503,12,3975974454,1.5,1631,232,true,231.9,9,73.7,0,38.874596,-77.050880,true,,
2026-08-02T10:24:29.138Z,0.13.3,false,true,16.62,false,false,false,false,false,none,1000,1476,1000,1500,1509,1495,-2.9,223.7,1660,false,off,1.00,false,false,true,1524,224.5,238.4,121296,,38.874996,-77.050217,false,24.53,15,100,good,24.5,done,80,true,true,-31.57,-3.00,-18.00,22.15,true,MANUAL,false,2.00,1.50,,1631,false,,false,off,,3,false,200,25,7,true,-75,1503,12,3975974454,1.5,1631,234,true,232.3,9,72.7,0,38.874596,-77.050880,true,,
2026-08-02T10:24:31.121Z,0.13.3,false,true,16.62,false,false,false,false,false,none,1000,1476,1000,1500,1396,1495,-3.1,223.0,1660,false,off,1.00,false,false,true,1524,226.0,240.1,121296,,38.874989,-77.050224,false,24.53,15,100,good,24.5,done,80,true,true,-31.57,-3.00,-18.00,23.61,true,MANUAL,false,2.00,1.50,,1629,false,,false,off,,3,false,200,25,1,true,-86,1464,12,3975974454,1.5,1633,235,true,232.4,9,71.7,0,38.874596,-77.050880,true,,
2026-08-02T10:24:32.205Z,0.13.3,false,true,16.62,false,false,false,false,false,none,1000,1476,1000,1500,1376,1547,-3.3,225.2,1660,false,off,1.00,false,false,true,1524,228.8,243.0,121296,,38.874981,-77.050232,false,24.53,15,100,good,24.5,done,80,true,true,-31.57,-3.00,-18.00,22.52,true,MANUAL,false,2.00,1.50,,1646,false,,false,off,,3,false,200,25,8,true,-88,1458,12,3975974454,1.5,1652,237,true,232.6,9,70.6,0,38.874596,-77.050880,true,,
2026-08-02T10:24:33.155Z,0.13.3,false,true,16.52,false,false,false,false,false,none,1000,1476,1000,1500,1372,1547,-3.5,227.5,1660,false,off,1.00,false,false,true,1524,231.2,245.7,121088,,38.874969,-77.050247,false,24.53,15,100,good,24.5,done,80,true,true,-31.57,-3.00,-18.00,22.59,true,MANUAL,false,2.00,1.50,,1646,false,,false,off,,3,false,200,25,6,true,-80,1456,12,3975974454,1.8,1652,238,true,232.7,9,68.8,0,38.874596,-77.050880,true,,
2026-08-02T10:24:34.155Z,0.13.3,false,true,16.64,false,false,false,false,false,none,1000,1476,1000,1501,1416,1547,-3.6,227.5,1660,false,off,1.00,false,false,true,1524,230.9,245.6,121296,,38.874969,-77.050247,false,24.53,15,100,good,24.5,done,80,true,true,-31.57,-3.00,-18.00,23.54,true,MANUAL,false,2.00,1.50,,1647,false,,false,off,,3,false,200,25,7,true,-83,1471,12,3975974454,1.8,1651,239,true,232.7,9,68.8,0,38.874596,-77.050880,true,,
2026-08-02T10:24:35.122Z,0.13.3,false,true,16.59,false,false,false,false,false,none,1000,1476,1000,1500,1509,1547,-3.7,227.1,1660,false,off,1.00,false,false,true,1524,228.4,243.1,121296,,38.874966,-77.050255,false,24.53,15,100,good,24.5,done,80,true,true,-31.57,-3.00,-18.00,23.50,true,MANUAL,false,2.00,1.50,,1649,false,,false,off,,3,false,200,25,1,true,-82,1503,12,3975974454,1.9,1649,240,true,232.9,9,68.0,0,38.874596,-77.050880,true,,
2026-08-02T10:24:37.156Z,0.13.3,false,true,16.52,false,false,false,false,false,none,1000,1476,1000,1500,1359,1547,-3.9,227.7,1660,false,off,1.00,false,false,true,1524,228.9,243.8,121320,,38.874947,-77.050285,false,24.53,15,100,good,24.5,done,80,true,true,-31.57,-3.00,-18.00,23.24,true,MANUAL,false,2.00,1.50,,1645,false,,false,off,,3,false,200,25,2,true,-88,1452,12,3975974454,2.1,1653,242,true,232.7,9,64.6,0,38.874596,-77.050880,true,,
2026-08-02T10:24:38.122Z,0.13.3,false,true,16.57,false,false,false,false,false,none,1000,1476,1000,1501,1509,1547,-4.0,227.7,1660,false,off,1.00,false,false,true,1524,230.3,245.4,121320,,38.874947,-77.050285,false,24.53,15,100,good,24.5,done,80,true,true,-31.57,-3.00,-18.00,23.17,true,MANUAL,false,2.00,1.50,,1649,false,,false,off,,3,false,200,25,2,true,-81,1503,12,3975974454,2.1,1649,243,true,232.7,9,64.6,0,38.874596,-77.050880,true,,
2026-08-02T10:24:40.239Z,0.13.3,false,true,16.52,false,false,false,false,false,none,1000,1476,1000,1500,1508,1547,-4.0,228.4,1660,false,off,1.00,false,false,true,1524,225.6,240.6,121320,,38.874928,-77.050308,false,24.53,15,100,good,24.5,done,80,true,true,-31.57,-3.00,-18.00,22.17,true,MANUAL,false,2.00,1.50,,1649,false,,false,off,,3,false,200,25,5,true,-82,1502,12,3975974454,2.0,1649,245,true,233.5,9,61.8,0,38.874596,-77.050880,true,,
2026-08-02T10:24:41.189Z,0.13.3,false,true,16.63,false,false,false,false,false,none,1000,1476,1000,1500,1242,1547,-4.1,230.3,1660,false,off,1.00,false,false,true,1524,232.2,247.2,121316,,38.874920,-77.050316,false,24.53,15,100,good,24.5,done,80,true,true,-31.57,-3.00,-18.00,21.16,true,MANUAL,false,2.00,1.50,,1642,false,,false,off,,3,false,200,25,7,true,-83,1412,12,3975974454,2.0,1656,246,true,233.4,9,60.7,0,38.874596,-77.050880,true,,
2026-08-02T10:24:42.190Z,0.13.3,false,true,16.56,false,false,false,false,false,none,1000,1476,1000,1501,1509,1547,-4.2,226.4,1660,false,off,1.00,false,false,true,1524,231.7,246.9,121316,,38.874916,-77.050331,false,24.53,15,100,good,24.5,done,80,true,true,-31.57,-3.00,-18.00,23.74,true,MANUAL,false,2.00,1.50,,1649,false,,false,off,,3,false,200,25,7,true,-82,1503,12,3975974454,2.0,1649,247,true,233.0,9,59.4,0,38.874596,-77.050880,true,,
2026-08-02T10:24:43.156Z,0.13.3,false,true,16.60,false,false,false,false,false,none,1000,1476,1000,1500,1349,1547,-4.2,227.7,1660,false,off,1.00,false,false,true,1524,226.4,241.6,121316,,38.874908,-77.050339,false,24.53,15,100,good,24.5,done,80,true,true,-31.57,-3.00,-18.00,23.93,true,MANUAL,false,2.00,1.50,,1645,false,,false,off,,3,false,200,25,6,true,-85,1448,12,3975974454,2.0,1653,248,true,233.5,9,58.4,0,38.874596,-77.050880,true,,
2026-08-02T10:24:44.190Z,0.13.3,false,true,16.59,false,false,false,false,false,none,1000,1476,1000,1500,1509,1547,-4.2,229.2,1660,false,off,1.00,false,false,true,1524,228.3,243.5,121320,,38.874901,-77.050346,false,24.53,15,100,good,24.5,done,80,true,true,-31.57,-3.00,-18.00,25.24,true,MANUAL,false,2.00,1.50,,1649,false,,false,off,,3,false,200,25,6,true,-81,1503,12,3975974454,2.0,1649,249,true,233.8,9,57.3,0,38.874596,-77.050880,true,,
2026-08-02T10:24:45.223Z,0.13.3,false,true,16.58,false,false,false,false,false,none,1000,1476,1000,1500,1509,1547,-4.2,228.0,1660,false,off,1.00,false,false,true,1524,226.5,241.7,121292,,38.874897,-77.050354,false,24.53,15,100,good,24.5,done,80,true,true,-31.57,-3.00,-18.00,22.23,true,MANUAL,false,2.00,1.50,,1649,false,,false,off,,3,false,200,25,1,true,-85,1503,12,3975974454,2.0,1649,250,true,233.7,9,56.6,0,38.874596,-77.050880,true,,
2026-08-02T10:24:46.207Z,0.13.3,false,true,16.60,false,false,false,false,false,none,1000,1476,1000,1500,1509,1547,-4.3,230.8,1660,false,off,1.00,false,false,true,1524,229.0,244.3,121316,,38.874889,-77.050362,false,24.53,15,100,good,24.5,done,80,true,true,-31.57,-3.00,-18.00,19.29,true,MANUAL,false,2.00,1.50,,1649,false,,false,off,,3,false,200,25,4,true,-83,1503,12,3975974454,2.1,1649,251,true,234.0,9,55.5,0,38.874596,-77.050880,true,,
2026-08-02T10:24:48.218Z,0.13.3,,,16.58,,,,,false,,,,,,,,,232.9,,,,,false,,true,,240.3,,,,38.874886,-77.050377,,,,,,,,,,,,,,,,MANUAL,,,,,1644,false,,,,,,,,,,,-83,1438,12,,2.0,,252,true,,9,54.2,0,38.874596,-77.050880,true,,
2026-08-02T10:24:49.218Z,0.13.3,,,16.59,,,,,false,,,,,,,,,238.5,,,,,false,,true,,240.5,,,,38.874878,-77.050385,,,,,,,,,,,,,,,,MANUAL,,,,,1649,false,,,,,,,,,,,-86,1503,12,,2.0,,253,true,,9,53.2,0,38.874596,-77.050880,true,,
2026-08-02T10:24:50.218Z,0.13.3,,,16.54,,,,,false,,,,,,,,,236.8,,,,,false,,true,,234.0,,,,38.874874,-77.050392,,,,,,,,,,,,,,,,MANUAL,,,,,1648,false,,,,,,,,,,,-88,1480,12,,2.0,,254,true,,9,52.4,0,38.874596,-77.050880,true,,
2026-08-02T10:24:50.341Z,0.13.3,false,true,16.56,false,false,false,false,false,none,1000,1476,1000,1500,1364,1547,-4.6,237.5,1660,false,off,1.00,false,false,true,1524,233.3,248.9,121320,,38.874870,-77.050400,false,24.53,15,100,good,24.5,done,80,true,true,-31.57,-3.00,-18.00,24.94,true,MANUAL,false,2.00,1.50,t1 n0,1645,false,,false,off,,3,false,200,25,5,true,-85,1453,12,3975974454,2.0,1653,255,true,233.7,9,51.6,0,38.874596,-77.050880,true,,
2026-08-02T10:24:51.308Z,0.13.3,false,true,16.56,false,false,false,false,false,none,1000,1476,1000,1501,1300,1547,-4.5,238.3,1660,false,off,1.00,false,false,true,1524,237.0,252.6,121148,,38.874866,-77.050415,false,24.53,15,100,good,24.5,done,80,true,true,-31.57,-3.00,-18.00,23.04,true,MANUAL,false,2.00,1.50,,1643,false,,false,off,,3,false,200,25,0,true,-82,1432,12,3975974454,2.0,1655,256,true,233.5,9,50.3,0,38.874596,-77.050880,true,,
2026-08-02T10:24:52.274Z,0.13.3,false,true,16.57,false,false,false,false,false,none,1000,1476,1000,1501,1409,1547,-4.5,237.5,1660,false,off,1.00,false,false,true,1524,239.8,255.4,121144,,38.874859,-77.050423,false,24.53,15,100,good,24.5,done,80,true,true,-31.57,-3.00,-18.00,24.21,true,MANUAL,false,2.00,1.50,,1647,false,,false,off,,3,false,200,25,6,true,-88,1469,12,3975974454,2.0,1651,257,true,233.8,9,49.3,0,38.874596,-77.050880,true,,
2026-08-02T10:24:54.891Z,0.13.3,false,true,16.57,false,false,false,false,false,none,1000,1476,1000,1500,1509,1547,-4.5,235.1,1660,false,off,1.00,false,false,true,1524,235.6,251.2,121128,,38.874855,-77.050430,false,24.53,15,100,good,24.5,done,80,true,true,-31.57,-3.00,-18.00,26.14,true,MANUAL,false,2.00,1.50,,1649,false,,false,off,,3,false,200,25,6,true,-84,1503,12,3975974454,2.0,1649,258,true,233.5,9,48.5,0,38.874596,-77.050880,true,,
2026-08-02T10:24:55.025Z,0.13.3,false,true,16.61,false,false,false,false,false,none,1000,1476,1000,1500,1509,1547,-4.2,235.0,1660,false,off,1.00,false,false,true,1524,232.1,247.3,121132,,38.874851,-77.050446,false,24.53,15,100,good,24.5,done,80,true,true,-31.57,-3.00,-18.00,21.96,true,MANUAL,false,2.00,1.50,,1649,false,,false,off,,3,false,200,25,3,true,-88,1503,12,3975974454,2.0,1649,259,true,232.7,9,47.2,0,38.874596,-77.050880,true,,
2026-08-02T10:24:55.991Z,0.13.3,false,true,16.55,false,false,false,false,false,none,1000,1476,1000,1502,1509,1547,-4.2,235.9,1660,false,off,1.00,false,false,true,1524,235.3,250.5,121116,,38.874844,-77.050453,false,24.53,15,100,good,24.5,done,80,true,true,-31.57,-3.00,-18.00,21.89,true,MANUAL,false,2.00,1.50,,1649,false,,false,off,,3,false,200,25,5,true,-84,1503,12,3975974454,2.0,1649,260,true,233.3,9,46.1,0,38.874596,-77.050880,true,,
2026-08-02T10:24:57.009Z,0.13.3,false,true,16.58,false,false,false,false,false,none,1000,1476,1000,1500,1400,1547,-4.2,238.4,1660,false,off,1.00,false,false,true,1524,239.7,255.0,121116,,38.874840,-77.050461,false,24.53,15,100,good,24.5,done,80,true,true,-31.57,-3.00,-18.00,22.00,true,MANUAL,false,2.00,1.50,,1646,false,,false,off,,3,false,200,25,6,true,-82,1466,12,3975974454,2.0,1652,261,true,232.8,9,45.3,0,38.874596,-77.050880,true,,
2026-08-02T10:24:58.042Z,0.13.3,false,true,16.58,false,false,false,false,false,none,1000,1476,1000,1500,1000,1547,-4.2,243.7,1660,false,off,1.00,false,false,true,1524,250.5,265.8,121148,,38.874836,-77.050476,false,24.53,15,100,good,24.5,done,80,true,true,-31.57,-3.00,-18.00,24.51,true,MANUAL,false,2.00,1.50,,1634,false,,false,off,,3,false,200,25,1,true,-81,1330,12,3975974454,2.0,1664,262,true,232.6,9,44.0,0,38.874596,-77.050880,true,,
2026-08-02T10:24:59.009Z,0.13.3,false,true,16.57,false,false,false,false,false,none,1000,1476,1000,1500,1508,1547,-4.3,246.3,1660,false,off,1.00,false,false,true,1524,246.8,262.1,121156,,38.874832,-77.050484,false,24.53,15,100,good,24.5,done,80,true,true,-31.57,-3.00,-18.00,25.83,true,MANUAL,false,2.00,1.50,,1649,false,,false,off,,3,false,200,25,2,true,-73,1502,12,3975974454,1.9,1649,263,true,232.7,9,43.3,0,38.874596,-77.050880,true,,
2026-08-02T10:25:00.026Z,0.13.3,false,true,16.55,false,false,false,false,false,none,1000,1476,1000,1500,1501,1547,-4.1,239.5,1660,false,off,1.00,false,false,true,1524,236.4,251.5,121136,,38.874828,-77.050491,false,24.53,15,100,good,24.5,done,80,true,true,-31.57,-3.00,-18.00,24.27,true,MANUAL,false,2.00,1.50,,1649,false,,false,off,,3,false,200,25,4,true,-78,1500,12,3975974454,1.8,1649,264,true,232.7,9,42.5,0,38.874596,-77.050880,true,,
2026-08-02T10:25:01.026Z,0.13.3,false,true,16.58,false,false,false,false,false,none,1000,1476,1000,1500,1500,1547,-3.9,237.7,1660,false,off,1.00,false,false,true,1524,234.6,249.5,121148,,38.874825,-77.050507,false,24.53,15,100,good,24.5,done,80,true,true,-31.57,-3.00,-18.00,22.86,true,MANUAL,false,2.00,1.50,,1649,false,,false,off,,3,false,200,25,0,true,-82,1500,12,3975974454,1.9,1649,265,true,231.6,9,41.2,0,38.874596,-77.050880,true,,
2026-08-02T10:25:03.893Z,0.13.3,false,true,16.62,false,false,false,false,false,none,1000,1476,1000,1500,1500,1547,-3.8,240.1,1660,false,off,1.00,false,false,true,1524,237.6,252.5,121148,,38.874821,-77.050514,false,24.53,15,100,good,24.5,done,80,true,true,-31.57,-3.00,-18.00,21.10,true,MANUAL,false,2.00,1.50,,1649,false,,false,off,,3,false,200,25,3,true,-84,1500,12,3975974454,2.0,1649,266,true,231.9,9,40.4,0,38.874596,-77.050880,true,,
2026-08-02T10:25:03.976Z,0.13.3,false,true,16.59,false,false,false,false,false,none,1000,1476,1000,1500,1131,1547,-3.7,246.3,1660,false,off,1.00,false,false,true,1524,246.2,261.0,121124,,38.874813,-77.050537,false,24.53,15,100,good,24.5,done,80,true,true,-31.57,-3.00,-18.00,19.77,true,MANUAL,false,2.00,1.50,,1638,false,,false,off,,3,false,200,25,5,true,-77,1374,12,3975974454,2.0,1660,268,true,230.7,9,38.3,0,38.874596,-77.050880,true,,
2026-08-02T10:25:05.010Z,0.13.3,false,true,16.60,false,false,false,false,false,none,1000,1476,1000,1500,1042,1547,-4.0,250.4,1660,false,off,1.00,false,false,true,1524,256.1,271.2,121148,,38.874809,-77.050545,false,24.53,15,100,good,24.5,done,80,true,true,-31.57,-3.00,-18.00,27.68,true,MANUAL,false,2.00,1.50,,1636,false,,false,off,,3,false,200,25,2,true,-85,1344,12,3975974454,2.1,1662,269,true,230.3,9,37.5,0,38.874596,-77.050880,true,,
2026-08-02T10:25:06.093Z,0.13.3,false,true,16.53,false,false,false,false,false,none,1000,1476,1000,1501,1413,1547,-4.0,251.7,1660,false,off,1.00,false,false,true,1524,249.3,264.3,121128,,38.874809,-77.050560,false,24.53,15,100,good,24.5,done,80,true,true,-31.57,-3.00,-18.00,26.73,true,MANUAL,false,2.00,1.50,,1647,false,,false,off,,3,false,200,25,1,true,-91,1470,12,3975974454,1.8,1651,270,true,229.0,9,36.5,0,38.874596,-77.050880,true,,
2026-08-02T10:25:07.693Z,0.13.3,false,true,16.58,false,false,false,false,false,none,1000,1476,1000,1500,1338,1547,-3.7,234.0,1660,false,off,1.00,false,false,true,1524,233.6,248.3,121144,,38.874802,-77.050575,false,24.53,15,100,good,24.5,done,80,true,true,-31.57,-3.00,-18.00,22.87,true,MANUAL,false,2.00,1.50,,1644,false,,false,off,,3,false,200,25,4,true,-83,1444,12,3975974454,1.7,1654,272,true,229.5,9,35.0,0,38.874596,-77.050880,true,,
2026-08-02T10:25:10.894Z,0.13.3,false,true,16.58,false,false,false,false,false,none,1000,1476,1000,1501,1367,1547,-3.5,228.4,1660,false,off,1.00,false,false,true,1524,228.1,242.5,121140,,38.874794,-77.050583,false,24.53,15,100,good,24.5,done,80,true,true,-31.57,-3.00,-18.00,22.42,true,MANUAL,false,2.00,1.50,,1645,false,,false,off,,3,false,200,25,5,true,-83,1454,12,3975974454,1.8,1653,273,true,229.5,9,33.9,0,38.874596,-77.050880,true,,
2026-08-02T10:25:10.961Z,0.13.3,false,true,16.59,false,false,false,false,false,none,1000,1476,1000,1500,1491,1547,-3.5,218.2,1660,false,off,1.00,false,false,true,1524,217.2,231.7,121124,,38.874783,-77.050598,false,24.53,15,100,good,24.5,done,80,true,true,-31.57,-3.00,-18.00,24.13,true,MANUAL,false,2.00,1.50,,1649,false,,false,off,,3,false,200,25,7,true,-82,1496,12,3975974454,1.9,1649,275,true,229.7,9,32.1,0,38.874596,-77.050880,true,,
2026-08-02T10:25:12.027Z,0.13.3,false,true,16.64,false,false,false,false,false,none,1000,1476,1000,1500,1492,1547,-3.4,216.8,1660,false,off,1.00,false,false,true,1524,216.0,230.4,121116,,38.874775,-77.050606,false,24.53,15,100,good,24.5,done,80,true,true,-31.57,-3.00,-18.00,21.54,true,MANUAL,false,2.00,1.50,,1649,false,,false,off,,3,false,200,25,9,true,-88,1497,12,3975974454,1.9,1649,276,true,229.8,9,31.0,0,38.874596,-77.050880,true,,
2026-08-02T10:25:14.912Z,0.13.3,false,true,16.52,false,false,false,false,false,none,1000,1476,1000,1500,1490,1547,-3.4,216.4,1660,false,off,1.00,false,false,true,1524,216.9,231.3,121136,,38.874767,-77.050606,false,24.53,15,100,good,24.5,done,80,true,true,-31.57,-3.00,-18.00,23.00,true,MANUAL,false,2.00,1.50,,1649,false,,false,off,,3,false,200,25,6,true,-90,1496,12,3975974454,2.0,1649,278,true,232.0,9,30.5,0,38.874596,-77.050880,true,,
2026-08-02T10:25:15.061Z,0.13.3,false,true,16.43,false,false,false,false,false,none,1000,1476,2000,1500,1493,1547,-3.5,222.4,1660,false,off,1.00,false,false,true,1524,222.0,236.4,120928,,38.874752,-77.050629,false,24.53,15,100,good,24.5,done,80,true,true,-31.57,-3.00,-18.00,23.04,true,AUTO,false,2.00,1.50,,1636,false,,false,off,,3,false,200,25,0,true,-92,1513,12,3975974454,2.0,1684,279,true,231.3,9,27.9,0,38.874596,-77.050880,true,38.874760,-77.050621
2026-08-02T10:25:17.912Z,0.13.3,false,true,16.54,false,false,false,false,false,none,1000,1476,2000,1500,1493,1547,-3.5,227.2,1660,false,off,1.00,false,false,true,1524,228.6,243.1,121144,,38.874744,-77.050636,false,24.53,15,100,good,24.5,done,80,true,true,-31.57,-3.00,-18.00,21.32,true,AUTO,false,2.00,1.50,,1665,false,,false,off,,3,false,200,25,4,true,-86,1500,12,3975974454,2.2,1655,280,true,231.7,9,26.8,0,38.874596,-77.050880,true,38.874760,-77.050621
2026-08-02T10:25:18.629Z,0.13.3,false,true,16.52,false,false,false,false,false,none,1000,1476,2000,1500,1493,1547,-3.6,251.2,1660,false,off,1.00,false,false,true,1524,252.7,267.3,121104,,38.874733,-77.050674,false,24.53,15,100,good,24.5,done,80,true,true,-31.57,-3.00,-18.00,25.82,true,AUTO,false,2.00,1.50,,1621,false,,false,off,,3,false,200,25,6,true,-84,1449,12,3975974454,2.3,1699,283,true,229.2,9,23.5,0,38.874596,-77.050880,true,38.874760,-77.050621
2026-08-02T10:25:20.954Z,0.13.3,,,16.60,,,,,false,,,,,,,,,253.2,,,,,false,,true,,255.0,,,,38.874729,-77.050690,,,,,,,,,,,,,,,,AUTO,,,,,1634,false,,,,,,,,,,,-87,1465,12,,2.4,,284,true,,9,22.2,0,38.874596,-77.050880,true,,
2026-08-02T10:25:21.956Z,0.13.3,,,16.46,,,,,false,,,,,,,,,250.3,,,,,false,,true,,247.4,,,,38.874725,-77.050697,,,,,,,,,,,,,,,,AUTO,,,,,1606,false,,,,,,,,,,,-90,1479,12,,2.4,,285,true,,9,21.4,0,38.874596,-77.050880,true,,
2026-08-02T10:25:22.956Z,0.13.3,,,16.58,,,,,false,,,,,,,,,247.5,,,,,false,,true,,243.1,,,,38.874721,-77.050713,,,,,,,,,,,,,,,,AUTO,,,,,1639,false,,,,,,,,,,,-88,1478,12,,2.4,,286,true,,9,20.2,0,38.874596,-77.050880,true,,
2026-08-02T10:25:23.956Z,0.13.3,,,16.49,,,,,false,,,,,,,,,246.3,,,,,false,,true,,243.9,,,,38.874718,-77.050728,,,,,,,,,,,,,,,,AUTO,,,,,1612,false,,,,,,,,,,,-89,1473,12,,2.4,,287,true,,9,18.9,0,38.874596,-77.050880,true,,
2026-08-02T10:25:24.956Z,0.13.3,,,16.58,,,,,false,,,,,,,,,245.5,,,,,false,,true,,245.2,,,,38.874714,-77.050743,,,,,,,,,,,,,,,,AUTO,,,,,1634,false,,,,,,,,,,,-89,1463,12,,2.4,,288,true,,9,17.7,0,38.874596,-77.050880,true,,
2026-08-02T10:25:25.957Z,0.13.3,,,16.45,,,,,false,,,,,,,,,240.8,,,,,false,,true,,239.8,,,,38.874706,-77.050751,,,,,,,,,,,,,,,,AUTO,,,,,1665,false,,,,,,,,,,,-89,1483,12,,2.4,,289,true,,9,16.7,0,38.874596,-77.050880,true,,
2026-08-02T10:25:26.066Z,0.13.3,false,true,16.59,false,false,false,false,false,none,1000,1476,2000,1500,1493,1547,-3.3,238.0,1660,false,off,1.00,false,false,true,1524,235.2,249.6,121124,,38.874699,-77.050766,false,24.53,15,100,good,24.5,done,80,true,true,-31.57,-3.00,-18.00,22.24,true,AUTO,false,2.00,1.50,t2 n0,1580,false,,false,off,,3,false,200,25,3,true,-90,1482,12,3975974454,2.3,1740,290,true,220.5,9,15.1,0,38.874596,-77.050880,true,38.874760,-77.050621
2026-08-02T10:25:27.957Z,0.13.3,,,16.48,,,,,false,,,,,,,,,236.3,,,,,false,,true,,237.8,,,,38.874695,-77.050774,,,,,,,,,,,,,,,,AUTO,,,,,1620,false,,,,,,,,,,,-88,1460,12,,2.3,,291,true,,9,14.4,0,38.874596,-77.050880,true,,
2026-08-02T10:25:28.957Z,0.13.3,,,16.58,,,,,false,,,,,,,,,236.8,,,,,false,,true,,238.3,,,,38.874687,-77.050789,,,,,,,,,,,,,,,,AUTO,,,,,1626,false,,,,,,,,,,,-91,1479,12,,2.3,,292,true,,9,12.9,0,38.874596,-77.050880,true,,
2026-08-02T10:25:29.959Z,0.13.3,,,16.39,,,,,false,,,,,,,,,239.3,,,,,false,,true,,240.2,,,,38.874683,-77.050797,,,,,,,,,,,,,,,,AUTO,,,,,1647,false,,,,,,,,,,,-91,1466,12,,2.4,,293,true,,9,12.2,0,38.874596,-77.050880,true,,
2026-08-02T10:25:30.959Z,0.13.3,,,16.60,,,,,false,,,,,,,,,238.1,,,,,false,,true,,239.2,,,,38.874676,-77.050812,,,,,,,,,,,,,,,,AUTO,,,,,1621,false,,,,,,,,,,,-91,1463,12,,2.3,,294,true,,9,10.7,0,38.874596,-77.050880,true,,
2026-08-02T10:25:31.959Z,0.13.3,,,16.42,,,,,false,,,,,,,,,237.2,,,,,false,,true,,238.2,,,,38.874668,-77.050819,,,,,,,,,,,,,,,,AUTO,,,,,1614,false,,,,,,,,,,,-91,1465,12,,2.3,,295,true,,9,9.6,0,38.874596,-77.050880,true,,
2026-08-02T10:25:32.959Z,0.13.3,,,16.56,,,,,false,,,,,,,,,237.2,,,,,false,,true,,237.7,,,,38.874664,-77.050835,,,,,,,,,,,,,,,,AUTO,,,,,1625,false,,,,,,,,,,,-85,1466,12,,2.3,,296,true,,9,8.6,0,38.874596,-77.050880,true,,
2026-08-02T10:25:33.959Z,0.13.3,,,16.56,,,,,false,,,,,,,,,232.0,,,,,false,,true,,236.2,,,,38.874657,-77.050842,,,,,,,,,,,,,,,,AUTO,,,,,1643,false,,,,,,,,,,,-84,1479,12,,2.3,,297,true,,9,7.5,0,38.874596,-77.050880,true,,
2026-08-02T10:25:34.960Z,0.13.3,,,16.48,,,,,false,,,,,,,,,228.2,,,,,false,,true,,227.1,,,,38.874649,-77.050850,,,,,,,,,,,,,,,,AUTO,,,,,1657,false,,,,,,,,,,,-89,1500,12,,2.2,,298,true,,9,6.5,0,38.874596,-77.050880,true,,
2026-08-02T10:25:35.961Z,0.13.3,,,16.60,,,,,false,,,,,,,,,227.4,,,,,false,,true,,228.4,,,,38.874641,-77.050858,,,,,,,,,,,,,,,,AUTO,,,,,1638,false,,,,,,,,,,,-90,1477,12,,2.2,,299,true,,9,5.5,0,38.874596,-77.050880,true,,
2026-08-02T10:25:36.962Z,0.13.3,,,16.41,,,,,false,,,,,,,,,228.7,,,,,false,,true,,228.2,,,,38.874634,-77.050873,,,,,,,,,,,,,,,,AUTO,,,,,1580,false,,,,,,,,,,,-88,1407,12,,2.2,,300,true,,9,75.3,1,38.874031,-77.050476,true,,
2026-08-02T10:25:37.963Z,0.13.3,,,16.54,,,,,false,,,,,,,,,227.8,,,,,false,,true,,229.7,,,,38.874626,-77.050880,,,,,,,,,,,,,,,,AUTO,,,,,1580,false,,,,,,,,,,,-90,1384,12,,2.4,,301,true,,9,74.9,1,38.874031,-77.050476,true,,
2026-08-02T10:25:38.964Z,0.13.3,,,16.32,,,,,false,,,,,,,,,220.6,,,,,false,,true,,229.6,,,,38.874618,-77.050888,,,,,,,,,,,,,,,,AUTO,,,,,1580,false,,,,,,,,,,,-90,1380,12,,2.4,,302,true,,9,74.4,1,38.874031,-77.050476,true,,
2026-08-02T10:25:39.965Z,0.13.3,,,16.44,,,,,false,,,,,,,,,211.3,,,,,false,,true,,220.2,,,,38.874611,-77.050896,,,,,,,,,,,,,,,,AUTO,,,,,1580,false,,,,,,,,,,,-89,1418,12,,2.2,,303,true,,9,74.0,1,38.874031,-77.050476,true,,
2026-08-02T10:25:40.965Z,0.13.3,,,16.51,,,,,false,,,,,,,,,199.8,,,,,false,,true,,203.8,,,,38.874600,-77.050896,,,,,,,,,,,,,,,,AUTO,,,,,1589,false,,,,,,,,,,,-91,1445,12,,2.0,,304,true,,9,72.9,1,38.874031,-77.050476,true,,
2026-08-02T10:25:41.965Z,0.13.3,,,16.54,,,,,false,,,,,,,,,179.1,,,,,false,,true,,185.6,,,,38.874588,-77.050896,,,,,,,,,,,,,,,,AUTO,,,,,1657,false,,,,,,,,,,,-87,1481,12,,2.0,,305,true,,9,71.8,1,38.874031,-77.050476,true,,
2026-08-02T10:25:42.965Z,0.13.3,,,16.57,,,,,false,,,,,,,,,167.3,,,,,false,,true,,169.9,,,,38.874580,-77.050888,,,,,,,,,,,,,,,,AUTO,,,,,1620,false,,,,,,,,,,,-88,1499,12,,2.0,,306,true,,9,70.7,1,38.874031,-77.050476,true,,
2026-08-02T10:25:43.965Z,0.13.3,,,16.30,,,,,false,,,,,,,,,157.4,,,,,false,,true,,154.3,,,,38.874573,-77.050880,,,,,,,,,,,,,,,,AUTO,,,,,1657,false,,,,,,,,,,,-86,1509,12,,2.1,,307,true,,9,69.7,1,38.874031,-77.050476,true,,
2026-08-02T10:25:44.965Z,0.13.3,,,16.52,,,,,false,,,,,,,,,153.5,,,,,false,,true,,151.9,,,,38.874561,-77.050880,,,,,,,,,,,,,,,,AUTO,,,,,1637,false,,,,,,,,,,,-87,1500,12,,2.2,,308,true,,9,68.6,1,38.874031,-77.050476,true,,
2026-08-02T10:25:45.965Z,0.13.3,,,16.53,,,,,false,,,,,,,,,157.1,,,,,false,,true,,163.2,,,,38.874554,-77.050873,,,,,,,,,,,,,,,,AUTO,,,,,1580,false,,,,,,,,,,,-88,1469,12,,2.1,,309,true,,9,67.5,1,38.874031,-77.050476,true,,
2026-08-02T10:25:46.965Z,0.13.3,,,16.50,,,,,false,,,,,,,,,167.3,,,,,false,,true,,174.1,,,,38.874542,-77.050873,,,,,,,,,,,,,,,,AUTO,,,,,1585,false,,,,,,,,,,,-83,1437,12,,2.2,,310,true,,9,66.4,1,38.874031,-77.050476,true,,
2026-08-02T10:25:47.966Z,0.13.3,,,16.57,,,,,false,,,,,,,,,172.7,,,,,false,,true,,181.4,,,,38.874535,-77.050873,,,,,,,,,,,,,,,,AUTO,,,,,1640,false,,,,,,,,,,,-83,1442,12,,2.2,,311,true,,9,65.7,1,38.874031,-77.050476,true,,
2026-08-02T10:25:48.966Z,0.13.3,,,16.42,,,,,false,,,,,,,,,172.4,,,,,false,,true,,183.6,,,,38.874523,-77.050865,,,,,,,,,,,,,,,,AUTO,,,,,1599,false,,,,,,,,,,,-90,1443,12,,2.3,,312,true,,9,64.3,1,38.874031,-77.050476,true,,
2026-08-02T10:25:49.968Z,0.13.3,,,16.55,,,,,false,,,,,,,,,167.6,,,,,false,,true,,176.5,,,,38.874512,-77.050865,,,,,,,,,,,,,,,,AUTO,,,,,1631,false,,,,,,,,,,,-92,1471,12,,2.2,,313,true,,9,63.2,1,38.874031,-77.050476,true,,
2026-08-02T10:25:50.970Z,0.13.3,,,16.55,,,,,false,,,,,,,,,159.8,,,,,false,,true,,162.7,,,,38.874500,-77.050858,,,,,,,,,,,,,,,,AUTO,,,,,1621,false,,,,,,,,,,,-87,1498,12,,2.2,,314,true,,9,61.7,1,38.874031,-77.050476,true,,
2026-08-02T10:25:51.970Z,0.13.3,,,16.53,,,,,false,,,,,,,,,153.8,,,,,false,,true,,147.0,,,,38.874493,-77.050850,,,,,,,,,,,,,,,,AUTO,,,,,1714,false,,,,,,,,,,,-90,1500,12,,2.2,,315,true,,9,60.7,1,38.874031,-77.050476,true,,
2026-08-02T10:25:52.970Z,0.13.3,,,16.55,,,,,false,,,,,,,,,148.8,,,,,false,,true,,154.0,,,,38.874485,-77.050842,,,,,,,,,,,,,,,,AUTO,,,,,1580,false,,,,,,,,,,,-90,1495,12,,2.1,,316,true,,9,59.6,1,38.874031,-77.050476,true,,
2026-08-02T10:25:53.970Z,0.13.3,,,16.25,,,,,false,,,,,,,,,158.6,,,,,false,,true,,159.4,,,,38.874477,-77.050842,,,,,,,,,,,,,,,,AUTO,,,,,1586,false,,,,,,,,,,,-91,1482,12,,2.1,,317,true,,9,58.9,1,38.874031,-77.050476,true,,
2026-08-02T10:25:54.970Z,0.13.3,,,16.58,,,,,false,,,,,,,,,166.9,,,,,false,,true,,172.7,,,,38.874466,-77.050842,,,,,,,,,,,,,,,,AUTO,,,,,1580,false,,,,,,,,,,,-90,1434,12,,2.2,,318,true,,9,57.8,1,38.874031,-77.050476,true,,
2026-08-02T10:25:55.970Z,0.13.3,,,16.34,,,,,false,,,,,,,,,171.6,,,,,false,,true,,182.3,,,,38.874454,-77.050842,,,,,,,,,,,,,,,,AUTO,,,,,1597,false,,,,,,,,,,,-90,1435,12,,2.2,,319,true,,9,56.8,1,38.874031,-77.050476,true,,
2026-08-02T10:25:56.970Z,0.13.3,,,16.55,,,,,false,,,,,,,,,172.3,,,,,false,,true,,185.8,,,,38.874443,-77.050835,,,,,,,,,,,,,,,,AUTO,,,,,1611,false,,,,,,,,,,,-90,1431,12,,2.3,,320,true,,9,55.3,1,38.874031,-77.050476,true,,
2026-08-02T10:25:57.970Z,0.13.3,,,16.54,,,,,false,,,,,,,,,166.7,,,,,false,,true,,176.6,,,,38.874432,-77.050835,,,,,,,,,,,,,,,,AUTO,,,,,1580,false,,,,,,,,,,,-88,1471,12,,2.3,,321,true,,9,54.3,1,38.874031,-77.050476,true,,
2026-08-02T10:25:58.970Z,0.13.3,,,16.45,,,,,false,,,,,,,,,159.3,,,,,false,,true,,164.3,,,,38.874424,-77.050827,,,,,,,,,,,,,,,,AUTO,,,,,1690,false,,,,,,,,,,,-91,1488,12,,2.2,,322,true,,9,53.2,1,38.874031,-77.050476,true,,
2026-08-02T10:25:59.970Z,0.13.3,,,16.57,,,,,false,,,,,,,,,151.4,,,,,false,,true,,150.6,,,,38.874416,-77.050819,,,,,,,,,,,,,,,,AUTO,,,,,1683,false,,,,,,,,,,,-91,1517,12,,2.1,,323,true,,9,52.1,1,38.874031,-77.050476,true,,
2026-08-02T10:26:00.972Z,0.13.3,,,16.48,,,,,false,,,,,,,,,147.4,,,,,false,,true,,138.9,,,,38.874405,-77.050812,,,,,,,,,,,,,,,,AUTO,,,,,1703,false,,,,,,,,,,,-91,1504,12,,2.1,,324,true,,9,50.7,1,38.874031,-77.050476,true,,
2026-08-02T10:26:01.972Z,0.13.3,,,16.44,,,,,false,,,,,,,,,148.4,,,,,false,,true,,149.7,,,,38.874397,-77.050804,,,,,,,,,,,,,,,,AUTO,,,,,1638,false,,,,,,,,,,,-91,1500,12,,2.1,,325,true,,9,49.6,1,38.874031,-77.050476,true,,
2026-08-02T10:26:02.972Z,0.13.3,,,16.60,,,,,false,,,,,,,,,158.3,,,,,false,,true,,160.5,,,,38.874386,-77.050804,,,,,,,,,,,,,,,,AUTO,,,,,1604,false,,,,,,,,,,,-91,1454,12,,2.0,,326,true,,9,48.6,1,38.874031,-77.050476,true,,
2026-08-02T10:26:03.972Z,0.13.3,,,16.35,,,,,false,,,,,,,,,166.7,,,,,false,,true,,175.8,,,,38.874378,-77.050804,,,,,,,,,,,,,,,,AUTO,,,,,1580,false,,,,,,,,,,,-94,1430,12,,2.1,,327,true,,9,47.9,1,38.874031,-77.050476,true,,
2026-08-02T10:26:04.972Z,0.13.3,,,16.58,,,,,false,,,,,,,,,169.5,,,,,false,,true,,179.3,,,,38.874367,-77.050804,,,,,,,,,,,,,,,,AUTO,,,,,1591,false,,,,,,,,,,,-91,1434,12,,2.2,,328,true,,9,46.9,1,38.874031,-77.050476,true,,
2026-08-02T10:26:05.972Z,0.13.3,,,16.50,,,,,false,,,,,,,,,171.6,,,,,false,,true,,180.3,,,,38.874355,-77.050797,,,,,,,,,,,,,,,,AUTO,,,,,1601,false,,,,,,,,,,,-91,1441,12,,2.3,,329,true,,9,45.5,1,38.874031,-77.050476,true,,
2026-08-02T10:26:06.972Z,0.13.3,,,16.45,,,,,false,,,,,,,,,162.7,,,,,false,,true,,165.1,,,,38.874348,-77.050797,,,,,,,,,,,,,,,,AUTO,,,,,1679,false,,,,,,,,,,,-91,1481,12,,2.2,,330,true,,9,44.8,1,38.874031,-77.050476,true,,
2026-08-02T10:26:07.972Z,0.13.3,,,16.58,,,,,false,,,,,,,,,155.8,,,,,false,,true,,150.6,,,,38.874336,-77.050789,,,,,,,,,,,,,,,,AUTO,,,,,1683,false,,,,,,,,,,,-91,1512,12,,2.0,,331,true,,9,43.4,1,38.874031,-77.050476,true,,
2026-08-02T10:26:08.972Z,0.13.3,,,16.42,,,,,false,,,,,,,,,147.4,,,,,false,,true,,142.5,,,,38.874329,-77.050781,,,,,,,,,,,,,,,,AUTO,,,,,1662,false,,,,,,,,,,,-91,1500,12,,2.1,,332,true,,9,42.3,1,38.874031,-77.050476,true,,
2026-08-02T10:26:09.972Z,0.13.3,,,16.53,,,,,false,,,,,,,,,146.4,,,,,false,,true,,146.4,,,,38.874321,-77.050774,,,,,,,,,,,,,,,,AUTO,,,,,1621,false,,,,,,,,,,,-91,1500,12,,2.0,,333,true,,9,41.3,1,38.874031,-77.050476,true,,
2026-08-02T10:26:10.973Z,0.13.3,,,16.43,,,,,false,,,,,,,,,154.0,,,,,false,,true,,161.7,,,,38.874313,-77.050774,,,,,,,,,,,,,,,,AUTO,,,,,1597,false,,,,,,,,,,,-86,1450,12,,2.0,,334,true,,9,40.6,1,38.874031,-77.050476,true,,
2026-08-02T10:26:11.974Z,0.13.3,,,16.42,,,,,false,,,,,,,,,166.0,,,,,false,,true,,175.0,,,,38.874302,-77.050766,,,,,,,,,,,,,,,,AUTO,,,,,1595,false,,,,,,,,,,,-92,1429,12,,2.1,,335,true,,9,39.2,1,38.874031,-77.050476,true,,
2026-08-02T10:26:12.974Z,0.13.3,,,16.52,,,,,false,,,,,,,,,171.5,,,,,false,,true,,184.6,,,,38.874294,-77.050766,,,,,,,,,,,,,,,,AUTO,,,,,1580,false,,,,,,,,,,,-89,1416,12,,2.3,,336,true,,9,38.6,1,38.874031,-77.050476,true,,
2026-08-02T10:26:13.974Z,0.13.3,,,16.59,,,,,false,,,,,,,,,168.0,,,,,false,,true,,178.0,,,,38.874283,-77.050766,,,,,,,,,,,,,,,,AUTO,,,,,1617,false,,,,,,,,,,,-86,1445,12,,2.4,,337,true,,9,37.6,1,38.874031,-77.050476,true,,
2026-08-02T10:26:14.974Z,0.13.3,,,16.57,,,,,false,,,,,,,,,161.0,,,,,false,,true,,169.1,,,,38.874271,-77.050758,,,,,,,,,,,,,,,,AUTO,,,,,1668,false,,,,,,,,,,,-84,1468,12,,2.2,,338,true,,9,36.2,1,38.874031,-77.050476,true,,
2026-08-02T10:26:15.974Z,0.13.3,,,16.60,,,,,false,,,,,,,,,151.7,,,,,false,,true,,150.9,,,,38.874264,-77.050751,,,,,,,,,,,,,,,,AUTO,,,,,1673,false,,,,,,,,,,,-84,1507,12,,2.2,,339,true,,9,35.1,1,38.874031,-77.050476,true,,
2026-08-02T10:26:16.975Z,0.13.3,,,16.50,,,,,false,,,,,,,,,145.5,,,,,false,,true,,139.2,,,,38.874256,-77.050743,,,,,,,,,,,,,,,,AUTO,,,,,1695,false,,,,,,,,,,,-90,1500,12,,2.2,,340,true,,9,34.1,1,38.874031,-77.050476,true,,
2026-08-02T10:26:17.975Z,0.13.3,,,16.57,,,,,false,,,,,,,,,142.9,,,,,false,,true,,137.6,,,,38.874249,-77.050736,,,,,,,,,,,,,,,,AUTO,,,,,1664,false,,,,,,,,,,,-88,1500,12,,2.1,,341,true,,9,33.0,1,38.874031,-77.050476,true,,
2026-08-02T10:26:18.975Z,0.13.3,,,16.52,,,,,false,,,,,,,,,143.3,,,,,false,,true,,146.3,,,,38.874241,-77.050728,,,,,,,,,,,,,,,,AUTO,,,,,1619,false,,,,,,,,,,,-90,1476,12,,2.0,,342,true,,9,31.9,1,38.874031,-77.050476,true,,
2026-08-02T10:26:19.975Z,0.13.3,,,16.55,,,,,false,,,,,,,,,154.9,,,,,false,,true,,160.0,,,,38.874233,-77.050728,,,,,,,,,,,,,,,,AUTO,,,,,1580,false,,,,,,,,,,,-89,1441,12,,2.0,,343,true,,9,31.3,1,38.874031,-77.050476,true,,
2026-08-02T10:26:20.975Z,0.13.3,,,16.57,,,,,false,,,,,,,,,163.8,,,,,false,,true,,170.1,,,,38.874226,-77.050720,,,,,,,,,,,,,,,,AUTO,,,,,1580,false,,,,,,,,,,,-92,1437,12,,2.0,,344,true,,9,30.2,1,38.874031,-77.050476,true,,
2026-08-02T10:26:21.976Z,0.13.3,,,16.57,,,,,false,,,,,,,,,169.5,,,,,false,,true,,178.9,,,,38.874214,-77.050720,,,,,,,,,,,,,,,,AUTO,,,,,1580,false,,,,,,,,,,,-90,1424,12,,2.1,,345,true,,9,29.3,1,38.874031,-77.050476,true,,
2026-08-02T10:26:22.977Z,0.13.3,,,16.53,,,,,false,,,,,,,,,164.5,,,,,false,,true,,175.7,,,,38.874203,-77.050720,,,,,,,,,,,,,,,,AUTO,,,,,1639,false,,,,,,,,,,,-90,1444,12,,2.3,,346,true,,9,28.5,1,38.874031,-77.050476,true,,
2026-08-02T10:26:23.978Z,0.13.3,,,16.58,,,,,false,,,,,,,,,157.8,,,,,false,,true,,155.3,,,,38.874195,-77.050713,,,,,,,,,,,,,,,,AUTO,,,,,1710,false,,,,,,,,,,,-90,1496,12,,2.3,,347,true,,9,27.4,1,38.874031,-77.050476,true,,
2026-08-02T10:26:24.979Z,0.13.3,,,16.44,,,,,false,,,,,,,,,149.1,,,,,false,,true,,137.3,,,,38.874187,-77.050705,,,,,,,,,,,,,,,,AUTO,,,,,1611,false,,,,,,,,,,,-92,1518,12,,2.1,,348,true,,9,26.4,1,38.874031,-77.050476,true,,
2026-08-02T10:26:25.980Z,0.13.3,,,16.57,,,,,false,,,,,,,,,143.2,,,,,false,,true,,130.0,,,,38.874180,-77.050697,,,,,,,,,,,,,,,,AUTO,,,,,1663,false,,,,,,,,,,,-92,1500,12,,2.1,,349,true,,9,25.3,1,38.874031,-77.050476,true,,
2026-08-02T10:26:26.980Z,0.13.3,,,16.47,,,,,false,,,,,,,,,146.3,,,,,false,,true,,137.5,,,,38.874172,-77.050690,,,,,,,,,,,,,,,,AUTO,,,,,1636,false,,,,,,,,,,,-92,1491,12,,2.0,,350,true,,9,24.3,1,38.874031,-77.050476,true,,
2026-08-02T10:26:27.980Z,0.13.3,,,16.48,,,,,false,,,,,,,,,147.8,,,,,false,,true,,151.3,,,,38.874165,-77.050682,,,,,,,,,,,,,,,,AUTO,,,,,1593,false,,,,,,,,,,,-89,1444,12,,1.9,,351,true,,9,23.2,1,38.874031,-77.050476,true,,
2026-08-02T10:26:28.980Z,0.13.3,,,16.52,,,,,false,,,,,,,,,159.3,,,,,false,,true,,163.7,,,,38.874157,-77.050682,,,,,,,,,,,,,,,,AUTO,,,,,1581,false,,,,,,,,,,,-91,1428,12,,2.1,,352,true,,9,22.7,1,38.874031,-77.050476,true,,
2026-08-02T10:26:29.980Z,0.13.3,,,16.52,,,,,false,,,,,,,,,164.0,,,,,false,,true,,173.8,,,,38.874145,-77.050674,,,,,,,,,,,,,,,,AUTO,,,,,1624,false,,,,,,,,,,,-91,1413,12,,2.3,,353,true,,9,21.4,1,38.874031,-77.050476,true,,
2026-08-02T10:26:30.980Z,0.13.3,,,16.52,,,,,false,,,,,,,,,160.7,,,,,false,,true,,171.9,,,,38.874134,-77.050674,,,,,,,,,,,,,,,,AUTO,,,,,1586,false,,,,,,,,,,,-92,1429,12,,2.3,,354,true,,9,20.6,1,38.874031,-77.050476,true,,
2026-08-02T10:26:31.981Z,0.13.3,,,16.56,,,,,false,,,,,,,,,149.7,,,,,false,,true,,157.0,,,,38.874126,-77.050667,,,,,,,,,,,,,,,,AUTO,,,,,1679,false,,,,,,,,,,,-90,1473,12,,2.3,,355,true,,9,19.6,1,38.874031,-77.050476,true,,
2026-08-02T10:26:32.981Z,0.13.3,,,16.57,,,,,false,,,,,,,,,149.7,,,,,false,,true,,131.3,,,,38.874126,-77.050667,,,,,,,,,,,,,,,,AUTO,,,,,1740,false,,,,,,,,,,,-94,1521,12,,2.3,,356,true,,9,19.6,1,38.874031,-77.050476,true,,
2026-08-02T10:26:33.981Z,0.13.3,,,16.52,,,,,false,,,,,,,,,126.7,,,,,false,,true,,116.4,,,,38.874115,-77.050644,,,,,,,,,,,,,,,,AUTO,,,,,1670,false,,,,,,,,,,,-86,1510,12,,2.3,,357,true,,9,17.3,1,38.874031,-77.050476,true,,
2026-08-02T10:26:34.981Z,0.13.3,,,16.56,,,,,false,,,,,,,,,127.3,,,,,false,,true,,119.7,,,,38.874107,-77.050629,,,,,,,,,,,,,,,,AUTO,,,,,1639,false,,,,,,,,,,,-90,1500,12,,2.2,,358,true,,9,15.7,1,38.874031,-77.050476,true,,
2026-08-02T10:26:35.981Z,0.13.3,,,16.60,,,,,false,,,,,,,,,133.7,,,,,false,,true,,125.0,,,,38.874100,-77.050621,,,,,,,,,,,,,,,,AUTO,,,,,1608,false,,,,,,,,,,,-91,1500,12,,2.0,,359,true,,9,14.7,1,38.874031,-77.050476,true,,
2026-08-02T10:26:36.981Z,0.13.3,,,16.59,,,,,false,,,,,,,,,140.4,,,,,false,,true,,136.5,,,,38.874092,-77.050621,,,,,,,,,,,,,,,,AUTO,,,,,1580,false,,,,,,,,,,,-89,1448,12,,1.9,,360,true,,9,14.3,1,38.874031,-77.050476,true,,
2026-08-02T10:26:37.983Z,0.13.3,,,16.54,,,,,false,,,,,,,,,148.7,,,,,false,,true,,144.1,,,,38.874081,-77.050613,,,,,,,,,,,,,,,,AUTO,,,,,1656,false,,,,,,,,,,,-92,1444,12,,2.0,,361,true,,9,13.1,1,38.874031,-77.050476,true,,
2026-08-02T10:26:38.983Z,0.13.3,,,16.57,,,,,false,,,,,,,,,151.9,,,,,false,,true,,146.9,,,,38.874073,-77.050606,,,,,,,,,,,,,,,,AUTO,,,,,1593,false,,,,,,,,,,,-90,1442,12,,2.3,,362,true,,9,12.2,1,38.874031,-77.050476,true,,
2026-08-02T10:26:39.983Z,0.13.3,,,16.60,,,,,false,,,,,,,,,145.8,,,,,false,,true,,133.9,,,,38.874062,-77.050598,,,,,,,,,,,,,,,,AUTO,,,,,1624,false,,,,,,,,,,,-89,1471,12,,2.2,,363,true,,9,11.1,1,38.874031,-77.050476,true,,
2026-08-02T10:26:40.983Z,0.13.3,,,16.56,,,,,false,,,,,,,,,136.2,,,,,false,,true,,120.3,,,,38.874058,-77.050590,,,,,,,,,,,,,,,,AUTO,,,,,1710,false,,,,,,,,,,,-91,1496,12,,2.2,,364,true,,9,10.3,1,38.874031,-77.050476,true,,
2026-08-02T10:26:41.983Z,0.13.3,,,16.60,,,,,false,,,,,,,,,125.4,,,,,false,,true,,114.5,,,,38.874050,-77.050583,,,,,,,,,,,,,,,,AUTO,,,,,1671,false,,,,,,,,,,,-89,1493,12,,2.2,,365,true,,9,9.5,1,38.874031,-77.050476,true,,
2026-08-02T10:26:42.983Z,0.13.3,,,16.53,,,,,false,,,,,,,,,120.5,,,,,false,,true,,111.1,,,,38.874046,-77.050568,,,,,,,,,,,,,,,,AUTO,,,,,1646,false,,,,,,,,,,,-92,1493,12,,2.2,,366,true,,9,8.1,1,38.874031,-77.050476,true,,
2026-08-02T10:26:43.983Z,0.13.3,,,16.58,,,,,false,,,,,,,,,117.6,,,,,false,,true,,105.8,,,,38.874043,-77.050560,,,,,,,,,,,,,,,,AUTO,,,,,1664,false,,,,,,,,,,,-92,1500,12,,2.1,,367,true,,9,7.4,1,38.874031,-77.050476,true,,
2026-08-02T10:26:44.984Z,0.13.3,,,16.55,,,,,false,,,,,,,,,115.1,,,,,false,,true,,105.4,,,,38.874039,-77.050545,,,,,,,,,,,,,,,,AUTO,,,,,1621,false,,,,,,,,,,,-95,1500,12,,2.1,,368,true,,9,6.0,1,38.874031,-77.050476,true,,
2026-08-02T10:26:45.984Z,0.13.3,,,16.56,,,,,false,,,,,,,,,113.1,,,,,false,,true,,100.4,,,,38.874035,-77.050529,,,,,,,,,,,,,,,,AUTO,,,,,1740,false,,,,,,,,,,,-90,1530,12,,2.2,,369,true,,9,80.7,2,38.873653,-77.049736,true,,
2026-08-02T10:26:46.984Z,0.13.3,,,16.40,,,,,false,,,,,,,,,115.5,,,,,false,,true,,106.3,,,,38.874031,-77.050522,,,,,,,,,,,,,,,,AUTO,,,,,1666,false,,,,,,,,,,,-90,1509,12,,2.0,,370,true,,9,79.9,2,38.873653,-77.049736,true,,
2026-08-02T10:26:47.985Z,0.13.3,,,16.58,,,,,false,,,,,,,,,115.5,,,,,false,,true,,120.3,,,,38.874027,-77.050514,,,,,,,,,,,,,,,,AUTO,,,,,1643,false,,,,,,,,,,,-90,1500,12,,2.0,,371,true,,9,79.2,2,38.873653,-77.049736,true,,
2026-08-02T10:26:48.985Z,0.13.3,,,16.56,,,,,false,,,,,,,,,133.6,,,,,false,,true,,134.3,,,,38.874020,-77.050507,,,,,,,,,,,,,,,,AUTO,,,,,1617,false,,,,,,,,,,,-90,1469,12,,1.9,,372,true,,9,78.2,2,38.873653,-77.049736,true,,
2026-08-02T10:26:49.985Z,0.13.3,,,16.54,,,,,false,,,,,,,,,142.6,,,,,false,,true,,145.4,,,,38.874012,-77.050499,,,,,,,,,,,,,,,,AUTO,,,,,1618,false,,,,,,,,,,,-90,1442,12,,2.1,,373,true,,9,77.1,2,38.873653,-77.049736,true,,
2026-08-02T10:26:50.985Z,0.13.3,,,16.57,,,,,false,,,,,,,,,148.2,,,,,false,,true,,153.2,,,,38.874004,-77.050491,,,,,,,,,,,,,,,,AUTO,,,,,1612,false,,,,,,,,,,,-92,1440,12,,2.2,,374,true,,9,76.1,2,38.873653,-77.049736,true,,
2026-08-02T10:26:51.985Z,0.13.3,,,16.55,,,,,false,,,,,,,,,145.3,,,,,false,,true,,151.6,,,,38.873993,-77.050491,,,,,,,,,,,,,,,,AUTO,,,,,1608,false,,,,,,,,,,,-92,1454,12,,2.2,,375,true,,9,75.5,2,38.873653,-77.049736,true,,
2026-08-02T10:26:52.985Z,0.13.3,,,16.59,,,,,false,,,,,,,,,140.0,,,,,false,,true,,146.1,,,,38.873985,-77.050484,,,,,,,,,,,,,,,,AUTO,,,,,1660,false,,,,,,,,,,,-90,1466,12,,2.2,,376,true,,9,74.5,2,38.873653,-77.049736,true,,
2026-08-02T10:26:53.985Z,0.13.3,,,16.25,,,,,false,,,,,,,,,137.9,,,,,false,,true,,135.0,,,,38.873978,-77.050476,,,,,,,,,,,,,,,,AUTO,,,,,1665,false,,,,,,,,,,,-92,1485,12,,2.2,,377,true,,9,73.5,2,38.873653,-77.049736,true,,
2026-08-02T10:26:54.986Z,0.13.3,,,16.55,,,,,false,,,,,,,,,132.2,,,,,false,,true,,123.0,,,,38.873974,-77.050468,,,,,,,,,,,,,,,,AUTO,,,,,1643,false,,,,,,,,,,,-90,1500,12,,2.2,,378,true,,9,72.7,2,38.873653,-77.049736,true,,
2026-08-02T10:26:55.987Z,0.13.3,,,16.56,,,,,false,,,,,,,,,128.5,,,,,false,,true,,120.5,,,,38.873966,-77.050453,,,,,,,,,,,,,,,,AUTO,,,,,1654,false,,,,,,,,,,,-90,1500,12,,2.1,,379,true,,9,71.2,2,38.873653,-77.049736,true,,
2026-08-02T10:26:56.988Z,0.13.3,,,16.57,,,,,false,,,,,,,,,129.8,,,,,false,,true,,128.5,,,,38.873962,-77.050446,,,,,,,,,,,,,,,,AUTO,,,,,1613,false,,,,,,,,,,,-88,1483,12,,2.0,,380,true,,9,70.4,2,38.873653,-77.049736,true,,
2026-08-02T10:26:57.988Z,0.13.3,,,16.55,,,,,false,,,,,,,,,135.3,,,,,false,,true,,135.2,,,,38.873955,-77.050438,,,,,,,,,,,,,,,,AUTO,,,,,1632,false,,,,,,,,,,,-88,1459,12,,2.0,,381,true,,9,69.4,2,38.873653,-77.049736,true,,
2026-08-02T10:26:58.988Z,0.13.3,,,16.46,,,,,false,,,,,,,,,138.9,,,,,false,,true,,141.7,,,,38.873947,-77.050430,,,,,,,,,,,,,,,,AUTO,,,,,1596,false,,,,,,,,,,,-89,1447,12,,2.1,,382,true,,9,68.4,2,38.873653,-77.049736,true,,
2026-08-02T10:26:59.988Z,0.13.3,,,16.52,,,,,false,,,,,,,,,143.4,,,,,false,,true,,144.6,,,,38.873936,-77.050423,,,,,,,,,,,,,,,,AUTO,,,,,1602,false,,,,,,,,,,,-93,1455,12,,2.2,,383,true,,9,67.2,2,38.873653,-77.049736,true,,
2026-08-02T10:27:00.988Z,0.13.3,,,16.56,,,,,false,,,,,,,,,143.7,,,,,false,,true,,137.9,,,,38.873928,-77.050423,,,,,,,,,,,,,,,,AUTO,,,,,1647,false,,,,,,,,,,,-93,1475,12,,2.1,,384,true,,9,66.8,2,38.873653,-77.049736,true,,
2026-08-02T10:27:01.988Z,0.13.3,,,16.58,,,,,false,,,,,,,,,137.0,,,,,false,,true,,132.5,,,,38.873920,-77.050407,,,,,,,,,,,,,,,,AUTO,,,,,1629,false,,,,,,,,,,,-93,1483,12,,2.2,,385,true,,9,65.3,2,38.873653,-77.049736,true,,
2026-08-02T10:27:02.988Z,0.13.3,,,16.55,,,,,false,,,,,,,,,137.0,,,,,false,,true,,128.5,,,,38.873917,-77.050400,,,,,,,,,,,,,,,,AUTO,,,,,1656,false,,,,,,,,,,,-93,1495,12,,2.2,,386,true,,9,64.5,2,38.873653,-77.049736,true,,
2026-08-02T10:27:03.988Z,0.13.3,,,16.57,,,,,false,,,,,,,,,132.0,,,,,false,,true,,125.3,,,,38.873909,-77.050392,,,,,,,,,,,,,,,,AUTO,,,,,1668,false,,,,,,,,,,,-93,1490,12,,2.0,,387,true,,9,63.5,2,38.873653,-77.049736,true,,
2026-08-02T10:27:04.988Z,0.13.3,,,16.59,,,,,false,,,,,,,,,131.2,,,,,false,,true,,124.5,,,,38.873905,-77.050385,,,,,,,,,,,,,,,,AUTO,,,,,1638,false,,,,,,,,,,,-93,1488,12,,2.0,,388,true,,9,62.7,2,38.873653,-77.049736,true,,
2026-08-02T10:27:05.988Z,0.13.3,,,16.51,,,,,false,,,,,,,,,131.0,,,,,false,,true,,128.4,,,,38.873898,-77.050377,,,,,,,,,,,,,,,,AUTO,,,,,1661,false,,,,,,,,,,,-92,1479,12,,2.0,,389,true,,9,61.8,2,38.873653,-77.049736,true,,
2026-08-02T10:27:06.988Z,0.13.3,,,16.53,,,,,false,,,,,,,,,135.2,,,,,false,,true,,139.2,,,,38.873890,-77.050369,,,,,,,,,,,,,,,,AUTO,,,,,1632,false,,,,,,,,,,,-92,1444,12,,2.0,,390,true,,9,60.8,2,38.873653,-77.049736,true,,
2026-08-02T10:27:07.988Z,0.13.3,,,16.52,,,,,false,,,,,,,,,138.0,,,,,false,,true,,140.3,,,,38.873882,-77.050362,,,,,,,,,,,,,,,,AUTO,,,,,1629,false,,,,,,,,,,,-92,1457,12,,2.2,,391,true,,9,59.8,2,38.873653,-77.049736,true,,
2026-08-02T10:27:08.988Z,0.13.3,,,16.49,,,,,false,,,,,,,,,137.4,,,,,false,,true,,142.6,,,,38.873871,-77.050346,,,,,,,,,,,,,,,,AUTO,,,,,1669,false,,,,,,,,,,,-92,1462,12,,2.3,,392,true,,9,58.1,2,38.873653,-77.049736,true,,
2026-08-02T10:27:09.988Z,0.13.3,,,16.52,,,,,false,,,,,,,,,135.4,,,,,false,,true,,133.4,,,,38.873863,-77.050339,,,,,,,,,,,,,,,,AUTO,,,,,1662,false,,,,,,,,,,,-92,1478,12,,2.2,,393,true,,9,57.2,2,38.873653,-77.049736,true,,
2026-08-02T10:27:10.988Z,0.13.3,,,16.46,,,,,false,,,,,,,,,130.9,,,,,false,,true,,124.9,,,,38.873859,-77.050324,,,,,,,,,,,,,,,,AUTO,,,,,1623,false,,,,,,,,,,,-91,1482,12,,2.1,,394,true,,9,55.8,2,38.873653,-77.049736,true,,
2026-08-02T10:27:11.990Z,0.13.3,,,16.49,,,,,false,,,,,,,,,127.6,,,,,false,,true,,122.6,,,,38.873852,-77.050316,,,,,,,,,,,,,,,,AUTO,,,,,1676,false,,,,,,,,,,,-91,1487,12,,2.2,,395,true,,9,54.8,2,38.873653,-77.049736,true,,
2026-08-02T10:27:12.990Z,0.13.3,,,16.52,,,,,false,,,,,,,,,131.9,,,,,false,,true,,122.6,,,,38.873844,-77.050308,,,,,,,,,,,,,,,,AUTO,,,,,1644,false,,,,,,,,,,,-91,1480,12,,2.0,,396,true,,9,53.9,2,38.873653,-77.049736,true,,
2026-08-02T10:27:13.990Z,0.13.3,,,16.40,,,,,false,,,,,,,,,130.5,,,,,false,,true,,121.4,,,,38.873840,-77.050293,,,,,,,,,,,,,,,,AUTO,,,,,1690,false,,,,,,,,,,,-92,1480,12,,2.1,,397,true,,9,52.5,2,38.873653,-77.049736,true,,
2026-08-02T10:27:14.991Z,0.13.3,,,16.58,,,,,false,,,,,,,,,131.2,,,,,false,,true,,125.1,,,,38.873833,-77.050285,,,,,,,,,,,,,,,,AUTO,,,,,1673,false,,,,,,,,,,,-91,1467,12,,2.1,,398,true,,9,51.6,2,38.873653,-77.049736,true,,
2026-08-02T10:27:15.992Z,0.13.3,,,16.57,,,,,false,,,,,,,,,131.2,,,,,false,,true,,124.2,,,,38.873825,-77.050278,,,,,,,,,,,,,,,,AUTO,,,,,1643,false,,,,,,,,,,,-93,1475,12,,2.2,,399,true,,9,50.6,2,38.873653,-77.049736,true,,
2026-08-02T10:27:16.993Z,0.13.3,,,16.57,,,,,false,,,,,,,,,131.5,,,,,false,,true,,127.2,,,,38.873817,-77.050270,,,,,,,,,,,,,,,,AUTO,,,,,1638,false,,,,,,,,,,,-85,1471,12,,2.2,,400,true,,9,49.7,2,38.873653,-77.049736,true,,
2026-08-02T10:27:17.993Z,0.13.3,,,16.54,,,,,false,,,,,,,,,130.3,,,,,false,,true,,121.3,,,,38.873810,-77.050263,,,,,,,,,,,,,,,,AUTO,,,,,1631,false,,,,,,,,,,,-86,1476,12,,2.2,,401,true,,9,48.8,2,38.873653,-77.049736,true,,
2026-08-02T10:27:18.996Z,0.13.3,,,16.44,,,,,false,,,,,,,,,130.7,,,,,false,,true,,122.6,,,,38.873806,-77.050247,,,,,,,,,,,,,,,,AUTO,,,,,1654,false,,,,,,,,,,,-83,1485,12,,2.2,,402,true,,9,47.4,2,38.873653,-77.049736,true,,
2026-08-02T10:27:19.996Z,0.13.3,,,16.33,,,,,false,,,,,,,,,129.1,,,,,false,,true,,123.4,,,,38.873798,-77.050240,,,,,,,,,,,,,,,,AUTO,,,,,1675,false,,,,,,,,,,,-84,1483,12,,2.2,,403,true,,9,46.5,2,38.873653,-77.049736,true,,
2026-08-02T10:27:20.996Z,0.13.3,,,16.48,,,,,false,,,,,,,,,127.4,,,,,false,,true,,125.3,,,,38.873795,-77.050232,,,,,,,,,,,,,,,,AUTO,,,,,1668,false,,,,,,,,,,,-88,1475,12,,2.0,,404,true,,9,45.7,2,38.873653,-77.049736,true,,
2026-08-02T10:27:21.996Z,0.13.3,,,16.44,,,,,false,,,,,,,,,126.4,,,,,false,,true,,124.9,,,,38.873787,-77.050224,,,,,,,,,,,,,,,,AUTO,,,,,1636,false,,,,,,,,,,,-89,1477,12,,2.0,,405,true,,9,44.8,2,38.873653,-77.049736,true,,
2026-08-02T10:27:22.996Z,0.13.3,,,16.58,,,,,false,,,,,,,,,125.4,,,,,false,,true,,123.6,,,,38.873783,-77.050209,,,,,,,,,,,,,,,,AUTO,,,,,1654,false,,,,,,,,,,,-89,1481,12,,2.0,,406,true,,9,43.4,2,38.873653,-77.049736,true,,
2026-08-02T10:27:23.997Z,0.13.3,,,16.56,,,,,false,,,,,,,,,126.1,,,,,false,,true,,118.1,,,,38.873776,-77.050201,,,,,,,,,,,,,,,,AUTO,,,,,1737,false,,,,,,,,,,,-92,1478,12,,2.0,,407,true,,9,42.5,2,38.873653,-77.049736,true,,
2026-08-02T10:27:24.997Z,0.13.3,,,16.55,,,,,false,,,,,,,,,124.3,,,,,false,,true,,119.6,,,,38.873772,-77.050194,,,,,,,,,,,,,,,,AUTO,,,,,1655,false,,,,,,,,,,,-87,1483,12,,2.1,,408,true,,9,41.8,2,38.873653,-77.049736,true,,
2026-08-02T10:27:25.997Z,0.13.3,,,16.56,,,,,false,,,,,,,,,122.9,,,,,false,,true,,120.0,,,,38.873768,-77.050186,,,,,,,,,,,,,,,,AUTO,,,,,1643,false,,,,,,,,,,,-85,1485,12,,2.1,,409,true,,9,41.0,2,38.873653,-77.049736,true,,
2026-08-02T10:27:26.997Z,0.13.3,,,16.50,,,,,false,,,,,,,,,122.9,,,,,false,,true,,117.7,,,,38.873760,-77.050171,,,,,,,,,,,,,,,,AUTO,,,,,1650,false,,,,,,,,,,,-87,1491,12,,2.0,,410,true,,9,39.5,2,38.873653,-77.049736,true,,
2026-08-02T10:27:27.997Z,0.13.3,,,16.57,,,,,false,,,,,,,,,120.7,,,,,false,,true,,117.8,,,,38.873756,-77.050163,,,,,,,,,,,,,,,,AUTO,,,,,1648,false,,,,,,,,,,,-90,1483,12,,2.0,,411,true,,9,38.7,2,38.873653,-77.049736,true,,
2026-08-02T10:27:28.997Z,0.13.3,,,16.54,,,,,false,,,,,,,,,119.3,,,,,false,,true,,114.2,,,,38.873753,-77.050148,,,,,,,,,,,,,,,,AUTO,,,,,1666,false,,,,,,,,,,,-87,1488,12,,2.0,,412,true,,9,37.3,2,38.873653,-77.049736,true,,
2026-08-02T10:27:29.998Z,0.13.3,,,16.46,,,,,false,,,,,,,,,120.4,,,,,false,,true,,115.1,,,,38.873749,-77.050140,,,,,,,,,,,,,,,,AUTO,,,,,1643,false,,,,,,,,,,,-91,1479,12,,2.0,,413,true,,9,36.6,2,38.873653,-77.049736,true,,
2026-08-02T10:27:31.001Z,0.13.3,,,16.51,,,,,false,,,,,,,,,121.9,,,,,false,,true,,118.7,,,,38.873741,-77.050133,,,,,,,,,,,,,,,,AUTO,,,,,1622,false,,,,,,,,,,,-90,1470,12,,2.0,,414,true,,9,35.7,2,38.873653,-77.049736,true,,
2026-08-02T10:27:32.001Z,0.13.3,,,16.53,,,,,false,,,,,,,,,124.7,,,,,false,,true,,118.9,,,,38.873737,-77.050125,,,,,,,,,,,,,,,,AUTO,,,,,1740,false,,,,,,,,,,,-88,1467,12,,2.0,,415,true,,9,35.0,2,38.873653,-77.049736,true,,
2026-08-02T10:27:33.001Z,0.13.3,,,16.48,,,,,false,,,,,,,,,126.1,,,,,false,,true,,121.6,,,,38.873730,-77.050117,,,,,,,,,,,,,,,,AUTO,,,,,1668,false,,,,,,,,,,,-88,1471,12,,2.1,,416,true,,9,34.1,2,38.873653,-77.049736,true,,
2026-08-02T10:27:34.002Z,0.13.3,,,16.49,,,,,false,,,,,,,,,125.1,,,,,false,,true,,119.1,,,,38.873726,-77.050110,,,,,,,,,,,,,,,,AUTO,,,,,1589,false,,,,,,,,,,,-89,1467,12,,2.2,,417,true,,9,33.4,2,38.873653,-77.049736,true,,
2026-08-02T10:27:35.005Z,0.13.3,,,16.56,,,,,false,,,,,,,,,123.6,,,,,false,,true,,111.9,,,,38.873718,-77.050095,,,,,,,,,,,,,,,,AUTO,,,,,1676,false,,,,,,,,,,,-89,1479,12,,2.1,,418,true,,9,31.9,2,38.873653,-77.049736,true,,
2026-08-02T10:27:36.005Z,0.13.3,,,16.56,,,,,false,,,,,,,,,119.7,,,,,false,,true,,108.2,,,,38.873714,-77.050087,,,,,,,,,,,,,,,,AUTO,,,,,1677,false,,,,,,,,,,,-86,1496,12,,2.2,,419,true,,9,31.1,2,38.873653,-77.049736,true,,
2026-08-02T10:27:37.005Z,0.13.3,,,16.48,,,,,false,,,,,,,,,117.8,,,,,false,,true,,108.6,,,,38.873711,-77.050072,,,,,,,,,,,,,,,,AUTO,,,,,1679,false,,,,,,,,,,,-88,1490,12,,2.1,,420,true,,9,29.7,2,38.873653,-77.049736,true,,
2026-08-02T10:27:38.006Z,0.13.3,,,16.48,,,,,false,,,,,,,,,118.3,,,,,false,,true,,111.7,,,,38.873707,-77.050064,,,,,,,,,,,,,,,,AUTO,,,,,1654,false,,,,,,,,,,,-86,1485,12,,2.0,,421,true,,9,29.0,2,38.873653,-77.049736,true,,
2026-08-02T10:27:39.006Z,0.13.3,,,16.51,,,,,false,,,,,,,,,117.6,,,,,false,,true,,117.1,,,,38.873703,-77.050049,,,,,,,,,,,,,,,,AUTO,,,,,1634,false,,,,,,,,,,,-86,1473,12,,2.0,,422,true,,9,27.6,2,38.873653,-77.049736,true,,
2026-08-02T10:27:40.006Z,0.13.3,,,16.52,,,,,false,,,,,,,,,119.3,,,,,false,,true,,114.3,,,,38.873699,-77.050041,,,,,,,,,,,,,,,,AUTO,,,,,1662,false,,,,,,,,,,,-85,1477,12,,2.1,,423,true,,9,26.9,2,38.873653,-77.049736,true,,
2026-08-02T10:27:41.006Z,0.13.3,,,16.48,,,,,false,,,,,,,,,116.0,,,,,false,,true,,118.7,,,,38.873695,-77.050026,,,,,,,,,,,,,,,,AUTO,,,,,1678,false,,,,,,,,,,,-90,1461,12,,2.2,,424,true,,9,25.5,2,38.873653,-77.049736,true,,
2026-08-02T10:27:42.006Z,0.13.3,,,16.36,,,,,false,,,,,,,,,116.8,,,,,false,,true,,119.5,,,,38.873692,-77.050018,,,,,,,,,,,,,,,,AUTO,,,,,1669,false,,,,,,,,,,,-86,1462,12,,2.3,,425,true,,9,24.8,2,38.873653,-77.049736,true,,
2026-08-02T10:27:43.006Z,0.13.3,,,16.47,,,,,false,,,,,,,,,118.2,,,,,false,,true,,118.3,,,,38.873684,-77.050003,,,,,,,,,,,,,,,,AUTO,,,,,1651,false,,,,,,,,,,,-88,1459,12,,2.2,,426,true,,9,23.4,2,38.873653,-77.049736,true,,
2026-08-02T10:27:44.006Z,0.13.3,,,16.48,,,,,false,,,,,,,,,118.2,,,,,false,,true,,119.6,,,,38.873680,-77.049995,,,,,,,,,,,,,,,,AUTO,,,,,1581,false,,,,,,,,,,,-90,1460,12,,2.2,,427,true,,9,22.7,2,38.873653,-77.049736,true,,
2026-08-02T10:27:45.006Z,0.13.3,,,16.54,,,,,false,,,,,,,,,115.4,,,,,false,,true,,115.1,,,,38.873676,-77.049980,,,,,,,,,,,,,,,,AUTO,,,,,1641,false,,,,,,,,,,,-85,1475,12,,2.1,,428,true,,9,21.3,2,38.873653,-77.049736,true,,
2026-08-02T10:27:46.006Z,0.13.3,,,16.50,,,,,false,,,,,,,,,111.6,,,,,false,,true,,110.8,,,,38.873676,-77.049972,,,,,,,,,,,,,,,,AUTO,,,,,1651,false,,,,,,,,,,,-82,1486,12,,2.1,,429,true,,9,20.6,2,38.873653,-77.049736,true,,
2026-08-02T10:27:47.006Z,0.13.3,,,16.49,,,,,false,,,,,,,,,108.6,,,,,false,,true,,105.8,,,,38.873676,-77.049957,,,,,,,,,,,,,,,,AUTO,,,,,1655,false,,,,,,,,,,,-91,1494,12,,2.1,,430,true,,9,19.3,2,38.873653,-77.049736,true,,
2026-08-02T10:27:48.006Z,0.13.3,,,16.48,,,,,false,,,,,,,,,108.6,,,,,false,,true,,104.5,,,,38.873672,-77.049950,,,,,,,,,,,,,,,,AUTO,,,,,1640,false,,,,,,,,,,,-87,1488,12,,2.1,,431,true,,9,18.6,2,38.873653,-77.049736,true,,
2026-08-02T10:27:49.006Z,0.13.3,,,16.46,,,,,false,,,,,,,,,106.7,,,,,false,,true,,105.0,,,,38.873672,-77.049934,,,,,,,,,,,,,,,,AUTO,,,,,1622,false,,,,,,,,,,,-89,1474,12,,2.1,,432,true,,9,17.3,2,38.873653,-77.049736,true,,
2026-08-02T10:27:50.007Z,0.13.3,,,16.54,,,,,false,,,,,,,,,108.4,,,,,false,,true,,105.2,,,,38.873669,-77.049919,,,,,,,,,,,,,,,,AUTO,,,,,1706,false,,,,,,,,,,,-92,1478,12,,2.0,,433,true,,9,15.9,2,38.873653,-77.049736,true,,
2026-08-02T10:27:51.007Z,0.13.3,,,16.53,,,,,false,,,,,,,,,111.0,,,,,false,,true,,107.3,,,,38.873665,-77.049911,,,,,,,,,,,,,,,,AUTO,,,,,1591,false,,,,,,,,,,,-91,1478,12,,2.1,,434,true,,9,15.2,2,38.873653,-77.049736,true,,
2026-08-02T10:27:52.007Z,0.13.3,,,16.53,,,,,false,,,,,,,,,112.4,,,,,false,,true,,105.8,,,,38.873661,-77.049896,,,,,,,,,,,,,,,,AUTO,,,,,1703,false,,,,,,,,,,,-91,1468,12,,2.2,,435,true,,9,13.9,2,38.873653,-77.049736,true,,
2026-08-02T10:27:53.007Z,0.13.3,,,16.51,,,,,false,,,,,,,,,112.4,,,,,false,,true,,111.6,,,,38.873657,-77.049889,,,,,,,,,,,,,,,,AUTO,,,,,1630,false,,,,,,,,,,,-90,1463,12,,2.2,,436,true,,9,13.2,2,38.873653,-77.049736,true,,
2026-08-02T10:27:54.007Z,0.13.3,,,16.46,,,,,false,,,,,,,,,110.9,,,,,false,,true,,108.1,,,,38.873653,-77.049873,,,,,,,,,,,,,,,,AUTO,,,,,1580,false,,,,,,,,,,,-90,1463,12,,2.2,,437,true,,9,11.9,2,38.873653,-77.049736,true,,
2026-08-02T10:27:55.008Z,0.13.3,,,16.54,,,,,false,,,,,,,,,109.2,,,,,false,,true,,106.6,,,,38.873650,-77.049866,,,,,,,,,,,,,,,,AUTO,,,,,1629,false,,,,,,,,,,,-92,1477,12,,2.1,,438,true,,9,11.2,2,38.873653,-77.049736,true,,
2026-08-02T10:27:56.008Z,0.13.3,,,16.56,,,,,false,,,,,,,,,108.1,,,,,false,,true,,103.7,,,,38.873650,-77.049851,,,,,,,,,,,,,,,,AUTO,,,,,1580,false,,,,,,,,,,,-89,1478,12,,2.1,,439,true,,9,9.9,2,38.873653,-77.049736,true,,
2026-08-02T10:27:57.008Z,0.13.3,,,16.48,,,,,false,,,,,,,,,102.7,,,,,false,,true,,96.8,,,,38.873646,-77.049843,,,,,,,,,,,,,,,,AUTO,,,,,1641,false,,,,,,,,,,,-90,1490,12,,2.1,,440,true,,9,9.3,2,38.873653,-77.049736,true,,
2026-08-02T10:27:58.008Z,0.13.3,,,16.56,,,,,false,,,,,,,,,98.5,,,,,false,,true,,95.9,,,,38.873646,-77.049828,,,,,,,,,,,,,,,,AUTO,,,,,1660,false,,,,,,,,,,,-90,1487,12,,2.1,,441,true,,9,8.0,2,38.873653,-77.049736,true,,
2026-08-02T10:27:59.008Z,0.13.3,,,16.53,,,,,false,,,,,,,,,95.9,,,,,false,,true,,94.3,,,,38.873646,-77.049812,,,,,,,,,,,,,,,,AUTO,,,,,1668,false,,,,,,,,,,,-84,1483,12,,2.1,,442,true,,9,6.7,2,38.873653,-77.049736,true,,
2026-08-02T10:28:00.008Z,0.13.3,,,16.50,,,,,false,,,,,,,,,94.5,,,,,false,,true,,93.0,,,,38.873646,-77.049805,,,,,,,,,,,,,,,,AUTO,,,,,1638,false,,,,,,,,,,,-86,1498,12,,2.0,,443,true,,9,6.0,2,38.873653,-77.049736,true,,
2026-08-02T10:28:01.008Z,0.13.3,,,16.51,,,,,false,,,,,,,,,95.7,,,,,false,,true,,95.7,,,,38.873642,-77.049789,,,,,,,,,,,,,,,,AUTO,,,,,1658,false,,,,,,,,,,,-90,1507,12,,1.9,,444,true,,9,76.8,3,38.873505,-77.048920,true,,
2026-08-02T10:28:02.008Z,0.13.3,,,16.54,,,,,false,,,,,,,,,97.7,,,,,false,,true,,100.3,,,,38.873642,-77.049782,,,,,,,,,,,,,,,,AUTO,,,,,1633,false,,,,,,,,,,,-94,1500,12,,2.0,,445,true,,9,76.2,3,38.873505,-77.048920,true,,
2026-08-02T10:28:03.008Z,0.13.3,,,16.53,,,,,false,,,,,,,,,19.5,,,,,false,,true,,99.8,,,,38.873642,-77.049767,,,,,,,,,,,,,,,,AUTO,,,,,1672,false,,,,,,,,,,,-91,1500,12,,1.9,,446,true,,9,74.9,3,38.873505,-77.048920,true,,
2026-08-02T10:28:04.009Z,0.13.3,,,16.57,,,,,false,,,,,,,,,106.2,,,,,false,,true,,106.9,,,,38.873638,-77.049759,,,,,,,,,,,,,,,,AUTO,,,,,1580,false,,,,,,,,,,,-91,1499,12,,1.8,,447,true,,9,74.2,3,38.873505,-77.048920,true,,
2026-08-02T10:28:05.009Z,0.13.3,,,16.47,,,,,false,,,,,,,,,113.5,,,,,false,,true,,115.6,,,,38.873634,-77.049744,,,,,,,,,,,,,,,,AUTO,,,,,1628,false,,,,,,,,,,,-91,1468,12,,1.8,,448,true,,9,72.8,3,38.873505,-77.048920,true,,
2026-08-02T10:28:06.009Z,0.13.3,,,16.50,,,,,false,,,,,,,,,120.7,,,,,false,,true,,121.8,,,,38.873627,-77.049736,,,,,,,,,,,,,,,,AUTO,,,,,1621,false,,,,,,,,,,,-92,1450,12,,1.9,,449,true,,9,72.0,3,38.873505,-77.048920,true,,
2026-08-02T10:28:07.009Z,0.13.3,,,16.48,,,,,false,,,,,,,,,124.7,,,,,false,,true,,122.2,,,,38.873623,-77.049728,,,,,,,,,,,,,,,,AUTO,,,,,1593,false,,,,,,,,,,,-94,1455,12,,2.1,,450,true,,9,71.2,3,38.873505,-77.048920,true,,
2026-08-02T10:28:08.009Z,0.13.3,,,16.54,,,,,false,,,,,,,,,126.1,,,,,false,,true,,122.1,,,,38.873615,-77.049713,,,,,,,,,,,,,,,,AUTO,,,,,1660,false,,,,,,,,,,,-94,1466,12,,2.2,,451,true,,9,69.8,3,38.873505,-77.048920,true,,
2026-08-02T10:28:09.009Z,0.13.3,,,16.52,,,,,false,,,,,,,,,124.2,,,,,false,,true,,115.6,,,,38.873608,-77.049706,,,,,,,,,,,,,,,,AUTO,,,,,1645,false,,,,,,,,,,,-94,1472,12,,2.2,,452,true,,9,69.0,3,38.873505,-77.048920,true,,
2026-08-02T10:28:10.009Z,0.13.3,,,16.53,,,,,false,,,,,,,,,119.8,,,,,false,,true,,113.4,,,,38.873604,-77.049690,,,,,,,,,,,,,,,,AUTO,,,,,1656,false,,,,,,,,,,,-92,1478,12,,2.2,,453,true,,9,67.6,3,38.873505,-77.048920,true,,
2026-08-02T10:28:11.009Z,0.13.3,,,16.48,,,,,false,,,,,,,,,116.2,,,,,false,,true,,111.6,,,,38.873600,-77.049683,,,,,,,,,,,,,,,,AUTO,,,,,1651,false,,,,,,,,,,,-92,1491,12,,2.1,,454,true,,9,66.9,3,38.873505,-77.048920,true,,
2026-08-02T10:28:12.009Z,0.13.3,,,16.47,,,,,false,,,,,,,,,111.9,,,,,false,,true,,109.1,,,,38.873596,-77.049667,,,,,,,,,,,,,,,,AUTO,,,,,1652,false,,,,,,,,,,,-93,1491,12,,2.2,,455,true,,9,65.5,3,38.873505,-77.048920,true,,
2026-08-02T10:28:13.010Z,0.13.3,,,16.50,,,,,false,,,,,,,,,112.0,,,,,false,,true,,107.9,,,,38.873592,-77.049660,,,,,,,,,,,,,,,,AUTO,,,,,1638,false,,,,,,,,,,,-90,1481,12,,2.0,,456,true,,9,64.8,3,38.873505,-77.048920,true,,
2026-08-02T10:28:14.011Z,0.13.3,,,16.56,,,,,false,,,,,,,,,113.9,,,,,false,,true,,107.7,,,,38.873589,-77.049644,,,,,,,,,,,,,,,,AUTO,,,,,1625,false,,,,,,,,,,,-94,1481,12,,2.0,,457,true,,9,63.4,3,38.873505,-77.048920,true,,
2026-08-02T10:28:15.012Z,0.13.3,,,16.46,,,,,false,,,,,,,,,114.8,,,,,false,,true,,111.2,,,,38.873585,-77.049637,,,,,,,,,,,,,,,,AUTO,,,,,1631,false,,,,,,,,,,,-93,1471,12,,2.1,,458,true,,9,62.7,3,38.873505,-77.048920,true,,
2026-08-02T10:28:16.013Z,0.13.3,,,16.42,,,,,false,,,,,,,,,117.9,,,,,false,,true,,111.0,,,,38.873581,-77.049622,,,,,,,,,,,,,,,,AUTO,,,,,1684,false,,,,,,,,,,,-91,1477,12,,2.1,,459,true,,9,61.4,3,38.873505,-77.048920,true,,
2026-08-02T10:28:17.016Z,0.13.3,,,16.55,,,,,false,,,,,,,,,117.5,,,,,false,,true,,112.5,,,,38.873577,-77.049614,,,,,,,,,,,,,,,,AUTO,,,,,1614,false,,,,,,,,,,,-90,1470,12,,2.1,,460,true,,9,60.6,3,38.873505,-77.048920,true,,
2026-08-02T10:28:18.016Z,0.13.3,,,16.48,,,,,false,,,,,,,,,117.5,,,,,false,,true,,110.4,,,,38.873573,-77.049599,,,,,,,,,,,,,,,,AUTO,,,,,1611,false,,,,,,,,,,,-92,1470,12,,2.1,,461,true,,9,59.3,3,38.873505,-77.048920,true,,
2026-08-02T10:28:19.016Z,0.13.3,,,16.50,,,,,false,,,,,,,,,114.1,,,,,false,,true,,109.9,,,,38.873570,-77.049591,,,,,,,,,,,,,,,,AUTO,,,,,1680,false,,,,,,,,,,,-86,1480,12,,2.1,,462,true,,9,58.6,3,38.873505,-77.048920,true,,
2026-08-02T10:28:20.017Z,0.13.3,,,16.44,,,,,false,,,,,,,,,113.2,,,,,false,,true,,110.3,,,,38.873566,-77.049576,,,,,,,,,,,,,,,,AUTO,,,,,1599,false,,,,,,,,,,,-87,1475,12,,2.2,,463,true,,9,57.2,3,38.873505,-77.048920,true,,
2026-08-02T10:28:21.017Z,0.13.3,,,16.55,,,,,false,,,,,,,,,113.2,,,,,false,,true,,108.7,,,,38.873562,-77.049568,,,,,,,,,,,,,,,,AUTO,,,,,1740,false,,,,,,,,,,,-85,1478,12,,2.1,,464,true,,9,56.5,3,38.873505,-77.048920,true,,
2026-08-02T10:28:22.017Z,0.13.3,,,16.45,,,,,false,,,,,,,,,114.2,,,,,false,,true,,108.2,,,,38.873558,-77.049553,,,,,,,,,,,,,,,,AUTO,,,,,1638,false,,,,,,,,,,,-86,1483,12,,2.0,,465,true,,9,55.1,3,38.873505,-77.048920,true,,
2026-08-02T10:28:23.017Z,0.13.3,,,16.42,,,,,false,,,,,,,,,113.2,,,,,false,,true,,106.8,,,,38.873554,-77.049545,,,,,,,,,,,,,,,,AUTO,,,,,1660,false,,,,,,,,,,,-85,1480,12,,2.1,,466,true,,9,54.4,3,38.873505,-77.048920,true,,
2026-08-02T10:28:24.017Z,0.13.3,,,16.48,,,,,false,,,,,,,,,110.8,,,,,false,,true,,107.9,,,,38.873550,-77.049530,,,,,,,,,,,,,,,,AUTO,,,,,1580,false,,,,,,,,,,,-87,1478,12,,2.1,,467,true,,9,53.1,3,38.873505,-77.048920,true,,
2026-08-02T10:28:25.018Z,0.13.3,,,16.49,,,,,false,,,,,,,,,109.0,,,,,false,,true,,101.9,,,,38.873547,-77.049522,,,,,,,,,,,,,,,,AUTO,,,,,1634,false,,,,,,,,,,,-82,1480,12,,2.1,,468,true,,9,52.4,3,38.873505,-77.048920,true,,
2026-08-02T10:28:26.020Z,0.13.3,,,16.54,,,,,false,,,,,,,,,108.3,,,,,false,,true,,106.6,,,,38.873543,-77.049507,,,,,,,,,,,,,,,,AUTO,,,,,1632,false,,,,,,,,,,,-90,1477,12,,2.0,,469,true,,9,51.0,3,38.873505,-77.048920,true,,
2026-08-02T10:28:27.020Z,0.13.3,,,16.52,,,,,false,,,,,,,,,109.1,,,,,false,,true,,107.3,,,,38.873543,-77.049499,,,,,,,,,,,,,,,,AUTO,,,,,1654,false,,,,,,,,,,,-81,1483,12,,2.0,,470,true,,9,50.4,3,38.873505,-77.048920,true,,
2026-08-02T10:28:28.020Z,0.13.3,,,16.55,,,,,false,,,,,,,,,106.6,,,,,false,,true,,104.1,,,,38.873539,-77.049484,,,,,,,,,,,,,,,,AUTO,,,,,1645,false,,,,,,,,,,,-79,1492,12,,2.0,,471,true,,9,49.0,3,38.873505,-77.048920,true,,
2026-08-02T10:28:29.020Z,0.13.3,,,16.55,,,,,false,,,,,,,,,102.4,,,,,false,,true,,102.0,,,,38.873539,-77.049477,,,,,,,,,,,,,,,,AUTO,,,,,1660,false,,,,,,,,,,,-78,1489,12,,2.0,,472,true,,9,48.4,3,38.873505,-77.048920,true,,
2026-08-02T10:28:30.020Z,0.13.3,,,16.48,,,,,false,,,,,,,,,101.5,,,,,false,,true,,102.4,,,,38.873535,-77.049461,,,,,,,,,,,,,,,,AUTO,,,,,1633,false,,,,,,,,,,,-81,1490,12,,1.9,,473,true,,9,47.0,3,38.873505,-77.048920,true,,
2026-08-02T10:28:31.020Z,0.13.3,,,16.53,,,,,false,,,,,,,,,99.5,,,,,false,,true,,103.8,,,,38.873535,-77.049454,,,,,,,,,,,,,,,,AUTO,,,,,1665,false,,,,,,,,,,,-82,1495,12,,1.9,,474,true,,9,46.4,3,38.873505,-77.048920,true,,
2026-08-02T10:28:32.020Z,0.13.3,,,16.52,,,,,false,,,,,,,,,99.1,,,,,false,,true,,102.6,,,,38.873531,-77.049438,,,,,,,,,,,,,,,,AUTO,,,,,1630,false,,,,,,,,,,,-84,1480,12,,2.0,,475,true,,9,45.0,3,38.873505,-77.048920,true,,
2026-08-02T10:28:33.020Z,0.13.3,,,16.49,,,,,false,,,,,,,,,99.1,,,,,false,,true,,101.7,,,,38.873531,-77.049431,,,,,,,,,,,,,,,,AUTO,,,,,1644,false,,,,,,,,,,,-84,1484,12,,2.0,,476,true,,9,44.4,3,38.873505,-77.048920,true,,
2026-08-02T10:28:34.020Z,0.13.3,,,16.49,,,,,false,,,,,,,,,101.4,,,,,false,,true,,105.3,,,,38.873528,-77.049416,,,,,,,,,,,,,,,,AUTO,,,,,1580,false,,,,,,,,,,,-82,1478,12,,1.9,,477,true,,9,43.0,3,38.873505,-77.048920,true,,
2026-08-02T10:28:35.020Z,0.13.3,,,16.47,,,,,false,,,,,,,,,102.4,,,,,false,,true,,106.4,,,,38.873528,-77.049408,,,,,,,,,,,,,,,,AUTO,,,,,1638,false,,,,,,,,,,,-91,1477,12,,1.9,,478,true,,9,42.3,3,38.873505,-77.048920,true,,
2026-08-02T10:28:36.020Z,0.13.3,,,16.48,,,,,false,,,,,,,,,103.3,,,,,false,,true,,106.6,,,,38.873524,-77.049393,,,,,,,,,,,,,,,,AUTO,,,,,1623,false,,,,,,,,,,,-86,1482,12,,2.0,,479,true,,9,41.0,3,38.873505,-77.048920,true,,
2026-08-02T10:28:37.022Z,0.13.3,,,16.48,,,,,false,,,,,,,,,104.4,,,,,false,,true,,106.9,,,,38.873524,-77.049385,,,,,,,,,,,,,,,,AUTO,,,,,1633,false,,,,,,,,,,,-92,1472,12,,2.0,,480,true,,9,40.3,3,38.873505,-77.048920,true,,
2026-08-02T10:28:38.022Z,0.13.3,,,16.55,,,,,false,,,,,,,,,102.2,,,,,false,,true,,103.0,,,,38.873520,-77.049370,,,,,,,,,,,,,,,,AUTO,,,,,1713,false,,,,,,,,,,,-90,1480,12,,2.1,,481,true,,9,39.0,3,38.873505,-77.048920,true,,
2026-08-02T10:28:39.022Z,0.13.3,,,16.42,,,,,false,,,,,,,,,100.4,,,,,false,,true,,103.1,,,,38.873520,-77.049362,,,,,,,,,,,,,,,,AUTO,,,,,1580,false,,,,,,,,,,,-85,1483,12,,2.0,,482,true,,9,38.3,3,38.873505,-77.048920,true,,
2026-08-02T10:28:40.022Z,0.13.3,,,16.54,,,,,false,,,,,,,,,100.5,,,,,false,,true,,101.1,,,,38.873516,-77.049347,,,,,,,,,,,,,,,,AUTO,,,,,1630,false,,,,,,,,,,,-87,1490,12,,2.0,,483,true,,9,37.0,3,38.873505,-77.048920,true,,
2026-08-02T10:28:41.022Z,0.13.3,,,16.46,,,,,false,,,,,,,,,101.7,,,,,false,,true,,102.4,,,,38.873516,-77.049339,,,,,,,,,,,,,,,,AUTO,,,,,1658,false,,,,,,,,,,,-90,1483,12,,2.0,,484,true,,9,36.3,3,38.873505,-77.048920,true,,
2026-08-02T10:28:42.022Z,0.13.3,,,16.46,,,,,false,,,,,,,,,104.5,,,,,false,,true,,102.9,,,,38.873512,-77.049324,,,,,,,,,,,,,,,,AUTO,,,,,1644,false,,,,,,,,,,,-86,1477,12,,2.0,,485,true,,9,35.0,3,38.873505,-77.048920,true,,
2026-08-02T10:28:43.022Z,0.13.3,,,16.49,,,,,false,,,,,,,,,106.4,,,,,false,,true,,106.4,,,,38.873512,-77.049309,,,,,,,,,,,,,,,,AUTO,,,,,1740,false,,,,,,,,,,,-90,1472,12,,2.0,,486,true,,9,33.7,3,38.873505,-77.048920,true,,
2026-08-02T10:28:44.022Z,0.13.3,,,16.55,,,,,false,,,,,,,,,108.2,,,,,false,,true,,103.7,,,,38.873508,-77.049301,,,,,,,,,,,,,,,,AUTO,,,,,1702,false,,,,,,,,,,,-90,1475,12,,2.0,,487,true,,9,33.0,3,38.873505,-77.048920,true,,
2026-08-02T10:28:45.022Z,0.13.3,,,16.43,,,,,false,,,,,,,,,107.6,,,,,false,,true,,104.3,,,,38.873505,-77.049286,,,,,,,,,,,,,,,,AUTO,,,,,1610,false,,,,,,,,,,,-91,1474,12,,2.2,,488,true,,9,31.7,3,38.873505,-77.048920,true,,
2026-08-02T10:28:46.022Z,0.13.3,,,16.52,,,,,false,,,,,,,,,106.4,,,,,false,,true,,102.4,,,,38.873501,-77.049278,,,,,,,,,,,,,,,,AUTO,,,,,1588,false,,,,,,,,,,,-90,1469,12,,2.1,,489,true,,9,31.0,3,38.873505,-77.048920,true,,
2026-08-02T10:28:47.022Z,0.13.3,,,16.58,,,,,false,,,,,,,,,105.8,,,,,false,,true,,103.5,,,,38.873501,-77.049263,,,,,,,,,,,,,,,,AUTO,,,,,1598,false,,,,,,,,,,,-87,1470,12,,2.2,,490,true,,9,29.7,3,38.873505,-77.048920,true,,
2026-08-02T10:28:48.022Z,0.13.3,,,16.30,,,,,false,,,,,,,,,105.8,,,,,false,,true,,105.7,,,,38.873497,-77.049248,,,,,,,,,,,,,,,,AUTO,,,,,1626,false,,,,,,,,,,,-92,1481,12,,2.2,,491,true,,9,28.4,3,38.873505,-77.048920,true,,
2026-08-02T10:28:49.023Z,0.13.3,,,16.55,,,,,false,,,,,,,,,104.3,,,,,false,,true,,103.4,,,,38.873493,-77.049240,,,,,,,,,,,,,,,,AUTO,,,,,1610,false,,,,,,,,,,,-95,1479,12,,2.1,,492,true,,9,27.8,3,38.873505,-77.048920,true,,
2026-08-02T10:28:50.023Z,0.13.3,,,16.50,,,,,false,,,,,,,,,104.0,,,,,false,,true,,108.6,,,,38.873493,-77.049225,,,,,,,,,,,,,,,,AUTO,,,,,1664,false,,,,,,,,,,,-95,1481,12,,2.1,,493,true,,9,26.4,3,38.873505,-77.048920,true,,
2026-08-02T10:28:51.023Z,0.13.3,,,16.48,,,,,false,,,,,,,,,102.1,,,,,false,,true,,99.4,,,,38.873489,-77.049210,,,,,,,,,,,,,,,,AUTO,,,,,1662,false,,,,,,,,,,,-95,1480,12,,2.1,,494,true,,9,25.2,3,38.873505,-77.048920,true,,
2026-08-02T10:28:52.023Z,0.13.3,,,16.56,,,,,false,,,,,,,,,99.4,,,,,false,,true,,96.6,,,,38.873489,-77.049202,,,,,,,,,,,,,,,,AUTO,,,,,1647,false,,,,,,,,,,,-95,1482,12,,2.1,,495,true,,9,24.5,3,38.873505,-77.048920,true,,
2026-08-02T10:28:53.023Z,0.13.3,,,16.50,,,,,false,,,,,,,,,100.5,,,,,false,,true,,98.8,,,,38.873489,-77.049187,,,,,,,,,,,,,,,,AUTO,,,,,1655,false,,,,,,,,,,,-95,1473,12,,2.0,,496,true,,9,23.2,3,38.873505,-77.048920,true,,
2026-08-02T10:28:54.023Z,0.13.3,,,16.44,,,,,false,,,,,,,,,99.3,,,,,false,,true,,96.7,,,,38.873486,-77.049171,,,,,,,,,,,,,,,,AUTO,,,,,1650,false,,,,,,,,,,,-95,1476,12,,2.1,,497,true,,9,21.9,3,38.873505,-77.048920,true,,
2026-08-02T10:28:55.023Z,0.13.3,,,16.54,,,,,false,,,,,,,,,99.0,,,,,false,,true,,95.2,,,,38.873486,-77.049164,,,,,,,,,,,,,,,,AUTO,,,,,1665,false,,,,,,,,,,,-95,1483,12,,2.1,,498,true,,9,21.2,3,38.873505,-77.048920,true,,
2026-08-02T10:28:56.023Z,0.13.3,,,16.50,,,,,false,,,,,,,,,98.2,,,,,false,,true,,96.6,,,,38.873486,-77.049149,,,,,,,,,,,,,,,,AUTO,,,,,1613,false,,,,,,,,,,,-95,1480,12,,2.1,,499,true,,9,19.9,3,38.873505,-77.048920,true,,
2026-08-02T10:28:57.024Z,0.13.3,,,16.55,,,,,false,,,,,,,,,97.3,,,,,false,,true,,94.2,,,,38.873482,-77.049141,,,,,,,,,,,,,,,,AUTO,,,,,1672,false,,,,,,,,,,,-95,1477,12,,2.1,,500,true,,9,19.3,3,38.873505,-77.048920,true,,
2026-08-02T10:28:58.024Z,0.13.3,,,16.48,,,,,false,,,,,,,,,96.4,,,,,false,,true,,93.7,,,,38.873482,-77.049126,,,,,,,,,,,,,,,,AUTO,,,,,1630,false,,,,,,,,,,,0,1485,12,,2.1,,501,false,,9,18.0,3,38.873505,-77.048920,true,,
2026-08-02T10:28:59.024Z,0.13.3,,,16.55,,,,,false,,,,,,,,,95.9,,,,,false,,true,,95.2,,,,38.873482,-77.049110,,,,,,,,,,,,,,,,AUTO,,,,,1653,false,,,,,,,,,,,0,1487,12,,2.0,,502,false,,9,16.7,3,38.873505,-77.048920,true,,
2026-08-02T10:29:00.024Z,0.13.3,,,16.43,,,,,false,,,,,,,,,94.5,,,,,false,,true,,94.6,,,,38.873482,-77.049103,,,,,,,,,,,,,,,,AUTO,,,,,1628,false,,,,,,,,,,,0,1478,12,,2.1,,503,false,,9,16.1,3,38.873505,-77.048920,true,,
2026-08-02T10:29:01.024Z,0.13.3,,,16.55,,,,,false,,,,,,,,,93.3,,,,,false,,true,,95.0,,,,38.873482,-77.049087,,,,,,,,,,,,,,,,AUTO,,,,,1670,false,,,,,,,,,,,0,1486,12,,2.1,,504,false,,9,14.8,3,38.873505,-77.048920,true,,
2026-08-02T10:29:02.024Z,0.13.3,,,16.46,,,,,false,,,,,,,,,92.7,,,,,false,,true,,96.0,,,,38.873482,-77.049072,,,,,,,,,,,,,,,,AUTO,,,,,1626,false,,,,,,,,,,,0,1483,12,,2.1,,505,false,,9,13.5,3,38.873505,-77.048920,true,,
2026-08-02T10:29:03.024Z,0.13.3,,,16.56,,,,,false,,,,,,,,,92.7,,,,,false,,true,,92.5,,,,38.873482,-77.049065,,,,,,,,,,,,,,,,AUTO,,,,,1663,false,,,,,,,,,,,0,1476,12,,2.1,,506,false,,9,12.8,3,38.873505,-77.048920,true,,
2026-08-02T10:29:04.024Z,0.13.3,,,16.51,,,,,false,,,,,,,,,90.3,,,,,false,,true,,89.6,,,,38.873482,-77.049049,,,,,,,,,,,,,,,,AUTO,,,,,1628,false,,,,,,,,,,,0,1471,12,,2.1,,507,false,,9,11.5,3,38.873505,-77.048920,true,,
2026-08-02T10:29:05.024Z,0.13.3,,,16.43,,,,,false,,,,,,,,,94.4,,,,,false,,true,,94.8,,,,38.873482,-77.049034,,,,,,,,,,,,,,,,AUTO,,,,,1604,false,,,,,,,,,,,0,1461,12,,2.1,,508,false,,9,10.2,3,38.873505,-77.048920,true,,
2026-08-02T10:29:06.025Z,0.13.3,,,16.51,,,,,false,,,,,,,,,95.8,,,,,false,,true,,92.8,,,,38.873478,-77.049026,,,,,,,,,,,,,,,,AUTO,,,,,1604,false,,,,,,,,,,,0,1467,12,,2.2,,509,false,,9,9.7,3,38.873505,-77.048920,true,,
2026-08-02T10:29:07.026Z,0.13.3,,,16.50,,,,,false,,,,,,,,,95.6,,,,,false,,true,,88.5,,,,38.873478,-77.049011,,,,,,,,,,,,,,,,AUTO,,,,,1646,false,,,,,,,,,,,0,1473,12,,2.2,,510,false,,9,8.5,3,38.873505,-77.048920,true,,
2026-08-02T10:29:08.026Z,0.13.3,,,16.32,,,,,false,,,,,,,,,93.4,,,,,false,,true,,90.5,,,,38.873478,-77.048996,,,,,,,,,,,,,,,,AUTO,,,,,1611,false,,,,,,,,,,,0,1465,12,,2.2,,511,false,,9,7.2,3,38.873505,-77.048920,true,,
2026-08-02T10:29:09.026Z,0.13.3,,,16.50,,,,,false,,,,,,,,,92.7,,,,,false,,true,,88.4,,,,38.873478,-77.048981,,,,,,,,,,,,,,,,AUTO,,,,,1670,false,,,,,,,,,,,0,1466,12,,2.2,,512,false,,9,6.1,3,38.873505,-77.048920,true,,
2026-08-02T10:29:10.026Z,0.13.3,,,16.48,,,,,false,,,,,,,,,91.0,,,,,false,,true,,83.8,,,,38.873478,-77.048973,,,,,,,,,,,,,,,,AUTO,,,,,1644,false,,,,,,,,,,,0,1484,12,,2.2,,513,false,,9,5.5,3,38.873505,-77.048920,true,,
2026-08-02T10:29:11.026Z,0.13.3,,,16.47,,,,,false,,,,,,,,,88.4,,,,,false,,true,,82.3,,,,38.873478,-77.048958,,,,,,,,,,,,,,,,AUTO,,,,,1599,false,,,,,,,,,,,0,1459,12,,2.1,,514,false,,9,109.1,4,38.873989,-77.047882,true,,
2026-08-02T10:29:12.026Z,0.13.3,,,16.55,,,,,false,,,,,,,,,85.5,,,,,false,,true,,84.4,,,,38.873482,-77.048943,,,,,,,,,,,,,,,,AUTO,,,,,1655,false,,,,,,,,,,,0,1463,12,,2.2,,515,false,,9,107.8,4,38.873989,-77.047882,true,,
2026-08-02T10:29:13.026Z,0.13.3,,,16.49,,,,,false,,,,,,,,,81.9,,,,,false,,true,,80.0,,,,38.873482,-77.048935,,,,,,,,,,,,,,,,AUTO,,,,,1609,false,,,,,,,,,,,0,1463,12,,2.2,,516,false,,9,107.2,4,38.873989,-77.047882,true,,
2026-08-02T10:29:14.028Z,0.13.3,,,16.52,,,,,false,,,,,,,,,76.5,,,,,false,,true,,78.1,,,,38.873486,-77.048920,,,,,,,,,,,,,,,,AUTO,,,,,1697,false,,,,,,,,,,,0,1482,12,,2.2,,517,false,,9,105.8,4,38.873989,-77.047882,true,,
2026-08-02T10:29:15.028Z,0.13.3,,,16.53,,,,,false,,,,,,,,,72.7,,,,,false,,true,,72.8,,,,38.873489,-77.048904,,,,,,,,,,,,,,,,AUTO,,,,,1649,false,,,,,,,,,,,0,1485,12,,2.2,,518,false,,9,104.5,4,38.873989,-77.047882,true,,
2026-08-02T10:29:16.028Z,0.13.3,,,16.47,,,,,false,,,,,,,,,70.9,,,,,false,,true,,74.9,,,,38.873493,-77.048897,,,,,,,,,,,,,,,,AUTO,,,,,1626,false,,,,,,,,,,,0,1476,12,,2.0,,519,false,,9,103.7,4,38.873989,-77.047882,true,,
2026-08-02T10:29:17.028Z,0.13.3,,,16.45,,,,,false,,,,,,,,,70.0,,,,,false,,true,,70.8,,,,38.873493,-77.048881,,,,,,,,,,,,,,,,AUTO,,,,,1638,false,,,,,,,,,,,0,1491,12,,2.0,,520,false,,9,102.6,4,38.873989,-77.047882,true,,
2026-08-02T10:29:18.029Z,0.13.3,,,16.50,,,,,false,,,,,,,,,70.0,,,,,false,,true,,73.7,,,,38.873497,-77.048874,,,,,,,,,,,,,,,,AUTO,,,,,1595,false,,,,,,,,,,,0,1483,12,,2.0,,521,false,,9,101.8,4,38.873989,-77.047882,true,,
2026-08-02T10:29:19.030Z,0.13.3,,,16.54,,,,,false,,,,,,,,,67.8,,,,,false,,true,,73.5,,,,38.873501,-77.048859,,,,,,,,,,,,,,,,AUTO,,,,,1639,false,,,,,,,,,,,0,1479,12,,2.0,,522,false,,9,100.5,4,38.873989,-77.047882,true,,
2026-08-02T10:29:20.031Z,0.13.3,,,16.54,,,,,false,,,,,,,,,68.4,,,,,false,,true,,72.4,,,,38.873505,-77.048851,,,,,,,,,,,,,,,,AUTO,,,,,1630,false,,,,,,,,,,,0,1468,12,,2.1,,523,false,,9,99.7,4,38.873989,-77.047882,true,,
2026-08-02T10:29:21.032Z,0.13.3,,,16.46,,,,,false,,,,,,,,,67.4,,,,,false,,true,,75.8,,,,38.873508,-77.048836,,,,,,,,,,,,,,,,AUTO,,,,,1740,false,,,,,,,,,,,0,1473,12,,2.0,,524,false,,9,98.3,4,38.873989,-77.047882,true,,
2026-08-02T10:29:22.032Z,0.13.3,,,16.49,,,,,false,,,,,,,,,67.4,,,,,false,,true,,69.5,,,,38.873512,-77.048828,,,,,,,,,,,,,,,,AUTO,,,,,1683,false,,,,,,,,,,,0,1482,12,,2.0,,525,false,,9,97.6,4,38.873989,-77.047882,true,,
2026-08-02T10:29:23.032Z,0.13.3,,,16.45,,,,,false,,,,,,,,,68.4,,,,,false,,true,,69.1,,,,38.873516,-77.048813,,,,,,,,,,,,,,,,AUTO,,,,,1652,false,,,,,,,,,,,0,1477,12,,2.0,,526,false,,9,96.2,4,38.873989,-77.047882,true,,
2026-08-02T10:29:24.032Z,0.13.3,,,16.50,,,,,false,,,,,,,,,70.6,,,,,false,,true,,72.3,,,,38.873520,-77.048805,,,,,,,,,,,,,,,,AUTO,,,,,1615,false,,,,,,,,,,,0,1482,12,,2.0,,527,false,,9,95.4,4,38.873989,-77.047882,true,,
2026-08-02T10:29:25.032Z,0.13.3,,,16.46,,,,,false,,,,,,,,,72.3,,,,,false,,true,,73.9,,,,38.873520,-77.048790,,,,,,,,,,,,,,,,AUTO,,,,,1580,false,,,,,,,,,,,0,1476,12,,2.0,,528,false,,9,94.3,4,38.873989,-77.047882,true,,
2026-08-02T10:29:26.032Z,0.13.3,,,16.54,,,,,false,,,,,,,,,72.4,,,,,false,,true,,75.3,,,,38.873524,-77.048782,,,,,,,,,,,,,,,,AUTO,,,,,1652,false,,,,,,,,,,,0,1469,12,,2.0,,529,false,,9,93.6,4,38.873989,-77.047882,true,,
2026-08-02T10:29:27.032Z,0.13.3,,,16.48,,,,,false,,,,,,,,,71.7,,,,,false,,true,,71.8,,,,38.873528,-77.048767,,,,,,,,,,,,,,,,AUTO,,,,,1634,false,,,,,,,,,,,0,1474,12,,2.1,,530,false,,9,92.2,4,38.873989,-77.047882,true,,
2026-08-02T10:29:28.032Z,0.13.3,,,16.55,,,,,false,,,,,,,,,69.6,,,,,false,,true,,73.3,,,,38.873531,-77.048760,,,,,,,,,,,,,,,,AUTO,,,,,1632,false,,,,,,,,,,,0,1464,12,,2.2,,531,false,,9,91.4,4,38.873989,-77.047882,true,,
2026-08-02T10:29:29.032Z,0.13.3,,,16.41,,,,,false,,,,,,,,,68.4,,,,,false,,true,,70.8,,,,38.873535,-77.048744,,,,,,,,,,,,,,,,AUTO,,,,,1630,false,,,,,,,,,,,0,1477,12,,2.2,,532,false,,9,90.1,4,38.873989,-77.047882,true,,
2026-08-02T10:29:30.032Z,0.13.3,,,16.54,,,,,false,,,,,,,,,66.0,,,,,false,,true,,69.8,,,,38.873539,-77.048737,,,,,,,,,,,,,,,,AUTO,,,,,1643,false,,,,,,,,,,,0,1478,12,,2.0,,533,false,,9,89.3,4,38.873989,-77.047882,true,,
2026-08-02T10:29:31.032Z,0.13.3,,,16.46,,,,,false,,,,,,,,,63.0,,,,,false,,true,,66.4,,,,38.873543,-77.048721,,,,,,,,,,,,,,,,AUTO,,,,,1651,false,,,,,,,,,,,0,1479,12,,2.0,,534,false,,9,88.0,4,38.873989,-77.047882,true,,
2026-08-02T10:29:32.032Z,0.13.3,,,16.50,,,,,false,,,,,,,,,62.1,,,,,false,,true,,66.7,,,,38.873547,-77.048714,,,,,,,,,,,,,,,,AUTO,,,,,1674,false,,,,,,,,,,,0,1482,12,,2.0,,535,false,,9,87.2,4,38.873989,-77.047882,true,,
2026-08-02T10:29:33.032Z,0.13.3,,,16.50,,,,,false,,,,,,,,,62.1,,,,,false,,true,,67.0,,,,38.873550,-77.048698,,,,,,,,,,,,,,,,AUTO,,,,,1652,false,,,,,,,,,,,0,1482,12,,2.0,,536,false,,9,85.9,4,38.873989,-77.047882,true,,
2026-08-02T10:29:34.034Z,0.13.3,,,16.46,,,,,false,,,,,,,,,62.9,,,,,false,,true,,67.8,,,,38.873554,-77.048691,,,,,,,,,,,,,,,,AUTO,,,,,1592,false,,,,,,,,,,,0,1476,12,,2.0,,537,false,,9,85.1,4,38.873989,-77.047882,true,,
2026-08-02T10:29:35.034Z,0.13.3,,,16.52,,,,,false,,,,,,,,,62.0,,,,,false,,true,,67.6,,,,38.873558,-77.048683,,,,,,,,,,,,,,,,AUTO,,,,,1624,false,,,,,,,,,,,0,1484,12,,1.9,,538,false,,9,84.3,4,38.873989,-77.047882,true,,
2026-08-02T10:29:36.034Z,0.13.3,,,16.48,,,,,false,,,,,,,,,63.0,,,,,false,,true,,65.1,,,,38.873566,-77.048668,,,,,,,,,,,,,,,,AUTO,,,,,1740,false,,,,,,,,,,,0,1479,12,,1.9,,539,false,,9,82.7,4,38.873989,-77.047882,true,,
2026-08-02T10:29:37.034Z,0.13.3,,,16.53,,,,,false,,,,,,,,,63.5,,,,,false,,true,,67.6,,,,38.873570,-77.048660,,,,,,,,,,,,,,,,AUTO,,,,,1635,false,,,,,,,,,,,0,1475,12,,2.0,,540,false,,9,81.9,4,38.873989,-77.047882,true,,
2026-08-02T10:29:38.035Z,0.13.3,,,16.46,,,,,false,,,,,,,,,65.8,,,,,false,,true,,70.4,,,,38.873573,-77.048645,,,,,,,,,,,,,,,,AUTO,,,,,1665,false,,,,,,,,,,,0,1483,12,,2.0,,541,false,,9,80.6,4,38.873989,-77.047882,true,,
2026-08-02T10:29:39.036Z,0.13.3,,,16.56,,,,,false,,,,,,,,,66.9,,,,,false,,true,,68.4,,,,38.873573,-77.048637,,,,,,,,,,,,,,,,AUTO,,,,,1640,false,,,,,,,,,,,0,1480,12,,2.0,,542,false,,9,80.1,4,38.873989,-77.047882,true,,
2026-08-02T10:29:40.039Z,0.13.3,,,16.50,,,,,false,,,,,,,,,68.5,,,,,false,,true,,67.6,,,,38.873577,-77.048622,,,,,,,,,,,,,,,,AUTO,,,,,1634,false,,,,,,,,,,,0,1478,12,,2.0,,543,false,,9,78.8,4,38.873989,-77.047882,true,,
2026-08-02T10:29:41.039Z,0.13.3,,,16.53,,,,,false,,,,,,,,,69.0,,,,,false,,true,,71.5,,,,38.873581,-77.048614,,,,,,,,,,,,,,,,AUTO,,,,,1606,false,,,,,,,,,,,0,1457,12,,2.0,,544,false,,9,78.0,4,38.873989,-77.047882,true,,
2026-08-02T10:29:42.039Z,0.13.3,,,16.31,,,,,false,,,,,,,,,70.5,,,,,false,,true,,74.2,,,,38.873585,-77.048599,,,,,,,,,,,,,,,,AUTO,,,,,1632,false,,,,,,,,,,,-86,1471,12,,2.1,,545,true,,9,76.7,4,38.873989,-77.047882,true,,
2026-08-02T10:29:43.039Z,0.13.3,,,16.46,,,,,false,,,,,,,,,72.0,,,,,false,,true,,70.5,,,,38.873589,-77.048592,,,,,,,,,,,,,,,,AUTO,,,,,1635,false,,,,,,,,,,,-85,1475,12,,2.1,,546,true,,9,75.9,4,38.873989,-77.047882,true,,
2026-08-02T10:29:44.040Z,0.13.3,,,16.44,,,,,false,,,,,,,,,71.8,,,,,false,,true,,71.8,,,,38.873589,-77.048576,,,,,,,,,,,,,,,,AUTO,,,,,1651,false,,,,,,,,,,,-89,1474,12,,2.1,,547,true,,9,74.8,4,38.873989,-77.047882,true,,
2026-08-02T10:29:45.041Z,0.13.3,,,16.54,,,,,false,,,,,,,,,69.5,,,,,false,,true,,71.5,,,,38.873592,-77.048569,,,,,,,,,,,,,,,,AUTO,,,,,1625,false,,,,,,,,,,,-85,1472,12,,2.1,,548,true,,9,74.0,4,38.873989,-77.047882,true,,
2026-08-02T10:29:46.041Z,0.13.3,,,16.48,,,,,false,,,,,,,,,70.4,,,,,false,,true,,66.8,,,,38.873596,-77.048553,,,,,,,,,,,,,,,,AUTO,,,,,1652,false,,,,,,,,,,,-84,1484,12,,2.1,,549,true,,9,72.7,4,38.873989,-77.047882,true,,
2026-08-02T10:29:47.041Z,0.13.3,,,16.47,,,,,false,,,,,,,,,70.8,,,,,false,,true,,68.2,,,,38.873600,-77.048546,,,,,,,,,,,,,,,,AUTO,,,,,1599,false,,,,,,,,,,,-87,1472,12,,2.0,,550,true,,9,71.9,4,38.873989,-77.047882,true,,
2026-08-02T10:29:48.041Z,0.13.3,,,16.54,,,,,false,,,,,,,,,70.8,,,,,false,,true,,70.4,,,,38.873600,-77.048531,,,,,,,,,,,,,,,,AUTO,,,,,1580,false,,,,,,,,,,,-86,1472,12,,2.0,,551,true,,9,70.9,4,38.873989,-77.047882,true,,
2026-08-02T10:29:49.041Z,0.13.3,,,16.31,,,,,false,,,,,,,,,72.5,,,,,false,,true,,70.5,,,,38.873604,-77.048523,,,,,,,,,,,,,,,,AUTO,,,,,1582,false,,,,,,,,,,,-82,1466,12,,2.1,,552,true,,9,70.1,4,38.873989,-77.047882,true,,
2026-08-02T10:29:50.041Z,0.13.3,,,16.54,,,,,false,,,,,,,,,72.4,,,,,false,,true,,69.5,,,,38.873608,-77.048508,,,,,,,,,,,,,,,,AUTO,,,,,1647,false,,,,,,,,,,,-89,1473,12,,2.1,,553,true,,9,68.8,4,38.873989,-77.047882,true,,
2026-08-02T10:29:51.041Z,0.13.3,,,16.50,,,,,false,,,,,,,,,70.0,,,,,false,,true,,70.5,,,,38.873612,-77.048500,,,,,,,,,,,,,,,,AUTO,,,,,1614,false,,,,,,,,,,,-85,1476,12,,2.1,,554,true,,9,68.0,4,38.873989,-77.047882,true,,
2026-08-02T10:29:52.041Z,0.13.3,,,16.48,,,,,false,,,,,,,,,67.7,,,,,false,,true,,63.7,,,,38.873615,-77.048485,,,,,,,,,,,,,,,,AUTO,,,,,1654,false,,,,,,,,,,,-86,1486,12,,2.1,,555,true,,9,66.7,4,38.873989,-77.047882,true,,
2026-08-02T10:29:53.041Z,0.13.3,,,16.53,,,,,false,,,,,,,,,64.5,,,,,false,,true,,63.5,,,,38.873619,-77.048477,,,,,,,,,,,,,,,,AUTO,,,,,1623,false,,,,,,,,,,,-92,1474,12,,2.1,,556,true,,9,65.9,4,38.873989,-77.047882,true,,
2026-08-02T10:29:54.041Z,0.13.3,,,16.52,,,,,false,,,,,,,,,65.8,,,,,false,,true,,68.0,,,,38.873623,-77.048462,,,,,,,,,,,,,,,,AUTO,,,,,1580,false,,,,,,,,,,,-92,1473,12,,2.0,,557,true,,9,64.6,4,38.873989,-77.047882,true,,
2026-08-02T10:29:55.041Z,0.13.3,,,16.46,,,,,false,,,,,,,,,65.6,,,,,false,,true,,68.7,,,,38.873627,-77.048454,,,,,,,,,,,,,,,,AUTO,,,,,1645,false,,,,,,,,,,,-88,1477,12,,2.0,,558,true,,9,63.9,4,38.873989,-77.047882,true,,
2026-08-02T10:29:56.041Z,0.13.3,,,16.52,,,,,false,,,,,,,,,64.5,,,,,false,,true,,64.9,,,,38.873630,-77.048447,,,,,,,,,,,,,,,,AUTO,,,,,1669,false,,,,,,,,,,,-85,1485,12,,2.0,,559,true,,9,63.1,4,38.873989,-77.047882,true,,
2026-08-02T10:29:57.041Z,0.13.3,,,16.47,,,,,false,,,,,,,,,64.0,,,,,false,,true,,65.8,,,,38.873634,-77.048431,,,,,,,,,,,,,,,,AUTO,,,,,1646,false,,,,,,,,,,,-85,1481,12,,2.0,,560,true,,9,61.8,4,38.873989,-77.047882,true,,
2026-08-02T10:29:58.041Z,0.13.3,,,16.33,,,,,false,,,,,,,,,66.2,,,,,false,,true,,67.2,,,,38.873638,-77.048424,,,,,,,,,,,,,,,,AUTO,,,,,1642,false,,,,,,,,,,,-85,1471,12,,2.0,,561,true,,9,61.0,4,38.873989,-77.047882,true,,
2026-08-02T10:29:59.041Z,0.13.3,,,16.40,,,,,false,,,,,,,,,67.2,,,,,false,,true,,67.8,,,,38.873642,-77.048408,,,,,,,,,,,,,,,,AUTO,,,,,1635,false,,,,,,,,,,,-88,1470,12,,2.0,,562,true,,9,59.7,4,38.873989,-77.047882,true,,
2026-08-02T10:30:00.041Z,0.13.3,,,16.55,,,,,false,,,,,,,,,68.8,,,,,false,,true,,66.4,,,,38.873646,-77.048401,,,,,,,,,,,,,,,,AUTO,,,,,1713,false,,,,,,,,,,,-86,1475,12,,2.1,,563,true,,9,58.9,4,38.873989,-77.047882,true,,
2026-08-02T10:30:01.041Z,0.13.3,,,16.47,,,,,false,,,,,,,,,67.2,,,,,false,,true,,64.3,,,,38.873650,-77.048386,,,,,,,,,,,,,,,,AUTO,,,,,1660,false,,,,,,,,,,,-83,1474,12,,2.1,,564,true,,9,57.7,4,38.873989,-77.047882,true,,
2026-08-02T10:30:02.041Z,0.13.3,,,16.44,,,,,false,,,,,,,,,66.8,,,,,false,,true,,66.9,,,,38.873653,-77.048378,,,,,,,,,,,,,,,,AUTO,,,,,1630,false,,,,,,,,,,,-83,1469,12,,2.1,,565,true,,9,56.9,4,38.873989,-77.047882,true,,
2026-08-02T10:30:03.041Z,0.13.3,,,16.48,,,,,false,,,,,,,,,66.8,,,,,false,,true,,65.2,,,,38.873657,-77.048370,,,,,,,,,,,,,,,,AUTO,,,,,1663,false,,,,,,,,,,,-90,1470,12,,2.1,,566,true,,9,56.1,4,38.873989,-77.047882,true,,
2026-08-02T10:30:04.041Z,0.13.3,,,16.42,,,,,false,,,,,,,,,62.8,,,,,false,,true,,64.8,,,,38.873661,-77.048355,,,,,,,,,,,,,,,,AUTO,,,,,1580,false,,,,,,,,,,,-88,1468,12,,2.1,,567,true,,9,54.8,4,38.873989,-77.047882,true,,
2026-08-02T10:30:05.041Z,0.13.3,,,16.51,,,,,false,,,,,,,,,61.1,,,,,false,,true,,64.1,,,,38.873669,-77.048348,,,,,,,,,,,,,,,,AUTO,,,,,1654,false,,,,,,,,,,,-88,1486,12,,2.0,,568,true,,9,53.8,4,38.873989,-77.047882,true,,
2026-08-02T10:30:06.041Z,0.13.3,,,16.38,,,,,false,,,,,,,,,60.8,,,,,false,,true,,65.8,,,,38.873672,-77.048332,,,,,,,,,,,,,,,,AUTO,,,,,1636,false,,,,,,,,,,,-90,1471,12,,2.1,,569,true,,9,52.5,4,38.873989,-77.047882,true,,
2026-08-02T10:30:07.041Z,0.13.3,,,16.54,,,,,false,,,,,,,,,60.7,,,,,false,,true,,60.8,,,,38.873676,-77.048325,,,,,,,,,,,,,,,,AUTO,,,,,1633,false,,,,,,,,,,,-92,1479,12,,2.0,,570,true,,9,51.7,4,38.873989,-77.047882,true,,
2026-08-02T10:30:08.041Z,0.13.3,,,16.42,,,,,false,,,,,,,,,62.7,,,,,false,,true,,66.9,,,,38.873680,-77.048309,,,,,,,,,,,,,,,,AUTO,,,,,1594,false,,,,,,,,,,,-92,1465,12,,2.1,,571,true,,9,50.5,4,38.873989,-77.047882,true,,
2026-08-02T10:30:09.043Z,0.13.3,,,16.46,,,,,false,,,,,,,,,63.8,,,,,false,,true,,70.0,,,,38.873684,-77.048302,,,,,,,,,,,,,,,,AUTO,,,,,1580,false,,,,,,,,,,,-90,1465,12,,2.0,,572,true,,9,49.7,4,38.873989,-77.047882,true,,
2026-08-02T10:30:10.043Z,0.13.3,,,16.54,,,,,false,,,,,,,,,65.0,,,,,false,,true,,67.1,,,,38.873688,-77.048286,,,,,,,,,,,,,,,,AUTO,,,,,1638,false,,,,,,,,,,,-90,1473,12,,2.0,,573,true,,9,48.5,4,38.873989,-77.047882,true,,
2026-08-02T10:30:11.043Z,0.13.3,,,16.37,,,,,false,,,,,,,,,63.8,,,,,false,,true,,65.2,,,,38.873692,-77.048279,,,,,,,,,,,,,,,,AUTO,,,,,1653,false,,,,,,,,,,,-89,1483,12,,2.0,,574,true,,9,47.7,4,38.873989,-77.047882,true,,
2026-08-02T10:30:12.043Z,0.13.3,,,16.48,,,,,false,,,,,,,,,64.0,,,,,false,,true,,62.1,,,,38.873699,-77.048271,,,,,,,,,,,,,,,,AUTO,,,,,1618,false,,,,,,,,,,,-92,1478,12,,2.0,,575,true,,9,46.6,4,38.873989,-77.047882,true,,
2026-08-02T10:30:13.043Z,0.13.3,,,16.51,,,,,false,,,,,,,,,63.1,,,,,false,,true,,64.5,,,,38.873703,-77.048256,,,,,,,,,,,,,,,,AUTO,,,,,1590,false,,,,,,,,,,,-92,1470,12,,2.1,,576,true,,9,45.4,4,38.873989,-77.047882,true,,
2026-08-02T10:30:14.043Z,0.13.3,,,16.49,,,,,false,,,,,,,,,64.2,,,,,false,,true,,60.7,,,,38.873707,-77.048248,,,,,,,,,,,,,,,,AUTO,,,,,1619,false,,,,,,,,,,,-92,1467,12,,2.0,,577,true,,9,44.6,4,38.873989,-77.047882,true,,
2026-08-02T10:30:15.043Z,0.13.3,,,16.32,,,,,false,,,,,,,,,63.6,,,,,false,,true,,63.2,,,,38.873711,-77.048233,,,,,,,,,,,,,,,,AUTO,,,,,1580,false,,,,,,,,,,,-86,1475,12,,2.0,,578,true,,9,43.4,4,38.873989,-77.047882,true,,
2026-08-02T10:30:16.043Z,0.13.3,,,16.48,,,,,false,,,,,,,,,64.6,,,,,false,,true,,62.7,,,,38.873714,-77.048225,,,,,,,,,,,,,,,,AUTO,,,,,1646,false,,,,,,,,,,,-90,1480,12,,2.1,,579,true,,9,42.6,4,38.873989,-77.047882,true,,
2026-08-02T10:30:17.044Z,0.13.3,,,16.46,,,,,false,,,,,,,,,63.5,,,,,false,,true,,63.4,,,,38.873718,-77.048210,,,,,,,,,,,,,,,,AUTO,,,,,1614,false,,,,,,,,,,,-89,1469,12,,2.1,,580,true,,9,41.4,4,38.873989,-77.047882,true,,
2026-08-02T10:30:18.044Z,0.13.3,,,16.42,,,,,false,,,,,,,,,63.5,,,,,false,,true,,57.5,,,,38.873722,-77.048203,,,,,,,,,,,,,,,,AUTO,,,,,1653,false,,,,,,,,,,,-89,1489,12,,2.1,,581,true,,9,40.6,4,38.873989,-77.047882,true,,
2026-08-02T10:30:19.044Z,0.13.3,,,16.54,,,,,false,,,,,,,,,60.1,,,,,false,,true,,58.4,,,,38.873726,-77.048187,,,,,,,,,,,,,,,,AUTO,,,,,1674,false,,,,,,,,,,,-90,1473,12,,2.0,,582,true,,9,39.4,4,38.873989,-77.047882,true,,
2026-08-02T10:30:20.045Z,0.13.3,,,16.46,,,,,false,,,,,,,,,61.1,,,,,false,,true,,58.2,,,,38.873734,-77.048180,,,,,,,,,,,,,,,,AUTO,,,,,1616,false,,,,,,,,,,,-91,1469,12,,1.9,,583,true,,9,38.4,4,38.873989,-77.047882,true,,
2026-08-02T10:30:21.046Z,0.13.3,,,16.51,,,,,false,,,,,,,,,62.2,,,,,false,,true,,59.8,,,,38.873737,-77.048172,,,,,,,,,,,,,,,,AUTO,,,,,1624,false,,,,,,,,,,,-91,1467,12,,2.1,,584,true,,9,37.6,4,38.873989,-77.047882,true,,
2026-08-02T10:30:22.047Z,0.13.3,,,16.48,,,,,false,,,,,,,,,61.9,,,,,false,,true,,62.9,,,,38.873741,-77.048157,,,,,,,,,,,,,,,,AUTO,,,,,1657,false,,,,,,,,,,,-88,1470,12,,2.2,,585,true,,9,36.4,4,38.873989,-77.047882,true,,
2026-08-02T10:30:23.048Z,0.13.3,,,16.39,,,,,false,,,,,,,,,61.9,,,,,false,,true,,59.0,,,,38.873745,-77.048149,,,,,,,,,,,,,,,,AUTO,,,,,1664,false,,,,,,,,,,,-89,1479,12,,2.0,,586,true,,9,35.7,4,38.873989,-77.047882,true,,
2026-08-02T10:30:24.048Z,0.13.3,,,16.21,,,,,false,,,,,,,,,60.5,,,,,false,,true,,55.6,,,,38.873753,-77.048134,,,,,,,,,,,,,,,,AUTO,,,,,1622,false,,,,,,,,,,,-89,1472,12,,2.3,,587,true,,9,34.2,4,38.873989,-77.047882,true,,
2026-08-02T10:30:25.051Z,0.13.3,,,16.52,,,,,false,,,,,,,,,59.2,,,,,false,,true,,54.3,,,,38.873756,-77.048126,,,,,,,,,,,,,,,,AUTO,,,,,1646,false,,,,,,,,,,,-91,1479,12,,2.0,,588,true,,9,33.4,4,38.873989,-77.047882,true,,
2026-08-02T10:30:26.051Z,0.13.3,,,16.46,,,,,false,,,,,,,,,58.2,,,,,false,,true,,55.9,,,,38.873760,-77.048111,,,,,,,,,,,,,,,,AUTO,,,,,1624,false,,,,,,,,,,,-87,1472,12,,2.0,,589,true,,9,32.3,4,38.873989,-77.047882,true,,
2026-08-02T10:30:27.052Z,0.13.3,,,16.41,,,,,false,,,,,,,,,57.5,,,,,false,,true,,55.1,,,,38.873768,-77.048103,,,,,,,,,,,,,,,,AUTO,,,,,1670,false,,,,,,,,,,,-89,1472,12,,2.0,,590,true,,9,31.2,4,38.873989,-77.047882,true,,
2026-08-02T10:30:28.053Z,0.13.3,,,16.50,,,,,false,,,,,,,,,59.6,,,,,false,,true,,57.3,,,,38.873772,-77.048088,,,,,,,,,,,,,,,,AUTO,,,,,1740,false,,,,,,,,,,,-89,1470,12,,2.3,,591,true,,9,30.0,4,38.873989,-77.047882,true,,
2026-08-02T10:30:29.054Z,0.13.3,,,16.50,,,,,false,,,,,,,,,57.3,,,,,false,,true,,58.2,,,,38.873776,-77.048080,,,,,,,,,,,,,,,,AUTO,,,,,1580,false,,,,,,,,,,,-92,1464,12,,2.0,,592,true,,9,29.3,4,38.873989,-77.047882,true,,
2026-08-02T10:30:30.055Z,0.13.3,,,16.46,,,,,false,,,,,,,,,57.4,,,,,false,,true,,54.9,,,,38.873783,-77.048073,,,,,,,,,,,,,,,,AUTO,,,,,1620,false,,,,,,,,,,,-87,1482,12,,2.2,,593,true,,9,28.2,4,38.873989,-77.047882,true,,
2026-08-02T10:30:31.055Z,0.13.3,,,16.34,,,,,false,,,,,,,,,54.3,,,,,false,,true,,52.0,,,,38.873787,-77.048058,,,,,,,,,,,,,,,,AUTO,,,,,1597,false,,,,,,,,,,,-85,1471,12,,2.0,,594,true,,9,27.1,4,38.873989,-77.047882,true,,
2026-08-02T10:30:32.055Z,0.13.3,,,16.43,,,,,false,,,,,,,,,54.6,,,,,false,,true,,53.9,,,,38.873795,-77.048050,,,,,,,,,,,,,,,,AUTO,,,,,1615,false,,,,,,,,,,,-81,1472,12,,2.0,,595,true,,9,26.1,4,38.873989,-77.047882,true,,
2026-08-02T10:30:33.055Z,0.13.3,,,16.52,,,,,false,,,,,,,,,54.6,,,,,false,,true,,54.2,,,,38.873798,-77.048042,,,,,,,,,,,,,,,,AUTO,,,,,1653,false,,,,,,,,,,,-81,1475,12,,2.0,,596,true,,9,25.3,4,38.873989,-77.047882,true,,
2026-08-02T10:30:34.055Z,0.13.3,,,16.52,,,,,false,,,,,,,,,53.3,,,,,false,,true,,51.3,,,,38.873806,-77.048035,,,,,,,,,,,,,,,,AUTO,,,,,1630,false,,,,,,,,,,,-80,1470,12,,2.1,,597,true,,9,24.3,4,38.873989,-77.047882,true,,
2026-08-02T10:30:35.055Z,0.13.3,,,16.48,,,,,false,,,,,,,,,51.5,,,,,false,,true,,55.8,,,,38.873814,-77.048019,,,,,,,,,,,,,,,,AUTO,,,,,1641,false,,,,,,,,,,,-76,1454,12,,2.1,,598,true,,9,22.8,4,38.873989,-77.047882,true,,
2026-08-02T10:30:36.055Z,0.13.3,,,16.44,,,,,false,,,,,,,,,50.5,,,,,false,,true,,56.0,,,,38.873817,-77.048012,,,,,,,,,,,,,,,,AUTO,,,,,1628,false,,,,,,,,,,,-75,1467,12,,2.2,,599,true,,9,22.1,4,38.873989,-77.047882,true,,
2026-08-02T10:30:37.055Z,0.13.3,,,16.47,,,,,false,,,,,,,,,48.3,,,,,false,,true,,49.5,,,,38.873825,-77.048004,,,,,,,,,,,,,,,,AUTO,,,,,1665,false,,,,,,,,,,,-79,1476,12,,2.2,,600,true,,9,21.1,4,38.873989,-77.047882,true,,
2026-08-02T10:30:38.055Z,0.13.3,,,16.44,,,,,false,,,,,,,,,46.0,,,,,false,,true,,45.6,,,,38.873833,-77.047996,,,,,,,,,,,,,,,,AUTO,,,,,1650,false,,,,,,,,,,,-78,1484,12,,2.1,,601,true,,9,20.0,4,38.873989,-77.047882,true,,
2026-08-02T10:30:39.056Z,0.13.3,,,16.46,,,,,false,,,,,,,,,45.7,,,,,false,,true,,49.5,,,,38.873840,-77.047989,,,,,,,,,,,,,,,,AUTO,,,,,1616,false,,,,,,,,,,,-83,1470,12,,2.0,,602,true,,9,19.0,4,38.873989,-77.047882,true,,
2026-08-02T10:30:40.059Z,0.13.3,,,16.51,,,,,false,,,,,,,,,45.3,,,,,false,,true,,46.4,,,,38.873848,-77.047981,,,,,,,,,,,,,,,,AUTO,,,,,1632,false,,,,,,,,,,,-76,1463,12,,2.0,,603,true,,9,17.9,4,38.873989,-77.047882,true,,
2026-08-02T10:30:41.061Z,0.13.3,,,16.50,,,,,false,,,,,,,,,46.1,,,,,false,,true,,52.4,,,,38.873856,-77.047966,,,,,,,,,,,,,,,,AUTO,,,,,1615,false,,,,,,,,,,,-81,1459,12,,2.0,,604,true,,9,16.5,4,38.873989,-77.047882,true,,
2026-08-02T10:30:42.061Z,0.13.3,,,16.54,,,,,false,,,,,,,,,45.2,,,,,false,,true,,50.6,,,,38.873859,-77.047958,,,,,,,,,,,,,,,,AUTO,,,,,1629,false,,,,,,,,,,,-77,1463,12,,2.0,,605,true,,9,15.9,4,38.873989,-77.047882,true,,
2026-08-02T10:30:43.061Z,0.13.3,,,16.53,,,,,false,,,,,,,,,44.6,,,,,false,,true,,44.5,,,,38.873867,-77.047951,,,,,,,,,,,,,,,,AUTO,,,,,1630,false,,,,,,,,,,,-79,1471,12,,2.2,,606,true,,9,14.8,4,38.873989,-77.047882,true,,
2026-08-02T10:30:44.061Z,0.13.3,,,16.46,,,,,false,,,,,,,,,42.5,,,,,false,,true,,43.4,,,,38.873875,-77.047943,,,,,,,,,,,,,,,,AUTO,,,,,1630,false,,,,,,,,,,,-78,1469,12,,2.1,,607,true,,9,13.8,4,38.873989,-77.047882,true,,
2026-08-02T10:30:45.061Z,0.13.3,,,16.50,,,,,false,,,,,,,,,38.9,,,,,false,,true,,37.8,,,,38.873882,-77.047935,,,,,,,,,,,,,,,,AUTO,,,,,1629,false,,,,,,,,,,,-72,1465,12,,2.1,,608,true,,9,12.7,4,38.873989,-77.047882,true,,
2026-08-02T10:30:46.061Z,0.13.3,,,16.52,,,,,false,,,,,,,,,38.8,,,,,false,,true,,37.6,,,,38.873894,-77.047928,,,,,,,,,,,,,,,,AUTO,,,,,1640,false,,,,,,,,,,,-81,1464,12,,2.1,,609,true,,9,11.3,4,38.873989,-77.047882,true,,
2026-08-02T10:30:47.061Z,0.13.3,,,16.51,,,,,false,,,,,,,,,39.4,,,,,false,,true,,41.0,,,,38.873901,-77.047920,,,,,,,,,,,,,,,,AUTO,,,,,1594,false,,,,,,,,,,,-74,1456,12,,2.0,,610,true,,9,10.3,4,38.873989,-77.047882,true,,
2026-08-02T10:30:48.063Z,0.13.3,,,16.54,,,,,false,,,,,,,,,39.4,,,,,false,,true,,40.3,,,,38.873901,-77.047920,,,,,,,,,,,,,,,,AUTO,,,,,1621,false,,,,,,,,,,,-77,1474,12,,2.0,,612,true,,9,10.3,4,38.873989,-77.047882,true,,
2026-08-02T10:30:49.063Z,0.13.3,,,16.50,,,,,false,,,,,,,,,37.9,,,,,false,,true,,41.0,,,,38.873917,-77.047905,,,,,,,,,,,,,,,,AUTO,,,,,1650,false,,,,,,,,,,,-78,1463,12,,2.1,,613,true,,9,8.3,4,38.873989,-77.047882,true,,
2026-08-02T10:30:50.063Z,0.13.3,,,16.47,,,,,false,,,,,,,,,36.4,,,,,false,,true,,35.7,,,,38.873924,-77.047897,,,,,,,,,,,,,,,,AUTO,,,,,1616,false,,,,,,,,,,,-84,1463,12,,2.1,,614,true,,9,7.3,4,38.873989,-77.047882,true,,
2026-08-02T10:30:51.063Z,0.13.3,,,16.55,,,,,false,,,,,,,,,32.5,,,,,false,,true,,30.8,,,,38.873932,-77.047890,,,,,,,,,,,,,,,,MANUAL,,,,,1660,false,,,,,,,,,,,-78,1375,12,,2.0,,615,true,,9,6.4,4,38.873989,-77.047882,true,,
2026-08-02T10:30:52.063Z,0.13.3,,,16.33,,,,,false,,,,,,,,,29.4,,,,,false,,true,,40.9,,,,38.873939,-77.047890,,,,,,,,,,,,,,,,MANUAL,,,,,1725,false,,,,,,,,,,,-80,1347,12,,1.9,,616,true,,9,5.6,4,38.873989,-77.047882,true,,
2026-08-02T10:30:53.063Z,0.13.3,,,16.14,,,,,false,,,,,,,,,26.7,,,,,false,,true,,358.8,,,,38.873951,-77.047882,,,,,,,,,,,,,,,,MANUAL,,,,,1737,false,,,,,,,,,,,-84,1427,12,,2.2,,617,true,,9,4.2,4,38.873989,-77.047882,true,,
2026-08-02T10:30:54.063Z,0.13.3,,,16.38,,,,,false,,,,,,,,,9.0,,,,,false,,true,,6.0,,,,38.873962,-77.047882,,,,,,,,,,,,,,,,MANUAL,,,,,1726,false,,,,,,,,,,,-77,1356,12,,2.9,,618,true,,9,3.0,4,38.873989,-77.047882,true,,
2026-08-02T10:30:55.063Z,0.13.3,,,16.16,,,,,false,,,,,,,,,1.0,,,,,false,,true,,339.0,,,,38.873978,-77.047882,,,,,,,,,,,,,,,,MANUAL,,,,,1747,false,,,,,,,,,,,-80,1497,12,,3.4,,619,true,,9,1.3,4,38.873989,-77.047882,true,,
2026-08-02T10:30:56.063Z,0.13.3,,,16.41,,,,,false,,,,,,,,,343.6,,,,,false,,true,,346.0,,,,38.873993,-77.047890,,,,,,,,,,,,,,,,MANUAL,,,,,1739,false,,,,,,,,,,,-77,1440,12,,3.3,,620,true,,9,0.8,4,38.873989,-77.047882,true,,
2026-08-02T10:30:57.063Z,0.13.3,,,16.20,,,,,false,,,,,,,,,341.6,,,,,false,,true,,336.5,,,,38.874008,-77.047897,,,,,,,,,,,,,,,,MANUAL,,,,,1763,false,,,,,,,,,,,-81,1453,12,,3.6,,621,true,,9,2.5,4,38.873989,-77.047882,true,,
2026-08-02T10:30:58.063Z,0.13.3,,,16.27,,,,,false,,,,,,,,,334.4,,,,,false,,true,,326.3,,,,38.874023,-77.047913,,,,,,,,,,,,,,,,MANUAL,,,,,1759,false,,,,,,,,,,,-77,1426,12,,3.7,,622,true,,9,4.6,4,38.873989,-77.047882,true,,
2026-08-02T10:30:59.063Z,0.13.3,,,16.12,,,,,false,,,,,,,,,330.7,,,,,false,,true,,324.4,,,,38.874043,-77.047928,,,,,,,,,,,,,,,,MANUAL,,,,,1736,false,,,,,,,,,,,-77,1459,12,,4.1,,623,true,,9,7.1,4,38.873989,-77.047882,true,,
2026-08-02T10:31:00.064Z,0.13.3,,,16.24,,,,,false,,,,,,,,,326.3,,,,,false,,true,,318.1,,,,38.874062,-77.047943,,,,,,,,,,,,,,,,MANUAL,,,,,1741,false,,,,,,,,,,,-78,1497,12,,4.1,,624,true,,9,9.6,4,38.873989,-77.047882,true,,
2026-08-02T10:31:01.064Z,0.13.3,,,16.13,,,,,false,,,,,,,,,322.4,,,,,false,,true,,320.1,,,,38.874077,-77.047958,,,,,,,,,,,,,,,,MANUAL,,,,,1740,false,,,,,,,,,,,-78,1492,12,,3.9,,625,true,,9,11.8,4,38.873989,-77.047882,true,,
2026-08-02T10:31:02.064Z,0.13.3,,,16.34,,,,,false,,,,,,,,,324.8,,,,,false,,true,,326.9,,,,38.874092,-77.047974,,,,,,,,,,,,,,,,MANUAL,,,,,1723,false,,,,,,,,,,,-77,1371,12,,3.8,,626,true,,9,13.9,4,38.873989,-77.047882,true,,
2026-08-02T10:31:03.065Z,0.13.3,,,16.08,,,,,false,,,,,,,,,333.0,,,,,false,,true,,345.2,,,,38.874107,-77.047981,,,,,,,,,,,,,,,,MANUAL,,,,,1723,false,,,,,,,,,,,-75,1372,12,,3.7,,627,true,,9,15.7,4,38.873989,-77.047882,true,,
2026-08-02T10:31:04.066Z,0.13.3,,,16.22,,,,,false,,,,,,,,,335.5,,,,,false,,true,,315.0,,,,38.874123,-77.047996,,,,,,,,,,,,,,,,MANUAL,,,,,1739,false,,,,,,,,,,,-75,1484,12,,3.4,,628,true,,9,17.8,4,38.873989,-77.047882,true,,
2026-08-02T10:31:05.067Z,0.13.3,,,16.16,,,,,false,,,,,,,,,323.4,,,,,false,,true,,318.7,,,,38.874134,-77.048004,,,,,,,,,,,,,,,,MANUAL,,,,,1733,false,,,,,,,,,,,-77,1440,12,,3.3,,629,true,,9,19.3,4,38.873989,-77.047882,true,,
2026-08-02T10:31:06.067Z,0.13.3,,,16.09,,,,,false,,,,,,,,,320.7,,,,,false,,true,,314.9,,,,38.874149,-77.048019,,,,,,,,,,,,,,,,MANUAL,,,,,1733,false,,,,,,,,,,,-77,1441,12,,3.6,,630,true,,9,21.4,4,38.873989,-77.047882,true,,
2026-08-02T10:31:07.067Z,0.13.3,,,16.34,,,,,false,,,,,,,,,319.6,,,,,false,,true,,308.7,,,,38.874161,-77.048035,,,,,,,,,,,,,,,,MANUAL,,,,,1741,false,,,,,,,,,,,-76,1497,12,,3.7,,631,true,,9,23.2,4,38.873989,-77.047882,true,,
2026-08-02T10:31:08.067Z,0.13.3,,,16.23,,,,,false,,,,,,,,,318.8,,,,,false,,true,,320.2,,,,38.874176,-77.048050,,,,,,,,,,,,,,,,MANUAL,,,,,1732,false,,,,,,,,,,,-75,1431,12,,3.7,,632,true,,9,25.4,4,38.873989,-77.047882,true,,
2026-08-02T10:31:09.067Z,0.13.3,,,16.35,,,,,false,,,,,,,,,326.1,,,,,false,,true,,325.7,,,,38.874191,-77.048065,,,,,,,,,,,,,,,,MANUAL,,,,,1726,false,,,,,,,,,,,-75,1394,12,,3.6,,633,true,,9,27.5,4,38.873989,-77.047882,true,,
2026-08-02T10:31:10.069Z,0.13.3,,,16.04,,,,,false,,,,,,,,,329.6,,,,,false,,true,,325.2,,,,38.874206,-77.048073,,,,,,,,,,,,,,,,MANUAL,,,,,1737,false,,,,,,,,,,,-75,1472,12,,3.6,,634,true,,9,29.3,4,38.873989,-77.047882,true,,
2026-08-02T10:31:11.069Z,0.13.3,,,16.15,,,,,false,,,,,,,,,325.9,,,,,false,,true,,319.1,,,,38.874218,-77.048088,,,,,,,,,,,,,,,,MANUAL,,,,,1737,false,,,,,,,,,,,-71,1472,12,,3.5,,635,true,,9,31.1,4,38.873989,-77.047882,true,,
2026-08-02T10:31:12.069Z,0.13.3,,,16.12,,,,,false,,,,,,,,,320.2,,,,,false,,true,,319.6,,,,38.874229,-77.048103,,,,,,,,,,,,,,,,MANUAL,,,,,1738,false,,,,,,,,,,,-71,1474,12,,3.7,,636,true,,9,32.9,4,38.873989,-77.047882,true,,
2026-08-02T10:31:13.069Z,0.13.3,,,16.17,,,,,false,,,,,,,,,321.2,,,,,false,,true,,315.8,,,,38.874245,-77.048119,,,,,,,,,,,,,,,,MANUAL,,,,,1739,false,,,,,,,,,,,-81,1480,12,,3.7,,637,true,,9,35.0,4,38.873989,-77.047882,true,,
2026-08-02T10:31:14.069Z,0.13.3,,,16.16,,,,,false,,,,,,,,,323.3,,,,,false,,true,,325.1,,,,38.874256,-77.048126,,,,,,,,,,,,,,,,MANUAL,,,,,1728,false,,,,,,,,,,,-74,1405,12,,3.6,,638,true,,9,36.4,4,38.873989,-77.047882,true,,
2026-08-02T10:31:15.071Z,0.13.3,,,16.34,,,,,false,,,,,,,,,328.7,,,,,false,,true,,326.6,,,,38.874271,-77.048141,,,,,,,,,,,,,,,,MANUAL,,,,,1737,false,,,,,,,,,,,-73,1471,12,,3.7,,639,true,,9,38.6,4,38.873989,-77.047882,true,,
2026-08-02T10:31:16.071Z,0.13.3,,,16.24,,,,,false,,,,,,,,,328.5,,,,,false,,true,,322.1,,,,38.874287,-77.048149,,,,,,,,,,,,,,,,MANUAL,,,,,1735,false,,,,,,,,,,,-70,1454,12,,3.6,,640,true,,9,40.4,4,38.873989,-77.047882,true,,
2026-08-02T10:31:17.072Z,0.13.3,,,16.20,,,,,false,,,,,,,,,323.9,,,,,false,,true,,319.8,,,,38.874302,-77.048164,,,,,,,,,,,,,,,,MANUAL,,,,,1735,false,,,,,,,,,,,-76,1457,12,,3.6,,641,true,,9,42.5,4,38.873989,-77.047882,true,,
2026-08-02T10:31:18.072Z,0.13.3,,,16.09,,,,,false,,,,,,,,,323.9,,,,,false,,true,,313.9,,,,38.874313,-77.048180,,,,,,,,,,,,,,,,MANUAL,,,,,1741,false,,,,,,,,,,,-75,1497,12,,3.6,,642,true,,9,44.3,4,38.873989,-77.047882,true,,
2026-08-02T10:31:19.072Z,0.13.3,,,16.16,,,,,false,,,,,,,,,321.5,,,,,false,,true,,330.4,,,,38.874329,-77.048195,,,,,,,,,,,,,,,,MANUAL,,,,,1730,false,,,,,,,,,,,-70,1418,12,,3.7,,643,true,,9,46.5,4,38.873989,-77.047882,true,,
2026-08-02T10:31:20.072Z,0.13.3,,,16.32,,,,,false,,,,,,,,,326.6,,,,,false,,true,,326.1,,,,38.874340,-77.048203,,,,,,,,,,,,,,,,MANUAL,,,,,1733,false,,,,,,,,,,,-70,1441,12,,3.6,,644,true,,9,47.9,4,38.873989,-77.047882,true,,
2026-08-02T10:31:21.075Z,0.13.3,,,16.26,,,,,false,,,,,,,,,325.8,,,,,false,,true,,324.3,,,,38.874355,-77.048218,,,,,,,,,,,,,,,,MANUAL,,,,,1738,false,,,,,,,,,,,-71,1474,12,,3.6,,645,true,,9,50.0,4,38.873989,-77.047882,true,,
2026-08-02T10:31:22.075Z,0.13.3,,,16.19,,,,,false,,,,,,,,,326.1,,,,,false,,true,,326.2,,,,38.874371,-77.048225,,,,,,,,,,,,,,,,MANUAL,,,,,1735,false,,,,,,,,,,,-76,1453,12,,3.6,,646,true,,9,51.8,4,38.873989,-77.047882,true,,
2026-08-02T10:31:23.075Z,0.13.3,,,16.12,,,,,false,,,,,,,,,324.9,,,,,false,,true,,318.5,,,,38.874382,-77.048241,,,,,,,,,,,,,,,,MANUAL,,,,,1739,false,,,,,,,,,,,-70,1481,12,,3.6,,647,true,,9,53.6,4,38.873989,-77.047882,true,,
2026-08-02T10:31:24.075Z,0.13.3,,,16.40,,,,,false,,,,,,,,,322.4,,,,,false,,true,,320.0,,,,38.874397,-77.048256,,,,,,,,,,,,,,,,MANUAL,,,,,1741,false,,,,,,,,,,,-67,1497,12,,3.7,,648,true,,9,55.7,4,38.873989,-77.047882,true,,
2026-08-02T10:31:25.075Z,0.13.3,,,16.07,,,,,false,,,,,,,,,322.0,,,,,false,,true,,339.5,,,,38.874412,-77.048271,,,,,,,,,,,,,,,,MANUAL,,,,,1728,false,,,,,,,,,,,-68,1410,12,,3.7,,649,true,,9,57.9,4,38.873989,-77.047882,true,,
2026-08-02T10:31:26.075Z,0.13.3,,,16.25,,,,,false,,,,,,,,,327.9,,,,,false,,true,,331.0,,,,38.874424,-77.048279,,,,,,,,,,,,,,,,MANUAL,,,,,1735,false,,,,,,,,,,,-65,1457,12,,3.7,,650,true,,9,59.3,4,38.873989,-77.047882,true,,
2026-08-02T10:31:27.075Z,0.13.3,,,16.23,,,,,false,,,,,,,,,324.5,,,,,false,,true,,324.3,,,,38.874439,-77.048294,,,,,,,,,,,,,,,,MANUAL,,,,,1707,false,,,,,,,,,,,-69,1446,12,,3.7,,651,true,,9,61.5,4,38.873989,-77.047882,true,,
2026-08-02T10:31:28.075Z,0.13.3,,,16.42,,,,,false,,,,,,,,,323.0,,,,,false,,true,,323.3,,,,38.874454,-77.048309,,,,,,,,,,,,,,,,MANUAL,,,,,1694,false,,,,,,,,,,,-67,1447,12,,3.7,,652,true,,9,63.6,4,38.873989,-77.047882,true,,
2026-08-02T10:31:29.076Z,0.13.3,,,16.33,,,,,false,,,,,,,,,322.9,,,,,false,,true,,316.2,,,,38.874466,-77.048317,,,,,,,,,,,,,,,,MANUAL,,,,,1701,false,,,,,,,,,,,-66,1497,12,,3.2,,653,true,,9,65.0,4,38.873989,-77.047882,true,,
2026-08-02T10:31:30.077Z,0.13.3,,,16.36,,,,,false,,,,,,,,,322.0,,,,,false,,true,,320.9,,,,38.874477,-77.048332,,,,,,,,,,,,,,,,MANUAL,,,,,1701,false,,,,,,,,,,,-65,1497,12,,2.9,,654,true,,9,66.8,4,38.873989,-77.047882,true,,
2026-08-02T10:31:31.078Z,0.13.3,,,16.40,,,,,false,,,,,,,,,326.7,,,,,false,,true,,343.5,,,,38.874489,-77.048340,,,,,,,,,,,,,,,,MANUAL,,,,,1688,false,,,,,,,,,,,-61,1389,12,,2.8,,655,true,,9,68.2,4,38.873989,-77.047882,true,,
2026-08-02T10:31:32.080Z,0.13.3,,,16.30,,,,,false,,,,,,,,,326.0,,,,,false,,true,,335.7,,,,38.874496,-77.048348,,,,,,,,,,,,,,,,MANUAL,,,,,1696,false,,,,,,,,,,,-65,1453,12,,2.7,,656,true,,9,69.3,4,38.873989,-77.047882,true,,
2026-08-02T10:31:33.080Z,0.13.3,,,16.40,,,,,false,,,,,,,,,326.0,,,,,false,,true,,322.6,,,,38.874508,-77.048355,,,,,,,,,,,,,,,,MANUAL,,,,,1700,false,,,,,,,,,,,-62,1484,12,,2.7,,657,true,,9,70.7,4,38.873989,-77.047882,true,,
2026-08-02T10:31:34.081Z,0.13.3,,,16.29,,,,,false,,,,,,,,,326.0,,,,,false,,true,,321.2,,,,38.874519,-77.048370,,,,,,,,,,,,,,,,MANUAL,,,,,1692,false,,,,,,,,,,,-62,1425,12,,2.7,,658,true,,9,72.5,4,38.873989,-77.047882,true,,
2026-08-02T10:31:35.082Z,0.13.3,,,16.44,,,,,false,,,,,,,,,321.7,,,,,false,,true,,320.2,,,,38.874527,-77.048378,,,,,,,,,,,,,,,,MANUAL,,,,,1699,false,,,,,,,,,,,-64,1479,12,,2.9,,659,true,,9,73.6,4,38.873989,-77.047882,true,,
2026-08-02T10:31:36.085Z,0.13.3,,,16.30,,,,,false,,,,,,,,,320.2,,,,,false,,true,,322.0,,,,38.874538,-77.048393,,,,,,,,,,,,,,,,MANUAL,,,,,1699,false,,,,,,,,,,,-62,1480,12,,2.9,,660,true,,9,75.4,4,38.873989,-77.047882,true,,
2026-08-02T10:31:37.085Z,0.13.3,,,16.30,,,,,false,,,,,,,,,319.9,,,,,false,,true,,322.5,,,,38.874550,-77.048401,,,,,,,,,,,,,,,,MANUAL,,,,,1699,false,,,,,,,,,,,-61,1477,12,,2.8,,661,true,,9,76.8,4,38.873989,-77.047882,true,,
2026-08-02T10:31:38.085Z,0.13.3,,,16.43,,,,,false,,,,,,,,,321.6,,,,,false,,true,,327.9,,,,38.874561,-77.048408,,,,,,,,,,,,,,,,MANUAL,,,,,1694,false,,,,,,,,,,,-61,1434,12,,2.9,,662,true,,9,78.3,4,38.873989,-77.047882,true,,
2026-08-02T10:31:39.086Z,0.13.3,,,16.32,,,,,false,,,,,,,,,325.3,,,,,false,,true,,322.9,,,,38.874573,-77.048416,,,,,,,,,,,,,,,,MANUAL,,,,,1700,false,,,,,,,,,,,-61,1485,12,,2.8,,663,true,,9,79.7,4,38.873989,-77.047882,true,,
2026-08-02T10:31:40.088Z,0.13.3,,,16.38,,,,,false,,,,,,,,,325.9,,,,,false,,true,,321.8,,,,38.874584,-77.048424,,,,,,,,,,,,,,,,MANUAL,,,,,1701,false,,,,,,,,,,,-60,1497,12,,2.9,,664,true,,9,81.1,4,38.873989,-77.047882,true,,
2026-08-02T10:31:41.088Z,0.13.3,,,16.36,,,,,false,,,,,,,,,327.9,,,,,false,,true,,336.3,,,,38.874596,-77.048439,,,,,,,,,,,,,,,,MANUAL,,,,,1693,false,,,,,,,,,,,-61,1428,12,,2.8,,665,true,,9,82.9,4,38.873989,-77.047882,true,,
2026-08-02T10:31:42.089Z,0.13.3,,,16.35,,,,,false,,,,,,,,,333.5,,,,,false,,true,,342.5,,,,38.874607,-77.048447,,,,,,,,,,,,,,,,MANUAL,,,,,1694,false,,,,,,,,,,,-60,1435,12,,2.8,,666,true,,9,84.3,4,38.873989,-77.047882,true,,
2026-08-02T10:31:43.089Z,0.13.3,,,16.33,,,,,false,,,,,,,,,337.6,,,,,false,,true,,334.3,,,,38.874622,-77.048447,,,,,,,,,,,,,,,,MANUAL,,,,,1701,false,,,,,,,,,,,-59,1497,12,,2.9,,667,true,,9,85.7,4,38.873989,-77.047882,true,,
2026-08-02T10:31:44.089Z,0.13.3,,,16.42,,,,,false,,,,,,,,,336.5,,,,,false,,true,,337.4,,,,38.874634,-77.048454,,,,,,,,,,,,,,,,MANUAL,,,,,1701,false,,,,,,,,,,,-58,1497,12,,2.8,,668,true,,9,87.1,4,38.873989,-77.047882,true,,
2026-08-02T10:31:45.089Z,0.13.3,,,16.28,,,,,false,,,,,,,,,336.8,,,,,false,,true,,347.8,,,,38.874645,-77.048462,,,,,,,,,,,,,,,,MANUAL,,,,,1692,false,,,,,,,,,,,-58,1420,12,,2.6,,669,true,,9,88.6,4,38.873989,-77.047882,true,,
2026-08-02T10:31:46.089Z,0.13.3,,,16.45,,,,,false,,,,,,,,,343.6,,,,,false,,true,,355.7,,,,38.874657,-77.048469,,,,,,,,,,,,,,,,MANUAL,,,,,1693,false,,,,,,,,,,,-57,1428,12,,2.7,,670,true,,9,90.0,4,38.873989,-77.047882,true,,
2026-08-02T10:31:47.089Z,0.13.3,,,16.36,,,,,false,,,,,,,,,347.0,,,,,false,,true,,344.0,,,,38.874668,-77.048469,,,,,,,,,,,,,,,,MANUAL,,,,,1697,false,,,,,,,,,,,-55,1461,12,,2.7,,671,true,,9,91.0,4,38.873989,-77.047882,true,,
2026-08-02T10:31:48.089Z,0.13.3,,,16.49,,,,,false,,,,,,,,,347.0,,,,,false,,true,,337.5,,,,38.874680,-77.048477,,,,,,,,,,,,,,,,MANUAL,,,,,1644,false,,,,,,,,,,,-52,1474,12,,2.7,,672,true,,9,92.5,4,38.873989,-77.047882,true,,
2026-08-02T10:31:49.089Z,0.13.3,,,16.49,,,,,false,,,,,,,,,338.6,,,,,false,,true,,337.4,,,,38.874691,-77.048485,,,,,,,,,,,,,,,,MANUAL,,,,,1645,false,,,,,,,,,,,-56,1474,12,,2.8,,673,true,,9,93.9,4,38.873989,-77.047882,true,,
2026-08-02T10:31:50.089Z,0.13.3,,,16.50,,,,,false,,,,,,,,,337.4,,,,,false,,true,,337.5,,,,38.874699,-77.048485,,,,,,,,,,,,,,,,MANUAL,,,,,1645,false,,,,,,,,,,,-55,1472,12,,2.1,,674,true,,9,94.6,4,38.873989,-77.047882,true,,
2026-08-02T10:31:51.089Z,0.13.3,,,16.47,,,,,false,,,,,,,,,335.7,,,,,false,,true,,337.7,,,,38.874706,-77.048492,,,,,,,,,,,,,,,,MANUAL,,,,,1645,false,,,,,,,,,,,-60,1477,12,,1.9,,675,true,,9,95.7,4,38.873989,-77.047882,true,,
2026-08-02T10:31:52.089Z,0.13.3,,,16.48,,,,,false,,,,,,,,,335.4,,,,,false,,true,,338.2,,,,38.874714,-77.048500,,,,,,,,,,,,,,,,MANUAL,,,,,1645,false,,,,,,,,,,,-56,1470,12,,1.7,,676,true,,9,96.7,4,38.873989,-77.047882,true,,
2026-08-02T10:31:53.089Z,0.13.3,,,16.51,,,,,false,,,,,,,,,336.7,,,,,false,,true,,339.3,,,,38.874721,-77.048500,,,,,,,,,,,,,,,,MANUAL,,,,,1647,false,,,,,,,,,,,-59,1497,12,,1.6,,677,true,,9,97.4,4,38.873989,-77.047882,true,,
2026-08-02T10:31:54.089Z,0.13.3,,,16.53,,,,,false,,,,,,,,,336.3,,,,,false,,true,,342.3,,,,38.874729,-77.048508,,,,,,,,,,,,,,,,MANUAL,,,,,1500,false,,,,,,,,,,,-58,1497,12,,1.4,,678,true,,9,98.5,4,38.873989,-77.047882,true,,
2026-08-02T10:31:55.089Z,0.13.3,,,16.53,,,,,false,,,,,,,,,338.3,,,,,false,,true,,345.6,,,,38.874733,-77.048508,,,,,,,,,,,,,,,,MANUAL,,,,,1500,false,,,,,,,,,,,-57,1497,12,,1.4,,679,true,,9,98.9,4,38.873989,-77.047882,true,,
2026-08-02T10:31:55.716Z,0.13.3,true,true,16.53,false,false,false,false,false,none,1000,1476,1000,1500,1493,1000,2.6,344.2,1660,false,off,1.00,false,false,true,1524,354.1,2.5,124784,late=258896 at=10:27:36.742 state=background>background busy=none n=4,38.874744,-77.048508,false,24.53,15,100,good,24.5,done,80,true,true,-31.57,-3.00,-18.00,24.53,true,MANUAL,false,2.00,1.50,t6 n0,1500,false,,false,off,,3,false,200,25,3,true,-72,1497,12,3975974454,1.0,1500,680,true,147.3,9,99.9,4,38.873989,-77.047882,true,38.873478,-77.048958
2026-08-02T10:31:57.090Z,0.13.3,,,16.52,,,,,false,,,,,,,,,344.2,,,,,false,,true,,355.8,,,,38.874744,-77.048508,,,,,,,,,,,,,,,,MANUAL,,,,,1500,false,,,,,,,,,,,-72,1497,12,,1.0,,681,true,,9,99.9,4,38.873989,-77.047882,true,,
2026-08-02T10:31:58.090Z,0.13.3,,,16.52,,,,,false,,,,,,,,,347.5,,,,,false,,true,,1.1,,,,38.874748,-77.048508,,,,,,,,,,,,,,,,MANUAL,,,,,1500,false,,,,,,,,,,,-72,1497,12,,0.9,,682,true,,9,100.3,4,38.873989,-77.047882,true,,
2026-08-02T10:31:59.090Z,0.13.3,,,16.51,,,,,false,,,,,,,,,349.4,,,,,false,,true,,5.4,,,,38.874748,-77.048508,,,,,,,,,,,,,,,,MANUAL,,,,,1500,false,,,,,,,,,,,-72,1497,12,,0.8,,683,true,,9,100.3,4,38.873989,-77.047882,true,,
2026-08-02T10:32:00.091Z,0.13.3,,,16.52,,,,,false,,,,,,,,,351.2,,,,,false,,true,,8.5,,,,38.874752,-77.048500,,,,,,,,,,,,,,,,MANUAL,,,,,1500,false,,,,,,,,,,,-50,1497,12,,0.7,,684,true,,9,100.3,4,38.873989,-77.047882,true,,
2026-08-02T10:32:00.758Z,0.13.3,true,true,16.51,false,false,false,false,false,none,1000,1476,1000,1500,1493,1000,2.6,358.1,1660,false,off,1.00,false,false,true,1524,14.4,22.9,109452,,38.874752,-77.048508,false,24.53,15,100,good,24.5,done,80,true,true,-31.57,-3.00,-18.00,25.09,true,MANUAL,false,2.00,1.50,t1 n0,1500,false,,false,off,,3,false,200,25,1,true,-54,1497,12,3975974454,0.6,1500,685,true,147.5,9,100.6,4,38.873989,-77.047882,true,38.873478,-77.048958
2026-08-02T10:32:02.091Z,0.13.3,,,16.52,,,,,false,,,,,,,,,358.1,,,,,false,,true,,16.1,,,,38.874752,-77.048508,,,,,,,,,,,,,,,,MANUAL,,,,,1500,false,,,,,,,,,,,-54,1497,12,,0.6,,686,true,,9,100.6,4,38.873989,-77.047882,true,,
2026-08-02T10:32:02.598Z,0.13.3,true,true,16.52,false,false,false,false,false,none,1000,1476,1000,1500,1493,1000,2.6,358.1,1660,false,off,1.00,false,false,true,1524,20.9,29.3,122460,,38.874756,-77.048508,false,24.53,15,100,good,24.5,done,80,true,true,-31.57,-3.00,-18.00,22.19,true,MANUAL,false,2.00,1.50,,1500,false,,false,off,,3,false,200,25,2,true,-54,1497,12,3975974454,0.4,1500,687,true,147.6,9,101.0,4,38.873989,-77.047882,true,38.873478,-77.048958
2026-08-02T10:32:03.500Z,0.13.3,true,true,16.52,false,false,false,false,false,none,1000,1476,1000,1500,1493,1000,2.6,358.1,1660,false,off,1.00,false,false,true,1524,26.1,34.5,109004,,38.874756,-77.048508,false,24.53,15,100,good,24.5,done,80,true,true,-31.57,-3.00,-18.00,23.02,true,MANUAL,false,2.00,1.50,,1500,false,,false,off,,3,false,200,25,7,true,-58,1497,12,3975974454,0.4,1500,688,true,147.6,9,101.0,4,38.873989,-77.047882,true,38.873478,-77.048958
2026-08-02T10:32:05.124Z,0.13.3,true,true,16.53,false,false,false,false,false,none,1000,1476,1000,1500,1493,1000,2.6,358.1,1660,false,off,1.00,false,false,true,1524,32.0,40.5,111412,,38.874760,-77.048508,false,24.53,15,100,good,24.5,done,80,true,true,-31.57,-3.00,-18.00,23.72,true,MANUAL,false,2.00,1.50,,1500,false,,false,off,,3,false,200,25,7,true,-61,1497,12,3975974454,0.4,1500,689,true,147.7,9,101.4,4,38.873989,-77.047882,true,38.873478,-77.048958
2026-08-02T10:32:05.743Z,0.13.3,,,16.53,,,,,false,,,,,,,,,358.1,,,,,false,,true,,32.2,,,,38.874760,-77.048508,,,,,,,,,,,,,,,,MANUAL,,,,,1500,false,,,,,,,,,,,-61,1497,12,,0.4,,690,true,,9,101.4,4,38.873989,-77.047882,true,,
2026-08-02T10:32:06.842Z,0.13.3,true,true,16.53,false,false,false,false,false,none,1000,1476,1000,1500,1493,1000,2.6,358.1,1660,false,off,1.00,false,false,true,1524,35.4,43.8,111284,,38.874760,-77.048500,false,24.53,15,100,good,24.5,done,80,true,true,-31.57,-3.00,-18.00,23.94,true,MANUAL,false,2.00,1.50,,1500,false,,false,off,,3,false,200,25,1,true,-56,1497,12,3975974454,0.3,1500,691,true,148.1,9,101.0,4,38.873989,-77.047882,true,38.873478,-77.048958
2026-08-02T10:32:07.754Z,0.13.3,true,true,16.53,false,false,false,false,false,none,1000,1476,1000,1500,1493,1000,2.6,358.1,1660,false,off,1.00,false,false,true,1524,36.4,44.8,111128,,38.874763,-77.048500,false,24.53,15,100,good,24.5,done,80,true,true,-31.57,-3.00,-18.00,22.47,true,MANUAL,false,2.00,1.50,,1500,false,,false,off,,3,false,200,25,3,true,-50,1497,12,3975974454,0.3,1500,692,true,148.2,9,101.4,4,38.873989,-77.047882,true,38.873478,-77.048958
2026-08-02T10:32:08.871Z,0.13.3,true,true,16.52,false,false,false,false,false,none,1000,1476,1000,1500,1493,1000,2.6,358.1,1660,false,off,1.00,false,false,true,1524,37.7,46.1,110852,,38.874763,-77.048500,false,24.53,15,100,good,24.5,done,80,true,true,-31.57,-3.00,-18.00,21.86,true,MANUAL,false,2.00,1.50,,1500,false,,false,off,,3,false,200,25,7,true,-56,1497,12,3975974454,0.2,1500,693,true,148.2,9,101.4,4,38.873989,-77.047882,true,38.873478,-77.048958
2026-08-02T10:32:09.818Z,0.13.3,,,16.54,,,,,false,,,,,,,,,358.1,,,,,false,,true,,38.2,,,,38.874764,-77.048500,,,,,,,,,,,,,,,,MANUAL,,,,,1500,false,,,,,,,,,,,-56,1497,12,,0.2,,694,true,,9,101.4,4,38.873989,-77.047882,true,,
2026-08-02T10:32:10.821Z,0.13.3,,,16.53,,,,,false,,,,,,,,,358.1,,,,,false,,true,,41.4,,,,38.874764,-77.048500,,,,,,,,,,,,,,,,MANUAL,,,,,1500,false,,,,,,,,,,,-53,1497,12,,0.2,,695,true,,9,101.4,4,38.873989,-77.047882,true,,
2026-08-02T10:32:11.821Z,0.13.3,,,16.53,,,,,false,,,,,,,,,358.1,,,,,false,,true,,42.8,,,,38.874767,-77.048500,,,,,,,,,,,,,,,,MANUAL,,,,,1500,false,,,,,,,,,,,-60,1497,12,,0.2,,696,true,,9,101.7,4,38.873989,-77.047882,true,,
2026-08-02T10:32:12.789Z,0.13.3,false,true,16.53,false,false,false,false,false,none,1000,1476,1000,1500,1493,1000,2.6,358.1,1660,false,off,1.00,false,false,true,1524,44.5,53.0,117572,,38.874767,-77.048500,false,24.53,15,100,good,24.5,done,80,true,true,-31.57,-3.00,-18.00,23.09,false,MANUAL,false,2.00,1.50,t1 n0,1500,false,,false,off,,3,false,200,25,4,true,-55,1497,12,3975974454,0.2,1500,697,true,,0,,0,,,false,,
2026-08-02T10:32:13.838Z,0.13.3,false,true,16.53,false,false,false,false,false,none,1000,1476,1000,1500,1493,1000,2.6,358.1,1660,false,off,1.00,false,false,true,1524,44.8,53.2,120880,,38.874767,-77.048500,false,24.53,15,100,good,24.5,done,80,true,true,-31.57,-3.00,-18.00,24.02,false,MANUAL,false,2.00,1.50,,1500,false,,false,off,,3,false,200,25,5,true,-52,1497,12,3975974454,0.2,1500,698,true,,0,,0,,,false,,
2026-08-02T10:32:14.805Z,0.13.3,false,true,16.54,false,false,false,false,false,none,1000,1476,1000,1500,1493,1000,2.6,358.1,1660,false,off,1.00,false,false,true,1524,47.0,55.7,120880,,38.874771,-77.048500,false,24.53,15,100,good,24.5,done,80,true,true,-31.57,-3.00,-18.00,25.97,false,MANUAL,false,2.00,1.50,,1500,false,,false,off,,3,false,200,25,4,true,-58,1497,12,3975974454,0.1,1500,699,true,,0,,0,,,false,,
2026-08-02T10:32:15.822Z,0.13.3,false,true,16.54,false,false,false,false,false,none,1000,1476,1000,1500,1493,1000,2.6,358.1,1660,false,off,1.00,false,false,true,1524,47.0,55.4,120880,,38.874771,-77.048500,false,24.53,15,100,good,24.5,done,80,true,true,-31.57,-3.00,-18.00,25.85,false,MANUAL,false,2.00,1.50,,1500,false,,false,off,,3,false,200,25,3,true,-55,1497,12,3975974454,0.1,1500,700,true,,0,,0,,,false,,
2026-08-02T10:32:16.822Z,0.13.3,false,true,16.54,false,false,false,false,false,none,1000,1476,1000,1500,1493,1000,2.6,358.1,1660,false,off,1.00,false,false,true,1524,47.1,55.5,120900,,38.874771,-77.048500,false,24.53,15,100,good,24.5,done,80,true,true,-31.57,-3.00,-18.00,25.80,false,MANUAL,false,2.00,1.50,,1500,false,,false,off,,3,false,200,25,5,true,-61,1497,12,3975974454,0.2,1500,701,true,,0,,0,,,false,,
2026-08-02T10:32:17.839Z,0.13.3,false,true,16.53,false,false,false,false,false,none,1000,1476,1000,1500,1493,1000,2.6,358.1,1660,false,off,1.00,false,false,true,1524,47.7,56.2,120892,,38.874771,-77.048500,false,24.53,15,100,good,24.5,done,80,true,true,-31.57,-3.00,-18.00,22.69,false,MANUAL,false,2.00,1.50,,1500,false,,false,off,,3,false,200,25,2,true,-61,1497,12,3975974454,0.2,1500,702,true,,0,,0,,,false,,
2026-08-02T10:32:18.839Z,0.13.3,false,true,16.53,false,false,false,false,false,none,1000,1476,1000,1500,1493,1000,2.6,358.1,1660,false,off,1.00,false,false,true,1524,49.6,58.1,120900,,38.874775,-77.048500,false,24.53,15,100,good,24.5,done,80,true,true,-31.57,-3.00,-18.00,24.29,false,MANUAL,false,2.00,1.50,,1500,false,,false,off,,3,false,200,25,5,true,-61,1497,12,3975974454,0.1,1500,703,true,,0,,0,,,false,,
2026-08-02T10:32:19.856Z,0.13.3,false,true,16.53,false,false,false,false,false,none,1000,1476,1000,1500,1493,1000,2.6,358.1,1660,false,off,1.00,false,false,true,1524,51.4,59.8,120900,,38.874775,-77.048500,false,24.53,15,100,good,24.5,done,80,true,true,-31.57,-3.00,-18.00,23.69,false,MANUAL,false,2.00,1.50,,1500,false,,false,off,,3,false,200,25,3,true,-53,1497,12,3975974454,0.1,1500,704,true,,0,,0,,,false,,
2026-08-02T10:32:20.873Z,0.13.3,false,true,16.54,false,false,false,false,false,none,1000,1476,1000,1500,1493,1000,2.6,358.1,1660,false,off,1.00,false,false,true,1524,53.4,61.9,120888,,38.874775,-77.048500,false,24.53,15,100,good,24.5,done,80,true,true,-31.57,-3.00,-18.00,25.78,false,MANUAL,false,2.00,1.50,,1500,false,,false,off,,3,false,200,25,3,true,-49,1497,12,3975974454,0.2,1500,705,true,,0,,0,,,false,,
2026-08-02T10:32:21.873Z,0.13.3,false,true,16.54,false,false,false,false,false,none,1000,1476,1000,1500,1493,1000,2.6,358.1,1660,false,off,1.00,false,false,true,1524,52.9,61.3,120892,,38.874775,-77.048500,false,24.53,15,100,good,24.5,done,80,true,true,-31.57,-3.00,-18.00,26.75,false,MANUAL,false,2.00,1.50,,1500,false,,false,off,,3,false,200,25,2,true,-50,1497,12,3975974454,0.1,1500,706,true,,0,,0,,,false,,
2026-08-02T10:32:22.873Z,0.13.3,false,true,16.54,false,false,false,false,false,none,1000,1476,1000,1500,1493,1000,2.6,358.1,1660,false,off,1.00,false,false,true,1524,54.8,63.2,120896,,38.874775,-77.048500,false,24.53,15,100,good,24.5,done,80,true,true,-31.57,-3.00,-18.00,23.39,false,MANUAL,false,2.00,1.50,,1500,false,,false,off,,3,false,200,25,2,true,-54,1497,12,3975974454,0.2,1500,707,true,,0,,0,,,false,,
2026-08-02T10:32:23.890Z,0.13.3,false,true,16.54,false,false,false,false,false,none,1000,1476,1000,1500,1493,1000,2.6,358.1,1660,false,off,1.00,false,false,true,1524,56.0,64.5,120888,,38.874775,-77.048500,false,24.53,15,100,good,24.5,done,80,true,true,-31.57,-3.00,-18.00,22.40,false,MANUAL,false,2.00,1.50,,1500,false,,false,off,,3,false,200,25,7,true,-49,1497,12,3975974454,0.1,1500,708,true,,0,,0,,,false,,
2026-08-02T10:32:24.907Z,0.13.3,false,true,16.53,false,false,false,false,false,none,1000,1476,1000,1500,1493,1000,2.6,358.1,1660,false,off,1.00,false,false,true,1524,57.0,65.5,120896,,38.874775,-77.048500,false,24.53,15,100,good,24.5,done,80,true,true,-31.57,-3.00,-18.00,23.76,true,MANUAL,false,2.00,1.50,,1500,false,,false,off,,3,false,200,25,1,true,-62,1497,12,3975974454,0.0,1500,709,true,149.5,5,77.9,0,38.874172,-77.048042,true,,
2026-08-02T10:32:25.907Z,0.13.3,false,true,16.53,false,false,false,false,false,none,1000,1476,1000,1500,1493,1000,2.6,358.1,1660,false,off,1.00,false,false,true,1524,60.5,69.0,120896,,38.874775,-77.048500,false,24.53,15,100,good,24.5,done,80,true,true,-31.57,-3.00,-18.00,22.69,true,MANUAL,false,2.00,1.50,,1500,false,,false,off,,3,false,200,25,3,true,-56,1497,12,3975974454,0.2,1500,710,true,149.5,5,77.9,0,38.874172,-77.048042,true,,
2026-08-02T10:32:26.899Z,0.13.3,false,true,16.53,false,false,false,false,false,none,1000,1476,1000,1500,1493,1000,2.6,358.1,1660,false,off,1.00,false,false,true,1524,60.7,69.2,120896,,38.874775,-77.048500,false,24.53,15,100,good,24.5,done,80,true,true,-31.57,-3.00,-18.00,25.58,true,MANUAL,false,2.00,1.50,,1500,false,,false,off,,3,false,200,25,2,true,-52,1497,12,3975974454,0.1,1500,711,true,149.5,5,77.9,0,38.874172,-77.048042,true,,
2026-08-02T10:32:27.949Z,0.13.3,false,true,16.53,false,false,false,false,false,none,1000,1476,1000,1500,1493,1000,2.6,358.1,1660,false,off,1.00,false,false,true,1524,62.6,71.0,120880,,38.874775,-77.048500,false,24.53,15,100,good,24.5,done,80,true,true,-31.57,-3.00,-18.00,24.27,true,MANUAL,false,2.00,1.50,,1500,false,,false,off,,3,false,200,25,2,true,-51,1497,12,3975974454,0.1,1500,712,true,149.5,5,77.9,0,38.874172,-77.048042,true,,
2026-08-02T10:32:28.903Z,0.13.3,false,true,16.54,false,false,false,false,false,none,1000,1476,1000,1500,1493,1000,2.6,358.1,1660,false,off,1.00,false,false,true,1524,66.0,74.4,120872,,38.874779,-77.048500,false,24.53,15,100,good,24.5,done,80,true,true,-31.57,-3.00,-18.00,22.06,true,MANUAL,false,2.00,1.50,,1500,false,,false,off,,3,false,200,25,0,true,-52,1497,12,3975974454,0.1,1500,713,true,149.7,5,78.2,0,38.874172,-77.048042,true,,
2026-08-02T10:32:29.916Z,0.13.3,false,true,16.53,false,false,false,false,false,none,1000,1476,1000,1500,1493,1000,2.6,358.1,1660,false,off,1.00,false,false,true,1524,67.8,76.2,120876,late=529 at=10:32:29.116 state=background>background busy=none n=1,38.874779,-77.048500,false,24.53,15,100,good,24.5,done,80,true,true,-31.57,-3.00,-18.00,21.64,true,MANUAL,false,2.00,1.50,,1500,false,,false,off,,3,false,200,25,3,true,-53,1497,12,3975974454,0.1,1500,714,true,149.7,5,78.2,0,38.874172,-77.048042,true,,
2026-08-02T10:32:30.933Z,0.13.3,false,true,16.54,false,false,false,false,false,none,1000,1476,1000,1500,1493,1000,2.6,358.1,1660,false,off,1.00,false,false,true,1524,68.3,76.8,120892,,38.874779,-77.048500,false,24.53,15,100,good,24.5,done,80,true,true,-31.57,-3.00,-18.00,23.33,true,MANUAL,false,2.00,1.50,,1500,false,,false,off,,3,false,200,25,7,true,-46,1497,12,3975974454,0.1,1500,715,true,149.7,5,78.2,0,38.874172,-77.048042,true,,
2026-08-02T10:32:31.950Z,0.13.3,false,true,16.54,false,false,false,false,false,none,1000,1476,1000,1500,1493,1000,2.6,358.1,1660,false,off,1.00,false,false,true,1524,70.3,78.7,120892,,38.874779,-77.048500,false,24.53,15,100,good,24.5,done,80,true,true,-31.57,-3.00,-18.00,23.72,true,MANUAL,false,2.00,1.50,,1500,false,,false,off,,3,false,200,25,7,true,-42,1497,12,3975974454,0.1,1500,716,true,149.7,5,78.2,0,38.874172,-77.048042,true,,
2026-08-02T10:32:32.917Z,0.13.3,false,true,16.53,false,false,false,false,false,none,1000,1476,1000,1500,1493,1000,2.6,358.1,1660,false,off,1.00,false,false,true,1524,70.5,78.9,120892,,38.874779,-77.048508,false,24.53,15,100,good,24.5,done,80,true,true,-31.57,-3.00,-18.00,23.73,true,MANUAL,false,2.00,1.50,,1500,false,,false,off,,3,false,200,25,5,true,-42,1497,12,3975974454,0.1,1500,717,true,149.3,5,78.6,0,38.874172,-77.048042,true,,
2026-08-02T10:32:33.933Z,0.13.3,false,true,16.53,false,false,false,false,false,none,1000,1476,1000,1500,1493,1000,2.6,358.1,1660,false,off,1.00,false,false,true,1524,72.4,80.8,120896,,38.874779,-77.048508,false,24.53,15,100,good,24.5,done,80,true,true,-31.57,-3.00,-18.00,23.01,true,MANUAL,false,2.00,1.50,,1500,false,,false,off,,3,false,200,25,5,true,-49,1497,12,3975974454,0.1,1500,718,true,149.3,5,78.6,0,38.874172,-77.048042,true,,
2026-08-02T10:32:34.989Z,0.13.3,false,true,16.53,false,false,false,false,false,none,1000,1476,1000,1500,1496,1000,2.6,358.1,1660,false,off,1.00,false,false,true,1524,73.8,82.2,120896,,38.874779,-77.048508,false,24.53,15,100,good,24.5,done,80,true,true,-31.57,-3.00,-18.00,21.40,true,MANUAL,false,2.00,1.50,,1500,false,,false,off,,3,false,200,25,4,true,-44,1498,12,3975974454,0.1,1500,719,true,149.3,5,78.6,0,38.874172,-77.048042,true,,
2026-08-02T10:32:35.992Z,0.13.3,false,true,16.53,false,false,false,false,false,none,1000,1476,1000,1497,2000,1150,2.6,358.1,1660,false,off,1.00,false,false,true,1524,75.5,84.0,120896,,38.874779,-77.048508,false,24.53,15,100,good,24.5,done,80,true,true,-31.57,-3.00,-18.00,23.26,true,MANUAL,false,2.00,1.50,,1517,false,,false,off,,3,false,200,25,2,true,-45,1670,12,3975974454,0.1,1515,720,true,149.3,5,78.6,0,38.874172,-77.048042,true,,
2026-08-02T10:32:36.231Z,0.13.3,,,16.53,,,,,false,,,,,,,,,358.1,,,,,false,,true,,75.8,,,,38.874779,-77.048500,,,,,,,,,,,,,,,,MANUAL,,,,,1557,false,,,,,,,,,,,-45,1670,12,,0.1,,721,true,,5,78.2,0,38.874172,-77.048042,true,,
2026-08-02T10:32:37.231Z,0.13.3,,,16.53,,,,,false,,,,,,,,,358.1,,,,,false,,true,,77.1,,,,38.874779,-77.048500,,,,,,,,,,,,,,,,MANUAL,,,,,1590,false,,,,,,,,,,,-48,1670,12,,0.0,,722,true,,5,78.2,0,38.874172,-77.048042,true,,
2026-08-02T10:32:38.233Z,0.13.3,,,16.51,,,,,false,,,,,,,,,358.1,,,,,false,,true,,79.6,,,,38.874779,-77.048500,,,,,,,,,,,,,,,,MANUAL,,,,,1648,false,,,,,,,,,,,-44,1670,12,,0.2,,723,true,,5,78.2,0,38.874172,-77.048042,true,,
2026-08-02T10:32:39.233Z,0.13.3,,,16.50,,,,,false,,,,,,,,,358.1,,,,,false,,true,,73.5,,,,38.874779,-77.048500,,,,,,,,,,,,,,,,MANUAL,,,,,1673,false,,,,,,,,,,,-47,1670,12,,0.1,,724,true,,5,78.2,0,38.874172,-77.048042,true,,
2026-08-02T10:32:40.233Z,0.13.3,,,16.45,,,,,false,,,,,,,,,358.1,,,,,false,,true,,77.5,,,,38.874779,-77.048500,,,,,,,,,,,,,,,,MANUAL,,,,,1673,false,,,,,,,,,,,-46,1670,12,,0.3,,725,true,,5,78.2,0,38.874172,-77.048042,true,,
2026-08-02T10:32:41.233Z,0.13.3,,,16.49,,,,,false,,,,,,,,,358.1,,,,,false,,true,,94.8,,,,38.874779,-77.048500,,,,,,,,,,,,,,,,MANUAL,,,,,1673,false,,,,,,,,,,,-45,1670,12,,0.4,,726,true,,5,78.2,0,38.874172,-77.048042,true,,
2026-08-02T10:32:42.233Z,0.13.3,,,16.51,,,,,false,,,,,,,,,61.3,,,,,false,,true,,117.2,,,,38.874775,-77.048500,,,,,,,,,,,,,,,,MANUAL,,,,,1673,false,,,,,,,,,,,-43,1670,12,,0.5,,727,true,,5,77.9,0,38.874172,-77.048042,true,,
2026-08-02T10:32:43.234Z,0.13.3,,,16.44,,,,,false,,,,,,,,,108.3,,,,,false,,true,,139.4,,,,38.874775,-77.048500,,,,,,,,,,,,,,,,MANUAL,,,,,1673,false,,,,,,,,,,,-44,1670,12,,0.5,,728,true,,5,77.9,0,38.874172,-77.048042,true,,
2026-08-02T10:32:44.234Z,0.13.3,,,16.51,,,,,false,,,,,,,,,139.0,,,,,false,,true,,162.7,,,,38.874771,-77.048500,,,,,,,,,,,,,,,,MANUAL,,,,,1657,false,,,,,,,,,,,-44,1497,12,,0.5,,729,true,,5,77.5,0,38.874172,-77.048042,true,,
2026-08-02T10:32:45.234Z,0.13.3,,,16.49,,,,,false,,,,,,,,,190.4,,,,,false,,true,,184.5,,,,38.874767,-77.048500,,,,,,,,,,,,,,,,MANUAL,,,,,1657,false,,,,,,,,,,,-42,1497,12,,0.8,,730,true,,5,77.1,0,38.874172,-77.048042,true,,
2026-08-02T10:32:46.234Z,0.13.3,,,16.47,,,,,false,,,,,,,,,195.7,,,,,false,,true,,199.2,,,,38.874764,-77.048500,,,,,,,,,,,,,,,,MANUAL,,,,,1644,false,,,,,,,,,,,-54,1361,12,,1.0,,731,true,,5,76.8,0,38.874172,-77.048042,true,,
2026-08-02T10:32:47.234Z,0.13.3,,,16.46,,,,,false,,,,,,,,,195.7,,,,,false,,true,,213.6,,,,38.874764,-77.048500,,,,,,,,,,,,,,,,MANUAL,,,,,1650,false,,,,,,,,,,,-47,1419,12,,1.0,,732,true,,5,76.8,0,38.874172,-77.048042,true,,
2026-08-02T10:32:48.234Z,0.13.3,,,16.48,,,,,false,,,,,,,,,201.7,,,,,false,,true,,213.5,,,,38.874760,-77.048508,,,,,,,,,,,,,,,,MANUAL,,,,,1649,false,,,,,,,,,,,-43,1412,12,,1.2,,733,true,,5,76.7,0,38.874172,-77.048042,true,,
2026-08-02T10:32:49.234Z,0.13.3,,,16.50,,,,,false,,,,,,,,,200.2,,,,,false,,true,,207.8,,,,38.874752,-77.048508,,,,,,,,,,,,,,,,MANUAL,,,,,1650,false,,,,,,,,,,,-47,1420,12,,1.3,,734,true,,5,76.0,0,38.874172,-77.048042,true,,
2026-08-02T10:32:50.234Z,0.13.3,,,16.50,,,,,false,,,,,,,,,192.0,,,,,false,,true,,201.9,,,,38.874741,-77.048515,,,,,,,,,,,,,,,,MANUAL,,,,,1650,false,,,,,,,,,,,-47,1420,12,,1.5,,735,true,,5,75.3,0,38.874172,-77.048042,true,,
2026-08-02T10:32:51.234Z,0.13.3,,,16.48,,,,,false,,,,,,,,,186.5,,,,,false,,true,,195.7,,,,38.874737,-77.048515,,,,,,,,,,,,,,,,MANUAL,,,,,1653,false,,,,,,,,,,,-46,1450,12,,1.5,,736,true,,5,75.3,0,38.874172,-77.048042,true,,
2026-08-02T10:32:52.234Z,0.13.3,,,16.48,,,,,false,,,,,,,,,180.4,,,,,false,,true,,188.6,,,,38.874729,-77.048515,,,,,,,,,,,,,,,,MANUAL,,,,,1657,false,,,,,,,,,,,-48,1497,12,,1.5,,737,true,,5,74.2,0,38.874172,-77.048042,true,,
2026-08-02T10:32:53.234Z,0.13.3,,,16.49,,,,,false,,,,,,,,,180.0,,,,,false,,true,,179.7,,,,38.874721,-77.048515,,,,,,,,,,,,,,,,MANUAL,,,,,1657,false,,,,,,,,,,,-48,1497,12,,1.5,,738,true,,5,74.2,0,38.874172,-77.048042,true,,
2026-08-02T10:32:54.234Z,0.13.3,,,16.51,,,,,false,,,,,,,,,182.3,,,,,false,,true,,180.9,,,,38.874714,-77.048515,,,,,,,,,,,,,,,,MANUAL,,,,,1657,false,,,,,,,,,,,-48,1496,12,,1.5,,739,true,,5,72.8,0,38.874172,-77.048042,true,,
2026-08-02T10:32:55.234Z,0.13.3,,,16.48,,,,,false,,,,,,,,,186.8,,,,,false,,true,,186.0,,,,38.874710,-77.048515,,,,,,,,,,,,,,,,MANUAL,,,,,1656,false,,,,,,,,,,,-48,1489,12,,1.5,,740,true,,5,72.5,0,38.874172,-77.048042,true,,
2026-08-02T10:32:56.234Z,0.13.3,,,16.46,,,,,false,,,,,,,,,198.1,,,,,false,,true,,191.8,,,,38.874702,-77.048523,,,,,,,,,,,,,,,,MANUAL,,,,,1649,false,,,,,,,,,,,-51,1405,12,,1.8,,741,true,,5,72.2,0,38.874172,-77.048042,true,,
2026-08-02T10:32:57.234Z,0.13.3,,,16.46,,,,,false,,,,,,,,,198.1,,,,,false,,true,,206.3,,,,38.874702,-77.048523,,,,,,,,,,,,,,,,MANUAL,,,,,1644,false,,,,,,,,,,,-50,1355,12,,1.8,,742,true,,5,72.2,0,38.874172,-77.048042,true,,
2026-08-02T10:32:58.234Z,0.13.3,,,16.49,,,,,false,,,,,,,,,197.9,,,,,false,,true,,213.6,,,,38.874687,-77.048531,,,,,,,,,,,,,,,,MANUAL,,,,,1644,false,,,,,,,,,,,-50,1358,12,,1.4,,743,true,,5,71.2,0,38.874172,-77.048042,true,,
2026-08-02T10:32:59.234Z,0.13.3,,,16.49,,,,,false,,,,,,,,,191.8,,,,,false,,true,,208.4,,,,38.874683,-77.048531,,,,,,,,,,,,,,,,MANUAL,,,,,1644,false,,,,,,,,,,,-52,1358,12,,1.4,,744,true,,5,71.2,0,38.874172,-77.048042,true,,
2026-08-02T10:33:00.234Z,0.13.3,,,16.46,,,,,false,,,,,,,,,191.8,,,,,false,,true,,196.7,,,,38.874683,-77.048531,,,,,,,,,,,,,,,,MANUAL,,,,,1644,false,,,,,,,,,,,-56,1360,12,,1.4,,745,true,,5,70.8,0,38.874172,-77.048042,true,,
2026-08-02T10:33:01.234Z,0.13.3,,,16.50,,,,,false,,,,,,,,,182.2,,,,,false,,true,,181.2,,,,38.874676,-77.048531,,,,,,,,,,,,,,,,MANUAL,,,,,1655,false,,,,,,,,,,,-52,1478,12,,1.3,,746,true,,5,70.2,0,38.874172,-77.048042,true,,
2026-08-02T10:33:02.234Z,0.13.3,,,16.45,,,,,false,,,,,,,,,171.4,,,,,false,,true,,160.5,,,,38.874668,-77.048523,,,,,,,,,,,,,,,,MANUAL,,,,,1655,false,,,,,,,,,,,-55,1478,12,,1.2,,747,true,,5,69.1,0,38.874172,-77.048042,true,,
2026-08-02T10:33:03.234Z,0.13.3,,,16.48,,,,,false,,,,,,,,,158.4,,,,,false,,true,,150.8,,,,38.874664,-77.048523,,,,,,,,,,,,,,,,MANUAL,,,,,1651,false,,,,,,,,,,,-54,1433,12,,1.2,,748,true,,5,68.7,0,38.874172,-77.048042,true,,
2026-08-02T10:33:04.234Z,0.13.3,,,16.49,,,,,false,,,,,,,,,145.7,,,,,false,,true,,145.4,,,,38.874653,-77.048515,,,,,,,,,,,,,,,,MANUAL,,,,,1655,false,,,,,,,,,,,-55,1478,12,,1.4,,749,true,,5,68.0,0,38.874172,-77.048042,true,,
2026-08-02T10:33:05.234Z,0.13.3,,,16.50,,,,,false,,,,,,,,,145.7,,,,,false,,true,,145.0,,,,38.874653,-77.048515,,,,,,,,,,,,,,,,MANUAL,,,,,1644,false,,,,,,,,,,,-54,1361,12,,1.4,,750,true,,5,67.3,0,38.874172,-77.048042,true,,
2026-08-02T10:33:06.234Z,0.13.3,,,16.44,,,,,false,,,,,,,,,153.0,,,,,false,,true,,150.5,,,,38.874641,-77.048508,,,,,,,,,,,,,,,,MANUAL,,,,,1655,false,,,,,,,,,,,-53,1478,12,,1.6,,751,true,,5,66.6,0,38.874172,-77.048042,true,,
2026-08-02T10:33:07.234Z,0.13.3,,,16.48,,,,,false,,,,,,,,,153.0,,,,,false,,true,,144.4,,,,38.874641,-77.048508,,,,,,,,,,,,,,,,MANUAL,,,,,1655,false,,,,,,,,,,,-55,1477,12,,1.6,,752,true,,5,65.9,0,38.874172,-77.048042,true,,
2026-08-02T10:33:08.234Z,0.13.3,,,16.48,,,,,false,,,,,,,,,147.4,,,,,false,,true,,142.8,,,,38.874630,-77.048492,,,,,,,,,,,,,,,,MANUAL,,,,,1655,false,,,,,,,,,,,-56,1471,12,,1.5,,753,true,,5,64.1,0,38.874172,-77.048042,true,,
2026-08-02T10:33:09.234Z,0.13.3,,,16.46,,,,,false,,,,,,,,,147.4,,,,,false,,true,,144.9,,,,38.874630,-77.048492,,,,,,,,,,,,,,,,MANUAL,,,,,1655,false,,,,,,,,,,,-56,1470,12,,1.5,,754,true,,5,64.1,0,38.874172,-77.048042,true,,
2026-08-02T10:33:10.234Z,0.13.3,,,16.47,,,,,false,,,,,,,,,150.6,,,,,false,,true,,147.4,,,,38.874615,-77.048485,,,,,,,,,,,,,,,,MANUAL,,,,,1655,false,,,,,,,,,,,-55,1470,12,,1.5,,755,true,,5,63.4,0,38.874172,-77.048042,true,,
2026-08-02T10:33:11.236Z,0.13.3,,,16.50,,,,,false,,,,,,,,,151.6,,,,,false,,true,,155.8,,,,38.874607,-77.048485,,,,,,,,,,,,,,,,MANUAL,,,,,1644,false,,,,,,,,,,,-54,1352,12,,1.5,,756,true,,5,62.4,0,38.874172,-77.048042,true,,
2026-08-02T10:33:12.236Z,0.13.3,,,16.45,,,,,false,,,,,,,,,150.4,,,,,false,,true,,162.7,,,,38.874603,-77.048477,,,,,,,,,,,,,,,,MANUAL,,,,,1655,false,,,,,,,,,,,-59,1470,12,,1.5,,757,true,,5,60.9,0,38.874172,-77.048042,true,,
2026-08-02T10:33:13.236Z,0.13.3,,,16.47,,,,,false,,,,,,,,,150.4,,,,,false,,true,,152.6,,,,38.874603,-77.048477,,,,,,,,,,,,,,,,MANUAL,,,,,1655,false,,,,,,,,,,,-60,1470,12,,1.5,,758,true,,5,60.9,0,38.874172,-77.048042,true,,
2026-08-02T10:33:14.236Z,0.13.3,,,16.50,,,,,false,,,,,,,,,148.0,,,,,false,,true,,145.9,,,,38.874592,-77.048469,,,,,,,,,,,,,,,,MANUAL,,,,,1655,false,,,,,,,,,,,-59,1470,12,,1.5,,759,true,,5,59.9,0,38.874172,-77.048042,true,,
2026-08-02T10:33:15.236Z,0.13.3,,,16.45,,,,,false,,,,,,,,,152.0,,,,,false,,true,,144.2,,,,38.874584,-77.048462,,,,,,,,,,,,,,,,MANUAL,,,,,1655,false,,,,,,,,,,,-57,1470,12,,1.6,,760,true,,5,59.5,0,38.874172,-77.048042,true,,
2026-08-02T10:33:16.237Z,0.13.3,,,16.46,,,,,false,,,,,,,,,149.5,,,,,false,,true,,145.2,,,,38.874577,-77.048462,,,,,,,,,,,,,,,,AUTO,,,,,1650,false,,,,,,,,,,,-58,1482,12,,1.5,,761,true,,5,57.8,0,38.874172,-77.048042,true,,
2026-08-02T10:33:17.237Z,0.13.3,,,16.46,,,,,false,,,,,,,,,149.5,,,,,false,,true,,145.9,,,,38.874577,-77.048462,,,,,,,,,,,,,,,,AUTO,,,,,1659,false,,,,,,,,,,,-57,1498,12,,1.5,,762,true,,5,57.8,0,38.874172,-77.048042,true,,
2026-08-02T10:33:18.237Z,0.13.3,,,16.49,,,,,false,,,,,,,,,150.9,,,,,false,,true,,146.4,,,,38.874565,-77.048447,,,,,,,,,,,,,,,,AUTO,,,,,1647,false,,,,,,,,,,,-57,1492,12,,1.5,,763,true,,5,56.0,0,38.874172,-77.048042,true,,
2026-08-02T10:33:19.237Z,0.13.3,,,16.49,,,,,false,,,,,,,,,151.8,,,,,false,,true,,151.4,,,,38.874558,-77.048447,,,,,,,,,,,,,,,,AUTO,,,,,1634,false,,,,,,,,,,,-61,1479,12,,1.5,,764,true,,5,55.3,0,38.874172,-77.048042,true,,
2026-08-02T10:33:20.237Z,0.13.3,,,16.34,,,,,false,,,,,,,,,159.7,,,,,false,,true,,158.2,,,,38.874550,-77.048439,,,,,,,,,,,,,,,,AUTO,,,,,1638,false,,,,,,,,,,,-60,1467,12,,1.7,,765,true,,5,54.2,0,38.874172,-77.048042,true,,
2026-08-02T10:33:21.237Z,0.13.3,,,16.29,,,,,false,,,,,,,,,165.1,,,,,false,,true,,173.1,,,,38.874542,-77.048439,,,,,,,,,,,,,,,,AUTO,,,,,1600,false,,,,,,,,,,,-57,1435,12,,2.1,,766,true,,5,53.6,0,38.874172,-77.048042,true,,
2026-08-02T10:33:22.239Z,0.13.3,,,16.49,,,,,false,,,,,,,,,169.2,,,,,false,,true,,177.5,,,,38.874531,-77.048439,,,,,,,,,,,,,,,,AUTO,,,,,1616,false,,,,,,,,,,,-60,1437,12,,2.3,,767,true,,5,52.6,0,38.874172,-77.048042,true,,
2026-08-02T10:33:23.239Z,0.13.3,,,16.34,,,,,false,,,,,,,,,169.6,,,,,false,,true,,178.4,,,,38.874519,-77.048431,,,,,,,,,,,,,,,,AUTO,,,,,1610,false,,,,,,,,,,,-59,1447,12,,2.2,,768,true,,5,51.2,0,38.874172,-77.048042,true,,
2026-08-02T10:33:24.239Z,0.13.3,,,16.29,,,,,false,,,,,,,,,162.0,,,,,false,,true,,174.3,,,,38.874508,-77.048431,,,,,,,,,,,,,,,,AUTO,,,,,1607,false,,,,,,,,,,,-61,1460,12,,2.2,,769,true,,5,50.3,0,38.874172,-77.048042,true,,
2026-08-02T10:33:25.239Z,0.13.3,,,16.44,,,,,false,,,,,,,,,157.0,,,,,false,,true,,164.3,,,,38.874500,-77.048424,,,,,,,,,,,,,,,,AUTO,,,,,1662,false,,,,,,,,,,,-59,1478,12,,2.0,,770,true,,5,49.2,0,38.874172,-77.048042,true,,
2026-08-02T10:33:26.239Z,0.13.3,,,16.48,,,,,false,,,,,,,,,153.2,,,,,false,,true,,153.4,,,,38.874493,-77.048416,,,,,,,,,,,,,,,,AUTO,,,,,1681,false,,,,,,,,,,,-59,1490,12,,1.8,,771,true,,5,48.1,0,38.874172,-77.048042,true,,
2026-08-02T10:33:27.239Z,0.13.3,,,16.49,,,,,false,,,,,,,,,155.3,,,,,false,,true,,147.9,,,,38.874485,-77.048416,,,,,,,,,,,,,,,,AUTO,,,,,1601,false,,,,,,,,,,,-64,1493,12,,1.7,,772,true,,5,47.5,0,38.874172,-77.048042,true,,
2026-08-02T10:33:28.242Z,0.13.3,,,16.44,,,,,false,,,,,,,,,156.1,,,,,false,,true,,149.8,,,,38.874477,-77.048408,,,,,,,,,,,,,,,,AUTO,,,,,1634,false,,,,,,,,,,,-76,1472,12,,1.6,,773,true,,5,46.4,0,38.874172,-77.048042,true,,
2026-08-02T10:33:29.242Z,0.13.3,,,16.39,,,,,false,,,,,,,,,158.7,,,,,false,,true,,157.2,,,,38.874470,-77.048408,,,,,,,,,,,,,,,,AUTO,,,,,1615,false,,,,,,,,,,,-61,1454,12,,1.8,,774,true,,5,45.8,0,38.874172,-77.048042,true,,
2026-08-02T10:33:30.243Z,0.13.3,,,16.45,,,,,false,,,,,,,,,160.3,,,,,false,,true,,164.6,,,,38.874462,-77.048401,,,,,,,,,,,,,,,,AUTO,,,,,1598,false,,,,,,,,,,,-69,1447,12,,1.9,,775,true,,5,44.8,0,38.874172,-77.048042,true,,
2026-08-02T10:33:31.243Z,0.13.3,,,16.43,,,,,false,,,,,,,,,161.5,,,,,false,,true,,164.2,,,,38.874454,-77.048401,,,,,,,,,,,,,,,,AUTO,,,,,1609,false,,,,,,,,,,,-65,1459,12,,2.0,,776,true,,5,44.1,0,38.874172,-77.048042,true,,
2026-08-02T10:33:32.245Z,0.13.3,,,16.42,,,,,false,,,,,,,,,161.0,,,,,false,,true,,163.3,,,,38.874443,-77.048393,,,,,,,,,,,,,,,,AUTO,,,,,1627,false,,,,,,,,,,,-70,1466,12,,2.0,,777,true,,5,42.8,0,38.874172,-77.048042,true,,
2026-08-02T10:33:33.247Z,0.13.3,,,16.46,,,,,false,,,,,,,,,154.8,,,,,false,,true,,161.2,,,,38.874435,-77.048386,,,,,,,,,,,,,,,,AUTO,,,,,1692,false,,,,,,,,,,,-72,1469,12,,1.9,,778,true,,5,41.7,0,38.874172,-77.048042,true,,
2026-08-02T10:33:34.247Z,0.13.3,,,16.44,,,,,false,,,,,,,,,153.0,,,,,false,,true,,152.8,,,,38.874428,-77.048386,,,,,,,,,,,,,,,,AUTO,,,,,1659,false,,,,,,,,,,,-67,1485,12,,1.8,,779,true,,5,41.1,0,38.874172,-77.048042,true,,
2026-08-02T10:33:35.248Z,0.13.3,,,16.44,,,,,false,,,,,,,,,149.4,,,,,false,,true,,148.3,,,,38.874420,-77.048378,,,,,,,,,,,,,,,,AUTO,,,,,1639,false,,,,,,,,,,,-69,1490,12,,1.8,,780,true,,5,40.1,0,38.874172,-77.048042,true,,
2026-08-02T10:33:36.249Z,0.13.3,,,16.50,,,,,false,,,,,,,,,151.1,,,,,false,,true,,150.1,,,,38.874412,-77.048370,,,,,,,,,,,,,,,,AUTO,,,,,1644,false,,,,,,,,,,,-78,1475,12,,1.7,,781,true,,5,39.0,0,38.874172,-77.048042,true,,
2026-08-02T10:33:37.249Z,0.13.3,,,16.47,,,,,false,,,,,,,,,154.7,,,,,false,,true,,152.2,,,,38.874405,-77.048370,,,,,,,,,,,,,,,,AUTO,,,,,1635,false,,,,,,,,,,,-82,1467,12,,1.8,,782,true,,5,38.4,0,38.874172,-77.048042,true,,
2026-08-02T10:33:38.249Z,0.13.3,,,16.46,,,,,false,,,,,,,,,159.5,,,,,false,,true,,161.5,,,,38.874397,-77.048363,,,,,,,,,,,,,,,,AUTO,,,,,1625,false,,,,,,,,,,,-89,1445,12,,2.0,,783,true,,5,37.4,0,38.874172,-77.048042,true,,
2026-08-02T10:33:39.249Z,0.13.3,,,16.48,,,,,false,,,,,,,,,157.9,,,,,false,,true,,166.7,,,,38.874390,-77.048355,,,,,,,,,,,,,,,,AUTO,,,,,1580,false,,,,,,,,,,,-86,1443,12,,1.9,,784,true,,5,36.3,0,38.874172,-77.048042,true,,
2026-08-02T10:33:40.249Z,0.13.3,,,16.28,,,,,false,,,,,,,,,157.3,,,,,false,,true,,166.6,,,,38.874378,-77.048355,,,,,,,,,,,,,,,,AUTO,,,,,1580,false,,,,,,,,,,,-80,1443,12,,2.1,,785,true,,5,35.5,0,38.874172,-77.048042,true,,
2026-08-02T10:33:41.249Z,0.13.3,,,16.39,,,,,false,,,,,,,,,152.2,,,,,false,,true,,162.5,,,,38.874371,-77.048348,,,,,,,,,,,,,,,,AUTO,,,,,1614,false,,,,,,,,,,,-78,1457,12,,2.1,,786,true,,5,34.4,0,38.874172,-77.048042,true,,
2026-08-02T10:33:42.249Z,0.13.3,,,16.40,,,,,false,,,,,,,,,146.8,,,,,false,,true,,153.0,,,,38.874363,-77.048340,,,,,,,,,,,,,,,,AUTO,,,,,1673,false,,,,,,,,,,,-68,1483,12,,1.9,,787,true,,5,33.4,0,38.874172,-77.048042,true,,
2026-08-02T10:33:43.249Z,0.13.3,,,16.49,,,,,false,,,,,,,,,144.7,,,,,false,,true,,141.7,,,,38.874355,-77.048332,,,,,,,,,,,,,,,,AUTO,,,,,1666,false,,,,,,,,,,,-68,1497,12,,1.8,,788,true,,5,32.3,0,38.874172,-77.048042,true,,
2026-08-02T10:33:44.251Z,0.13.3,,,16.49,,,,,false,,,,,,,,,148.0,,,,,false,,true,,142.5,,,,38.874348,-77.048332,,,,,,,,,,,,,,,,AUTO,,,,,1633,false,,,,,,,,,,,-73,1479,12,,1.8,,789,true,,5,31.8,0,38.874172,-77.048042,true,,
2026-08-02T10:33:45.251Z,0.13.3,,,16.42,,,,,false,,,,,,,,,152.9,,,,,false,,true,,149.7,,,,38.874340,-77.048325,,,,,,,,,,,,,,,,AUTO,,,,,1618,false,,,,,,,,,,,-69,1461,12,,1.8,,790,true,,5,30.7,0,38.874172,-77.048042,true,,
2026-08-02T10:33:46.251Z,0.13.3,,,16.46,,,,,false,,,,,,,,,159.2,,,,,false,,true,,156.8,,,,38.874332,-77.048325,,,,,,,,,,,,,,,,AUTO,,,,,1580,false,,,,,,,,,,,-74,1445,12,,2.0,,791,true,,5,30.2,0,38.874172,-77.048042,true,,
2026-08-02T10:33:47.252Z,0.13.3,,,16.34,,,,,false,,,,,,,,,159.6,,,,,false,,true,,162.4,,,,38.874325,-77.048317,,,,,,,,,,,,,,,,AUTO,,,,,1597,false,,,,,,,,,,,-71,1430,12,,2.1,,792,true,,5,29.2,0,38.874172,-77.048042,true,,
2026-08-02T10:33:48.252Z,0.13.3,,,16.47,,,,,false,,,,,,,,,160.4,,,,,false,,true,,162.8,,,,38.874313,-77.048309,,,,,,,,,,,,,,,,AUTO,,,,,1598,false,,,,,,,,,,,-74,1437,12,,2.2,,793,true,,5,27.9,0,38.874172,-77.048042,true,,
2026-08-02T10:33:49.252Z,0.13.3,,,16.41,,,,,false,,,,,,,,,160.4,,,,,false,,true,,157.2,,,,38.874313,-77.048309,,,,,,,,,,,,,,,,AUTO,,,,,1615,false,,,,,,,,,,,-70,1462,12,,2.2,,794,true,,5,27.9,0,38.874172,-77.048042,true,,
2026-08-02T10:33:50.254Z,0.13.3,,,16.49,,,,,false,,,,,,,,,150.7,,,,,false,,true,,150.5,,,,38.874294,-77.048302,,,,,,,,,,,,,,,,AUTO,,,,,1647,false,,,,,,,,,,,-68,1465,12,,2.1,,795,true,,5,26.2,0,38.874172,-77.048042,true,,
2026-08-02T10:33:51.254Z,0.13.3,,,16.45,,,,,false,,,,,,,,,149.1,,,,,false,,true,,152.6,,,,38.874287,-77.048294,,,,,,,,,,,,,,,,AUTO,,,,,1580,false,,,,,,,,,,,-69,1445,12,,2.0,,796,true,,5,25.2,0,38.874172,-77.048042,true,,
2026-08-02T10:33:52.254Z,0.13.3,,,16.48,,,,,false,,,,,,,,,147.7,,,,,false,,true,,147.4,,,,38.874279,-77.048286,,,,,,,,,,,,,,,,AUTO,,,,,1604,false,,,,,,,,,,,-68,1458,12,,2.0,,797,true,,5,24.2,0,38.874172,-77.048042,true,,
2026-08-02T10:33:53.254Z,0.13.3,,,16.48,,,,,false,,,,,,,,,144.9,,,,,false,,true,,141.4,,,,38.874271,-77.048279,,,,,,,,,,,,,,,,AUTO,,,,,1631,false,,,,,,,,,,,-69,1471,12,,2.0,,798,true,,5,23.3,0,38.874172,-77.048042,true,,
2026-08-02T10:33:54.254Z,0.13.3,,,16.47,,,,,false,,,,,,,,,143.3,,,,,false,,true,,139.9,,,,38.874264,-77.048271,,,,,,,,,,,,,,,,AUTO,,,,,1649,false,,,,,,,,,,,-72,1460,12,,2.0,,799,true,,5,22.3,0,38.874172,-77.048042,true,,
2026-08-02T10:33:55.254Z,0.13.3,,,16.45,,,,,false,,,,,,,,,143.0,,,,,false,,true,,138.7,,,,38.874256,-77.048264,,,,,,,,,,,,,,,,AUTO,,,,,1673,false,,,,,,,,,,,-72,1466,12,,1.9,,800,true,,5,21.3,0,38.874172,-77.048042,true,,
2026-08-02T10:33:56.254Z,0.13.3,,,16.42,,,,,false,,,,,,,,,141.4,,,,,false,,true,,140.4,,,,38.874249,-77.048256,,,,,,,,,,,,,,,,AUTO,,,,,1648,false,,,,,,,,,,,-74,1464,12,,2.0,,801,true,,5,20.3,0,38.874172,-77.048042,true,,
2026-08-02T10:33:57.255Z,0.13.3,,,16.46,,,,,false,,,,,,,,,141.0,,,,,false,,true,,140.1,,,,38.874241,-77.048248,,,,,,,,,,,,,,,,AUTO,,,,,1634,false,,,,,,,,,,,-77,1458,12,,2.0,,802,true,,5,19.4,0,38.874172,-77.048042,true,,
2026-08-02T10:33:58.256Z,0.13.3,,,16.47,,,,,false,,,,,,,,,139.7,,,,,false,,true,,140.5,,,,38.874233,-77.048241,,,,,,,,,,,,,,,,AUTO,,,,,1623,false,,,,,,,,,,,-77,1453,12,,2.1,,803,true,,5,18.5,0,38.874172,-77.048042,true,,
2026-08-02T10:33:59.257Z,0.13.3,,,16.35,,,,,false,,,,,,,,,137.4,,,,,false,,true,,141.9,,,,38.874226,-77.048233,,,,,,,,,,,,,,,,AUTO,,,,,1637,false,,,,,,,,,,,-79,1452,12,,2.1,,804,true,,5,17.5,0,38.874172,-77.048042,true,,
2026-08-02T10:34:00.257Z,0.13.3,,,16.32,,,,,false,,,,,,,,,132.2,,,,,false,,true,,133.2,,,,38.874222,-77.048225,,,,,,,,,,,,,,,,AUTO,,,,,1626,false,,,,,,,,,,,-73,1474,12,,2.1,,805,true,,5,16.8,0,38.874172,-77.048042,true,,
2026-08-02T10:34:01.257Z,0.13.3,,,16.42,,,,,false,,,,,,,,,132.4,,,,,false,,true,,128.5,,,,38.874214,-77.048218,,,,,,,,,,,,,,,,AUTO,,,,,1619,false,,,,,,,,,,,-75,1481,12,,1.9,,806,true,,5,15.9,0,38.874172,-77.048042,true,,
2026-08-02T10:34:02.257Z,0.13.3,,,16.44,,,,,false,,,,,,,,,134.5,,,,,false,,true,,132.3,,,,38.874206,-77.048210,,,,,,,,,,,,,,,,AUTO,,,,,1636,false,,,,,,,,,,,-72,1462,12,,1.9,,807,true,,5,15.0,0,38.874172,-77.048042,true,,
2026-08-02T10:34:03.257Z,0.13.3,,,16.43,,,,,false,,,,,,,,,135.6,,,,,false,,true,,132.2,,,,38.874199,-77.048203,,,,,,,,,,,,,,,,AUTO,,,,,1593,false,,,,,,,,,,,-79,1450,12,,2.0,,808,true,,5,14.2,0,38.874172,-77.048042,true,,
2026-08-02T10:34:04.257Z,0.13.3,,,16.46,,,,,false,,,,,,,,,135.5,,,,,false,,true,,133.0,,,,38.874195,-77.048195,,,,,,,,,,,,,,,,AUTO,,,,,1588,false,,,,,,,,,,,-80,1441,12,,2.1,,809,true,,5,13.5,0,38.874172,-77.048042,true,,
2026-08-02T10:34:05.257Z,0.13.3,,,16.45,,,,,false,,,,,,,,,133.9,,,,,false,,true,,134.8,,,,38.874187,-77.048180,,,,,,,,,,,,,,,,AUTO,,,,,1595,false,,,,,,,,,,,-79,1440,12,,2.1,,810,true,,5,12.0,0,38.874172,-77.048042,true,,
2026-08-02T10:34:06.257Z,0.13.3,,,16.42,,,,,false,,,,,,,,,128.8,,,,,false,,true,,131.2,,,,38.874180,-77.048172,,,,,,,,,,,,,,,,AUTO,,,,,1707,false,,,,,,,,,,,-75,1462,12,,2.0,,811,true,,5,11.3,0,38.874172,-77.048042,true,,
2026-08-02T10:34:07.257Z,0.13.3,,,16.40,,,,,false,,,,,,,,,123.4,,,,,false,,true,,122.7,,,,38.874176,-77.048164,,,,,,,,,,,,,,,,AUTO,,,,,1613,false,,,,,,,,,,,-75,1471,12,,2.0,,812,true,,5,10.6,0,38.874172,-77.048042,true,,
2026-08-02T10:34:08.257Z,0.13.3,,,16.36,,,,,false,,,,,,,,,122.0,,,,,false,,true,,117.5,,,,38.874172,-77.048157,,,,,,,,,,,,,,,,AUTO,,,,,1628,false,,,,,,,,,,,-88,1466,12,,1.9,,813,true,,5,9.9,0,38.874172,-77.048042,true,,
2026-08-02T10:34:09.257Z,0.13.3,,,16.42,,,,,false,,,,,,,,,119.7,,,,,false,,true,,117.5,,,,38.874165,-77.048141,,,,,,,,,,,,,,,,AUTO,,,,,1628,false,,,,,,,,,,,-88,1464,12,,1.9,,814,true,,5,8.6,0,38.874172,-77.048042,true,,
2026-08-02T10:34:10.257Z,0.13.3,,,16.48,,,,,false,,,,,,,,,115.7,,,,,false,,true,,113.4,,,,38.874161,-77.048134,,,,,,,,,,,,,,,,AUTO,,,,,1632,false,,,,,,,,,,,-92,1473,12,,1.9,,815,true,,5,8.0,0,38.874172,-77.048042,true,,
2026-08-02T10:34:11.257Z,0.13.3,,,16.45,,,,,false,,,,,,,,,115.2,,,,,false,,true,,109.7,,,,38.874161,-77.048126,,,,,,,,,,,,,,,,AUTO,,,,,1649,false,,,,,,,,,,,-89,1467,12,,1.8,,816,true,,5,7.4,0,38.874172,-77.048042,true,,
2026-08-02T10:34:12.257Z,0.13.3,,,16.40,,,,,false,,,,,,,,,115.2,,,,,false,,true,,105.2,,,,38.874157,-77.048119,,,,,,,,,,,,,,,,AUTO,,,,,1677,false,,,,,,,,,,,-87,1467,12,,1.8,,817,true,,5,6.8,0,38.874172,-77.048042,true,,
2026-08-02T10:34:13.257Z,0.13.3,,,16.42,,,,,false,,,,,,,,,115.1,,,,,false,,true,,106.8,,,,38.874153,-77.048103,,,,,,,,,,,,,,,,AUTO,,,,,1601,false,,,,,,,,,,,-88,1471,12,,1.9,,818,true,,5,5.7,0,38.874172,-77.048042,true,,
2026-08-02T10:34:14.257Z,0.13.3,,,16.45,,,,,false,,,,,,,,,114.0,,,,,false,,true,,107.5,,,,38.874149,-77.048096,,,,,,,,,,,,,,,,AUTO,,,,,1643,false,,,,,,,,,,,-88,1476,12,,1.9,,819,true,,5,5.3,0,38.874172,-77.048042,true,,
2026-08-02T10:34:15.258Z,0.13.3,,,16.42,,,,,false,,,,,,,,,115.3,,,,,false,,true,,105.3,,,,38.874145,-77.048088,,,,,,,,,,,,,,,,AUTO,,,,,1591,false,,,,,,,,,,,-83,1466,12,,1.8,,820,true,,5,53.7,1,38.874428,-77.047584,true,,
2026-08-02T10:34:16.259Z,0.13.3,,,16.32,,,,,false,,,,,,,,,115.6,,,,,false,,true,,111.2,,,,38.874142,-77.048073,,,,,,,,,,,,,,,,AUTO,,,,,1580,false,,,,,,,,,,,-91,1410,12,,2.2,,821,true,,5,52.9,1,38.874428,-77.047584,true,,
2026-08-02T10:34:17.259Z,0.13.3,,,16.39,,,,,false,,,,,,,,,110.9,,,,,false,,true,,111.5,,,,38.874134,-77.048065,,,,,,,,,,,,,,,,AUTO,,,,,1580,false,,,,,,,,,,,-89,1415,12,,2.3,,822,true,,5,52.9,1,38.874428,-77.047584,true,,
2026-08-02T10:34:18.261Z,0.13.3,,,16.44,,,,,false,,,,,,,,,101.9,,,,,false,,true,,103.3,,,,38.874134,-77.048050,,,,,,,,,,,,,,,,AUTO,,,,,1675,false,,,,,,,,,,,-88,1426,12,,2.2,,823,true,,5,51.9,1,38.874428,-77.047584,true,,
2026-08-02T10:34:19.262Z,0.13.3,,,16.40,,,,,false,,,,,,,,,93.5,,,,,false,,true,,91.0,,,,38.874134,-77.048035,,,,,,,,,,,,,,,,AUTO,,,,,1584,false,,,,,,,,,,,-94,1452,12,,2.0,,824,true,,5,50.8,1,38.874428,-77.047584,true,,
2026-08-02T10:34:20.263Z,0.13.3,,,16.34,,,,,false,,,,,,,,,86.2,,,,,false,,true,,82.2,,,,38.874134,-77.048027,,,,,,,,,,,,,,,,AUTO,,,,,1637,false,,,,,,,,,,,-91,1458,12,,2.0,,825,true,,5,50.3,1,38.874428,-77.047584,true,,
2026-08-02T10:34:21.263Z,0.13.3,,,16.45,,,,,false,,,,,,,,,79.5,,,,,false,,true,,78.8,,,,38.874138,-77.048012,,,,,,,,,,,,,,,,AUTO,,,,,1621,false,,,,,,,,,,,-87,1458,12,,1.9,,826,true,,5,49.1,1,38.874428,-77.047584,true,,
2026-08-02T10:34:22.263Z,0.13.3,,,16.44,,,,,false,,,,,,,,,71.9,,,,,false,,true,,72.3,,,,38.874142,-77.048004,,,,,,,,,,,,,,,,AUTO,,,,,1740,false,,,,,,,,,,,-90,1461,12,,2.0,,827,true,,5,48.3,1,38.874428,-77.047584,true,,
2026-08-02T10:34:23.263Z,0.13.3,,,16.37,,,,,false,,,,,,,,,69.3,,,,,false,,true,,65.4,,,,38.874145,-77.047989,,,,,,,,,,,,,,,,AUTO,,,,,1740,false,,,,,,,,,,,-90,1462,12,,1.9,,828,true,,5,47.0,1,38.874428,-77.047584,true,,
2026-08-02T10:34:24.263Z,0.13.3,,,16.47,,,,,false,,,,,,,,,67.8,,,,,false,,true,,62.7,,,,38.874149,-77.047981,,,,,,,,,,,,,,,,AUTO,,,,,1642,false,,,,,,,,,,,-89,1471,12,,1.9,,829,true,,5,46.2,1,38.874428,-77.047584,true,,
2026-08-02T10:34:25.263Z,0.13.3,,,16.46,,,,,false,,,,,,,,,68.0,,,,,false,,true,,65.2,,,,38.874153,-77.047966,,,,,,,,,,,,,,,,AUTO,,,,,1681,false,,,,,,,,,,,-88,1474,12,,1.8,,830,true,,5,45.0,1,38.874428,-77.047584,true,,
2026-08-02T10:34:26.263Z,0.13.3,,,16.48,,,,,false,,,,,,,,,68.0,,,,,false,,true,,68.0,,,,38.874157,-77.047958,,,,,,,,,,,,,,,,AUTO,,,,,1667,false,,,,,,,,,,,-90,1468,12,,1.8,,831,true,,5,44.2,1,38.874428,-77.047584,true,,
2026-08-02T10:34:27.263Z,0.13.3,,,16.45,,,,,false,,,,,,,,,69.0,,,,,false,,true,,68.1,,,,38.874161,-77.047951,,,,,,,,,,,,,,,,AUTO,,,,,1648,false,,,,,,,,,,,-89,1474,12,,1.9,,832,true,,5,43.4,1,38.874428,-77.047584,true,,
2026-08-02T10:34:28.263Z,0.13.3,,,16.48,,,,,false,,,,,,,,,66.6,,,,,false,,true,,68.6,,,,38.874165,-77.047935,,,,,,,,,,,,,,,,AUTO,,,,,1641,false,,,,,,,,,,,-93,1471,12,,1.9,,833,true,,5,42.2,1,38.874428,-77.047584,true,,
2026-08-02T10:34:29.263Z,0.13.3,,,16.43,,,,,false,,,,,,,,,65.3,,,,,false,,true,,67.3,,,,38.874168,-77.047928,,,,,,,,,,,,,,,,AUTO,,,,,1629,false,,,,,,,,,,,-89,1474,12,,1.9,,834,true,,5,41.4,1,38.874428,-77.047584,true,,
2026-08-02T10:34:30.266Z,0.13.3,,,16.42,,,,,false,,,,,,,,,63.6,,,,,false,,true,,62.8,,,,38.874172,-77.047913,,,,,,,,,,,,,,,,AUTO,,,,,1620,false,,,,,,,,,,,-88,1480,12,,1.9,,835,true,,5,40.2,1,38.874428,-77.047584,true,,
2026-08-02T10:34:31.266Z,0.13.3,,,16.47,,,,,false,,,,,,,,,62.7,,,,,false,,true,,60.4,,,,38.874180,-77.047905,,,,,,,,,,,,,,,,AUTO,,,,,1647,false,,,,,,,,,,,-88,1484,12,,1.9,,836,true,,5,39.1,1,38.874428,-77.047584,true,,
2026-08-02T10:34:32.267Z,0.13.3,,,16.27,,,,,false,,,,,,,,,62.2,,,,,false,,true,,61.8,,,,38.874184,-77.047897,,,,,,,,,,,,,,,,AUTO,,,,,1648,false,,,,,,,,,,,-92,1480,12,,1.8,,837,true,,5,38.3,1,38.874428,-77.047584,true,,
2026-08-02T10:34:33.267Z,0.13.3,,,16.43,,,,,false,,,,,,,,,64.2,,,,,false,,true,,63.9,,,,38.874187,-77.047882,,,,,,,,,,,,,,,,AUTO,,,,,1640,false,,,,,,,,,,,-89,1467,12,,2.0,,838,true,,5,37.1,1,38.874428,-77.047584,true,,
2026-08-02T10:34:34.269Z,0.13.3,,,16.42,,,,,false,,,,,,,,,65.4,,,,,false,,true,,63.8,,,,38.874191,-77.047875,,,,,,,,,,,,,,,,AUTO,,,,,1647,false,,,,,,,,,,,-89,1466,12,,1.9,,839,true,,5,36.4,1,38.874428,-77.047584,true,,
2026-08-02T10:34:35.269Z,0.13.3,,,16.47,,,,,false,,,,,,,,,66.3,,,,,false,,true,,65.5,,,,38.874195,-77.047867,,,,,,,,,,,,,,,,AUTO,,,,,1620,false,,,,,,,,,,,-94,1471,12,,1.9,,840,true,,5,35.6,1,38.874428,-77.047584,true,,
2026-08-02T10:34:36.269Z,0.13.3,,,16.47,,,,,false,,,,,,,,,65.8,,,,,false,,true,,64.3,,,,38.874195,-77.047852,,,,,,,,,,,,,,,,AUTO,,,,,1625,false,,,,,,,,,,,-91,1470,12,,1.9,,841,true,,5,34.7,1,38.874428,-77.047584,true,,
2026-08-02T10:34:37.269Z,0.13.3,,,16.45,,,,,false,,,,,,,,,66.3,,,,,false,,true,,65.6,,,,38.874203,-77.047844,,,,,,,,,,,,,,,,AUTO,,,,,1611,false,,,,,,,,,,,-89,1469,12,,1.9,,842,true,,5,33.6,1,38.874428,-77.047584,true,,
2026-08-02T10:34:38.269Z,0.13.3,,,16.40,,,,,false,,,,,,,,,65.5,,,,,false,,true,,64.3,,,,38.874206,-77.047829,,,,,,,,,,,,,,,,AUTO,,,,,1653,false,,,,,,,,,,,-90,1469,12,,2.0,,843,true,,5,32.4,1,38.874428,-77.047584,true,,
2026-08-02T10:34:39.270Z,0.13.3,,,16.42,,,,,false,,,,,,,,,65.1,,,,,false,,true,,64.5,,,,38.874210,-77.047821,,,,,,,,,,,,,,,,AUTO,,,,,1616,false,,,,,,,,,,,-92,1468,12,,1.9,,844,true,,5,31.7,1,38.874428,-77.047584,true,,
2026-08-02T10:34:40.271Z,0.13.3,,,16.48,,,,,false,,,,,,,,,62.7,,,,,false,,true,,66.2,,,,38.874214,-77.047813,,,,,,,,,,,,,,,,AUTO,,,,,1583,false,,,,,,,,,,,-90,1462,12,,1.9,,845,true,,5,30.9,1,38.874428,-77.047584,true,,
2026-08-02T10:34:41.271Z,0.13.3,,,16.45,,,,,false,,,,,,,,,60.3,,,,,false,,true,,64.1,,,,38.874218,-77.047798,,,,,,,,,,,,,,,,AUTO,,,,,1688,false,,,,,,,,,,,-91,1464,12,,2.0,,846,true,,5,29.8,1,38.874428,-77.047584,true,,
2026-08-02T10:34:42.271Z,0.13.3,,,16.45,,,,,false,,,,,,,,,59.9,,,,,false,,true,,61.8,,,,38.874222,-77.047791,,,,,,,,,,,,,,,,AUTO,,,,,1659,false,,,,,,,,,,,-88,1472,12,,1.9,,847,true,,5,29.0,1,38.874428,-77.047584,true,,
2026-08-02T10:34:43.271Z,0.13.3,,,16.45,,,,,false,,,,,,,,,60.0,,,,,false,,true,,58.9,,,,38.874229,-77.047783,,,,,,,,,,,,,,,,AUTO,,,,,1626,false,,,,,,,,,,,-91,1468,12,,1.9,,848,true,,5,28.0,1,38.874428,-77.047584,true,,
2026-08-02T10:34:44.271Z,0.13.3,,,16.39,,,,,false,,,,,,,,,60.2,,,,,false,,true,,64.1,,,,38.874233,-77.047768,,,,,,,,,,,,,,,,AUTO,,,,,1580,false,,,,,,,,,,,-92,1459,12,,2.0,,849,true,,5,26.8,1,38.874428,-77.047584,true,,
2026-08-02T10:34:45.271Z,0.13.3,,,16.40,,,,,false,,,,,,,,,60.0,,,,,false,,true,,61.7,,,,38.874237,-77.047760,,,,,,,,,,,,,,,,AUTO,,,,,1666,false,,,,,,,,,,,-86,1466,12,,2.0,,850,true,,5,26.1,1,38.874428,-77.047584,true,,
2026-08-02T10:34:46.271Z,0.13.3,,,16.39,,,,,false,,,,,,,,,58.7,,,,,false,,true,,60.8,,,,38.874241,-77.047752,,,,,,,,,,,,,,,,AUTO,,,,,1633,false,,,,,,,,,,,-80,1464,12,,2.0,,851,true,,5,25.4,1,38.874428,-77.047584,true,,
2026-08-02T10:34:47.272Z,0.13.3,,,16.45,,,,,false,,,,,,,,,56.9,,,,,false,,true,,57.8,,,,38.874249,-77.047737,,,,,,,,,,,,,,,,AUTO,,,,,1605,false,,,,,,,,,,,-83,1466,12,,1.9,,852,true,,5,23.9,1,38.874428,-77.047584,true,,
2026-08-02T10:34:48.272Z,0.13.3,,,16.40,,,,,false,,,,,,,,,54.6,,,,,false,,true,,56.4,,,,38.874252,-77.047730,,,,,,,,,,,,,,,,AUTO,,,,,1643,false,,,,,,,,,,,-88,1462,12,,2.0,,853,true,,5,23.2,1,38.874428,-77.047584,true,,
2026-08-02T10:34:49.272Z,0.13.3,,,16.46,,,,,false,,,,,,,,,54.7,,,,,false,,true,,55.9,,,,38.874260,-77.047722,,,,,,,,,,,,,,,,AUTO,,,,,1641,false,,,,,,,,,,,-83,1468,12,,2.0,,854,true,,5,22.1,1,38.874428,-77.047584,true,,
2026-08-02T10:34:50.272Z,0.13.3,,,16.41,,,,,false,,,,,,,,,52.5,,,,,false,,true,,59.1,,,,38.874264,-77.047714,,,,,,,,,,,,,,,,AUTO,,,,,1621,false,,,,,,,,,,,-86,1451,12,,1.9,,855,true,,5,21.4,1,38.874428,-77.047584,true,,
2026-08-02T10:34:51.272Z,0.13.3,,,16.42,,,,,false,,,,,,,,,50.7,,,,,false,,true,,56.1,,,,38.874271,-77.047707,,,,,,,,,,,,,,,,AUTO,,,,,1580,false,,,,,,,,,,,-82,1457,12,,1.9,,856,true,,5,20.3,1,38.874428,-77.047584,true,,
2026-08-02T10:34:52.272Z,0.13.3,,,16.38,,,,,false,,,,,,,,,50.7,,,,,false,,true,,50.0,,,,38.874275,-77.047691,,,,,,,,,,,,,,,,AUTO,,,,,1740,false,,,,,,,,,,,-90,1454,12,,1.9,,857,true,,5,19.3,1,38.874428,-77.047584,true,,
2026-08-02T10:34:53.272Z,0.13.3,,,16.45,,,,,false,,,,,,,,,52.0,,,,,false,,true,,49.0,,,,38.874279,-77.047684,,,,,,,,,,,,,,,,AUTO,,,,,1625,false,,,,,,,,,,,-80,1467,12,,2.0,,858,true,,5,18.6,1,38.874428,-77.047584,true,,
2026-08-02T10:34:54.273Z,0.13.3,,,16.47,,,,,false,,,,,,,,,53.9,,,,,false,,true,,51.5,,,,38.874287,-77.047676,,,,,,,,,,,,,,,,AUTO,,,,,1620,false,,,,,,,,,,,-86,1459,12,,2.1,,859,true,,5,17.6,1,38.874428,-77.047584,true,,
2026-08-02T10:34:55.276Z,0.13.3,,,16.22,,,,,false,,,,,,,,,52.3,,,,,false,,true,,53.3,,,,38.874294,-77.047669,,,,,,,,,,,,,,,,AUTO,,,,,1614,false,,,,,,,,,,,-92,1460,12,,2.1,,860,true,,5,16.5,1,38.874428,-77.047584,true,,
2026-08-02T10:34:56.276Z,0.13.3,,,16.46,,,,,false,,,,,,,,,47.9,,,,,false,,true,,53.2,,,,38.874298,-77.047661,,,,,,,,,,,,,,,,AUTO,,,,,1589,false,,,,,,,,,,,-85,1456,12,,2.1,,861,true,,5,15.9,1,38.874428,-77.047584,true,,
2026-08-02T10:34:57.276Z,0.13.3,,,16.46,,,,,false,,,,,,,,,46.3,,,,,false,,true,,46.9,,,,38.874306,-77.047653,,,,,,,,,,,,,,,,AUTO,,,,,1608,false,,,,,,,,,,,-78,1468,12,,1.9,,862,true,,5,14.8,1,38.874428,-77.047584,true,,
2026-08-02T10:34:58.277Z,0.13.3,,,16.46,,,,,false,,,,,,,,,46.5,,,,,false,,true,,48.6,,,,38.874313,-77.047646,,,,,,,,,,,,,,,,AUTO,,,,,1596,false,,,,,,,,,,,-82,1452,12,,2.0,,863,true,,5,13.8,1,38.874428,-77.047584,true,,
2026-08-02T10:34:59.277Z,0.13.3,,,16.46,,,,,false,,,,,,,,,45.8,,,,,false,,true,,48.1,,,,38.874321,-77.047630,,,,,,,,,,,,,,,,AUTO,,,,,1598,false,,,,,,,,,,,-83,1459,12,,2.0,,864,true,,5,12.5,1,38.874428,-77.047584,true,,
2026-08-02T10:35:00.277Z,0.13.3,,,16.46,,,,,false,,,,,,,,,46.6,,,,,false,,true,,47.5,,,,38.874329,-77.047623,,,,,,,,,,,,,,,,AUTO,,,,,1591,false,,,,,,,,,,,-84,1457,12,,2.1,,865,true,,5,11.5,1,38.874428,-77.047584,true,,
2026-08-02T10:35:01.277Z,0.13.3,,,16.45,,,,,false,,,,,,,,,45.7,,,,,false,,true,,48.2,,,,38.874332,-77.047615,,,,,,,,,,,,,,,,AUTO,,,,,1583,false,,,,,,,,,,,-86,1457,12,,2.2,,866,true,,5,10.9,1,38.874428,-77.047584,true,,
2026-08-02T10:35:02.277Z,0.13.3,,,16.48,,,,,false,,,,,,,,,43.4,,,,,false,,true,,43.4,,,,38.874340,-77.047607,,,,,,,,,,,,,,,,AUTO,,,,,1628,false,,,,,,,,,,,-93,1468,12,,2.1,,867,true,,5,10.0,1,38.874428,-77.047584,true,,
2026-08-02T10:35:03.277Z,0.13.3,,,16.46,,,,,false,,,,,,,,,41.5,,,,,false,,true,,42.2,,,,38.874348,-77.047600,,,,,,,,,,,,,,,,AUTO,,,,,1608,false,,,,,,,,,,,-84,1473,12,,2.1,,868,true,,5,9.0,1,38.874428,-77.047584,true,,
2026-08-02T10:35:04.277Z,0.13.3,,,16.46,,,,,false,,,,,,,,,38.9,,,,,false,,true,,38.4,,,,38.874355,-77.047600,,,,,,,,,,,,,,,,AUTO,,,,,1631,false,,,,,,,,,,,-84,1471,12,,2.0,,869,true,,5,8.2,1,38.874428,-77.047584,true,,
2026-08-02T10:35:05.277Z,0.13.3,,,16.45,,,,,false,,,,,,,,,35.9,,,,,false,,true,,35.3,,,,38.874367,-77.047592,,,,,,,,,,,,,,,,AUTO,,,,,1599,false,,,,,,,,,,,-79,1457,12,,2.0,,870,true,,5,6.8,1,38.874428,-77.047584,true,,
2026-08-02T10:35:06.277Z,0.13.3,,,16.46,,,,,false,,,,,,,,,34.5,,,,,false,,true,,34.3,,,,38.874374,-77.047584,,,,,,,,,,,,,,,,AUTO,,,,,1646,false,,,,,,,,,,,-86,1463,12,,1.9,,871,true,,5,5.9,1,38.874428,-77.047584,true,,
2026-08-02T10:35:07.277Z,0.13.3,,,16.38,,,,,false,,,,,,,,,35.4,,,,,false,,true,,36.6,,,,38.874378,-77.047577,,,,,,,,,,,,,,,,AUTO,,,,,1611,false,,,,,,,,,,,-85,1452,12,,1.9,,872,true,,5,5.6,1,38.874428,-77.047584,true,,
2026-08-02T10:35:08.277Z,0.13.3,,,16.35,,,,,false,,,,,,,,,37.5,,,,,false,,true,,38.6,,,,38.874386,-77.047569,,,,,,,,,,,,,,,,AUTO,,,,,1630,false,,,,,,,,,,,-81,1451,12,,2.0,,873,true,,5,41.0,2,38.874737,-77.047424,true,,
2026-08-02T10:35:09.277Z,0.13.3,,,16.44,,,,,false,,,,,,,,,38.7,,,,,false,,true,,36.8,,,,38.874393,-77.047562,,,,,,,,,,,,,,,,AUTO,,,,,1632,false,,,,,,,,,,,-86,1478,12,,2.0,,874,true,,5,40.0,2,38.874737,-77.047424,true,,
2026-08-02T10:35:10.277Z,0.13.3,,,16.41,,,,,false,,,,,,,,,37.5,,,,,false,,true,,36.1,,,,38.874401,-77.047554,,,,,,,,,,,,,,,,AUTO,,,,,1637,false,,,,,,,,,,,-83,1473,12,,1.9,,875,true,,5,39.0,2,38.874737,-77.047424,true,,
2026-08-02T10:35:11.277Z,0.13.3,,,16.34,,,,,false,,,,,,,,,38.3,,,,,false,,true,,37.7,,,,38.874409,-77.047546,,,,,,,,,,,,,,,,AUTO,,,,,1612,false,,,,,,,,,,,-85,1464,12,,1.9,,876,true,,5,38.0,2,38.874737,-77.047424,true,,
2026-08-02T10:35:12.278Z,0.13.3,,,16.43,,,,,false,,,,,,,,,38.6,,,,,false,,true,,38.5,,,,38.874416,-77.047539,,,,,,,,,,,,,,,,AUTO,,,,,1592,false,,,,,,,,,,,-84,1457,12,,1.9,,877,true,,5,37.0,2,38.874737,-77.047424,true,,
2026-08-02T10:35:13.278Z,0.13.3,,,16.46,,,,,false,,,,,,,,,38.3,,,,,false,,true,,40.6,,,,38.874420,-77.047531,,,,,,,,,,,,,,,,AUTO,,,,,1596,false,,,,,,,,,,,-88,1456,12,,1.9,,878,true,,5,36.4,2,38.874737,-77.047424,true,,
2026-08-02T10:35:14.278Z,0.13.3,,,16.46,,,,,false,,,,,,,,,38.2,,,,,false,,true,,42.6,,,,38.874428,-77.047531,,,,,,,,,,,,,,,,AUTO,,,,,1621,false,,,,,,,,,,,-83,1460,12,,2.0,,879,true,,5,35.6,2,38.874737,-77.047424,true,,
2026-08-02T10:35:15.279Z,0.13.3,,,16.44,,,,,false,,,,,,,,,39.9,,,,,false,,true,,39.1,,,,38.874435,-77.047523,,,,,,,,,,,,,,,,AUTO,,,,,1634,false,,,,,,,,,,,-88,1466,12,,2.0,,880,true,,5,34.6,2,38.874737,-77.047424,true,,
2026-08-02T10:35:16.280Z,0.13.3,,,16.36,,,,,false,,,,,,,,,40.6,,,,,false,,true,,40.5,,,,38.874443,-77.047516,,,,,,,,,,,,,,,,AUTO,,,,,1619,false,,,,,,,,,,,-86,1462,12,,2.0,,881,true,,5,33.6,2,38.874737,-77.047424,true,,
2026-08-02T10:35:17.280Z,0.13.3,,,16.38,,,,,false,,,,,,,,,39.3,,,,,false,,true,,40.0,,,,38.874451,-77.047508,,,,,,,,,,,,,,,,AUTO,,,,,1641,false,,,,,,,,,,,-84,1470,12,,2.0,,882,true,,5,32.6,2,38.874737,-77.047424,true,,
2026-08-02T10:35:18.280Z,0.13.3,,,16.43,,,,,false,,,,,,,,,40.2,,,,,false,,true,,38.7,,,,38.874458,-77.047501,,,,,,,,,,,,,,,,AUTO,,,,,1604,false,,,,,,,,,,,-92,1457,12,,2.0,,883,true,,5,31.7,2,38.874737,-77.047424,true,,
2026-08-02T10:35:19.280Z,0.13.3,,,16.46,,,,,false,,,,,,,,,40.1,,,,,false,,true,,34.2,,,,38.874466,-77.047493,,,,,,,,,,,,,,,,AUTO,,,,,1588,false,,,,,,,,,,,-85,1460,12,,2.0,,884,true,,5,30.7,2,38.874737,-77.047424,true,,
2026-08-02T10:35:20.280Z,0.13.3,,,16.40,,,,,false,,,,,,,,,39.6,,,,,false,,true,,39.6,,,,38.874474,-77.047478,,,,,,,,,,,,,,,,AUTO,,,,,1608,false,,,,,,,,,,,-84,1448,12,,2.1,,885,true,,5,29.6,2,38.874737,-77.047424,true,,
2026-08-02T10:35:21.280Z,0.13.3,,,16.32,,,,,false,,,,,,,,,37.9,,,,,false,,true,,38.7,,,,38.874481,-77.047470,,,,,,,,,,,,,,,,AUTO,,,,,1590,false,,,,,,,,,,,-91,1455,12,,2.1,,886,true,,5,28.7,2,38.874737,-77.047424,true,,
2026-08-02T10:35:22.280Z,0.13.3,,,16.45,,,,,false,,,,,,,,,34.6,,,,,false,,true,,33.1,,,,38.874489,-77.047462,,,,,,,,,,,,,,,,AUTO,,,,,1627,false,,,,,,,,,,,-83,1469,12,,2.1,,887,true,,5,27.8,2,38.874737,-77.047424,true,,
2026-08-02T10:35:23.280Z,0.13.3,,,16.41,,,,,false,,,,,,,,,33.6,,,,,false,,true,,28.7,,,,38.874496,-77.047462,,,,,,,,,,,,,,,,AUTO,,,,,1624,false,,,,,,,,,,,-81,1473,12,,1.9,,888,true,,5,26.9,2,38.874737,-77.047424,true,,
2026-08-02T10:35:24.280Z,0.13.3,,,16.42,,,,,false,,,,,,,,,31.1,,,,,false,,true,,29.6,,,,38.874504,-77.047455,,,,,,,,,,,,,,,,AUTO,,,,,1623,false,,,,,,,,,,,-90,1468,12,,1.9,,889,true,,5,26.0,2,38.874737,-77.047424,true,,
2026-08-02T10:35:25.281Z,0.13.3,,,16.40,,,,,false,,,,,,,,,31.2,,,,,false,,true,,30.4,,,,38.874512,-77.047447,,,,,,,,,,,,,,,,AUTO,,,,,1622,false,,,,,,,,,,,-87,1461,12,,1.9,,890,true,,5,25.1,2,38.874737,-77.047424,true,,
2026-08-02T10:35:26.284Z,0.13.3,,,16.41,,,,,false,,,,,,,,,32.2,,,,,false,,true,,29.4,,,,38.874519,-77.047440,,,,,,,,,,,,,,,,AUTO,,,,,1605,false,,,,,,,,,,,-87,1460,12,,2.0,,891,true,,5,24.2,2,38.874737,-77.047424,true,,
2026-08-02T10:35:27.284Z,0.13.3,,,16.40,,,,,false,,,,,,,,,32.0,,,,,false,,true,,37.4,,,,38.874527,-77.047432,,,,,,,,,,,,,,,,AUTO,,,,,1612,false,,,,,,,,,,,-91,1444,12,,2.1,,892,true,,5,23.3,2,38.874737,-77.047424,true,,
2026-08-02T10:35:28.284Z,0.13.3,,,16.45,,,,,false,,,,,,,,,32.1,,,,,false,,true,,36.1,,,,38.874535,-77.047432,,,,,,,,,,,,,,,,AUTO,,,,,1636,false,,,,,,,,,,,-88,1457,12,,2.2,,893,true,,5,22.5,2,38.874737,-77.047424,true,,
2026-08-02T10:35:29.284Z,0.13.3,,,16.41,,,,,false,,,,,,,,,32.9,,,,,false,,true,,31.5,,,,38.874546,-77.047424,,,,,,,,,,,,,,,,AUTO,,,,,1621,false,,,,,,,,,,,-81,1459,12,,2.1,,894,true,,5,21.2,2,38.874737,-77.047424,true,,
2026-08-02T10:35:30.284Z,0.13.3,,,16.42,,,,,false,,,,,,,,,31.4,,,,,false,,true,,30.4,,,,38.874554,-77.047417,,,,,,,,,,,,,,,,AUTO,,,,,1607,false,,,,,,,,,,,-78,1458,12,,2.1,,895,true,,5,20.4,2,38.874737,-77.047424,true,,
2026-08-02T10:35:31.284Z,0.13.3,,,16.36,,,,,false,,,,,,,,,31.1,,,,,false,,true,,29.6,,,,38.874561,-77.047409,,,,,,,,,,,,,,,,AUTO,,,,,1580,false,,,,,,,,,,,-81,1459,12,,2.1,,896,true,,5,19.6,2,38.874737,-77.047424,true,,
2026-08-02T10:35:32.284Z,0.13.3,,,16.39,,,,,false,,,,,,,,,30.7,,,,,false,,true,,28.4,,,,38.874569,-77.047401,,,,,,,,,,,,,,,,AUTO,,,,,1588,false,,,,,,,,,,,-80,1461,12,,2.1,,897,true,,5,18.8,2,38.874737,-77.047424,true,,
2026-08-02T10:35:33.284Z,0.13.3,,,16.39,,,,,false,,,,,,,,,29.6,,,,,false,,true,,21.6,,,,38.874580,-77.047401,,,,,,,,,,,,,,,,AUTO,,,,,1620,false,,,,,,,,,,,-85,1468,12,,2.1,,898,true,,5,17.5,2,38.874737,-77.047424,true,,
2026-08-02T10:35:34.284Z,0.13.3,,,16.38,,,,,false,,,,,,,,,26.4,,,,,false,,true,,22.4,,,,38.874588,-77.047394,,,,,,,,,,,,,,,,AUTO,,,,,1651,false,,,,,,,,,,,-81,1457,12,,2.1,,899,true,,5,16.8,2,38.874737,-77.047424,true,,
2026-08-02T10:35:35.284Z,0.13.3,,,16.41,,,,,false,,,,,,,,,22.3,,,,,false,,true,,16.9,,,,38.874596,-77.047386,,,,,,,,,,,,,,,,AUTO,,,,,1635,false,,,,,,,,,,,-83,1459,12,,2.0,,900,true,,5,16.0,2,38.874737,-77.047424,true,,
2026-08-02T10:35:36.285Z,0.13.3,,,16.38,,,,,false,,,,,,,,,18.7,,,,,false,,true,,14.6,,,,38.874607,-77.047386,,,,,,,,,,,,,,,,AUTO,,,,,1592,false,,,,,,,,,,,-87,1458,12,,2.1,,901,true,,5,14.8,2,38.874737,-77.047424,true,,
2026-08-02T10:35:37.286Z,0.13.3,,,16.26,,,,,false,,,,,,,,,16.6,,,,,false,,true,,15.3,,,,38.874615,-77.047386,,,,,,,,,,,,,,,,AUTO,,,,,1580,false,,,,,,,,,,,-90,1449,12,,2.1,,902,true,,5,14.0,2,38.874737,-77.047424,true,,
2026-08-02T10:35:38.287Z,0.13.3,,,16.34,,,,,false,,,,,,,,,15.5,,,,,false,,true,,13.2,,,,38.874626,-77.047378,,,,,,,,,,,,,,,,AUTO,,,,,1590,false,,,,,,,,,,,-87,1456,12,,2.1,,903,true,,5,12.9,2,38.874737,-77.047424,true,,
2026-08-02T10:35:39.289Z,0.13.3,,,16.44,,,,,false,,,,,,,,,13.8,,,,,false,,true,,13.9,,,,38.874634,-77.047378,,,,,,,,,,,,,,,,AUTO,,,,,1580,false,,,,,,,,,,,-88,1446,12,,2.1,,904,true,,5,12.1,2,38.874737,-77.047424,true,,
2026-08-02T10:35:40.291Z,0.13.3,,,16.36,,,,,false,,,,,,,,,13.6,,,,,false,,true,,14.1,,,,38.874645,-77.047378,,,,,,,,,,,,,,,,AUTO,,,,,1607,false,,,,,,,,,,,-92,1448,12,,2.2,,905,true,,5,10.9,2,38.874737,-77.047424,true,,
2026-08-02T10:35:41.291Z,0.13.3,,,16.47,,,,,false,,,,,,,,,11.9,,,,,false,,true,,10.0,,,,38.874653,-77.047378,,,,,,,,,,,,,,,,AUTO,,,,,1620,false,,,,,,,,,,,-88,1458,12,,2.2,,906,true,,5,10.1,2,38.874737,-77.047424,true,,
2026-08-02T10:35:42.291Z,0.13.3,,,16.45,,,,,false,,,,,,,,,10.4,,,,,false,,true,,5.5,,,,38.874664,-77.047371,,,,,,,,,,,,,,,,AUTO,,,,,1619,false,,,,,,,,,,,-85,1458,12,,2.1,,907,true,,5,9.3,2,38.874737,-77.047424,true,,
2026-08-02T10:35:43.291Z,0.13.3,,,16.46,,,,,false,,,,,,,,,6.7,,,,,false,,true,,2.0,,,,38.874672,-77.047371,,,,,,,,,,,,,,,,AUTO,,,,,1618,false,,,,,,,,,,,-92,1457,12,,2.1,,908,true,,5,8.6,2,38.874737,-77.047424,true,,
2026-08-02T10:35:44.291Z,0.13.3,,,16.46,,,,,false,,,,,,,,,5.1,,,,,false,,true,,358.9,,,,38.874683,-77.047371,,,,,,,,,,,,,,,,AUTO,,,,,1644,false,,,,,,,,,,,-88,1463,12,,2.2,,909,true,,5,7.5,2,38.874737,-77.047424,true,,
2026-08-02T10:35:45.291Z,0.13.3,,,16.46,,,,,false,,,,,,,,,3.3,,,,,false,,true,,357.5,,,,38.874695,-77.047371,,,,,,,,,,,,,,,,AUTO,,,,,1625,false,,,,,,,,,,,-88,1461,12,,2.2,,910,true,,5,6.6,2,38.874737,-77.047424,true,,
2026-08-02T10:35:46.291Z,0.13.3,,,16.45,,,,,false,,,,,,,,,1.6,,,,,false,,true,,356.5,,,,38.874702,-77.047371,,,,,,,,,,,,,,,,AUTO,,,,,1633,false,,,,,,,,,,,-89,1458,12,,2.1,,911,true,,5,6.0,2,38.874737,-77.047424,true,,
2026-08-02T10:35:47.291Z,0.13.3,,,16.41,,,,,false,,,,,,,,,0.0,,,,,false,,true,,356.0,,,,38.874714,-77.047371,,,,,,,,,,,,,,,,AUTO,,,,,1629,false,,,,,,,,,,,-90,1462,12,,2.1,,912,true,,5,5.3,2,38.874737,-77.047424,true,,
2026-08-02T10:35:48.293Z,0.13.3,,,16.41,,,,,false,,,,,,,,,356.8,,,,,false,,true,,354.1,,,,38.874721,-77.047371,,,,,,,,,,,,,,,,AUTO,,,,,1652,false,,,,,,,,,,,-85,1475,12,,2.1,,913,true,,5,35.9,3,38.875038,-77.047455,true,,
2026-08-02T10:35:49.293Z,0.13.3,,,16.43,,,,,false,,,,,,,,,355.0,,,,,false,,true,,349.3,,,,38.874733,-77.047378,,,,,,,,,,,,,,,,AUTO,,,,,1665,false,,,,,,,,,,,-88,1500,12,,2.0,,914,true,,5,34.6,3,38.875038,-77.047455,true,,
2026-08-02T10:35:50.293Z,0.13.3,,,16.41,,,,,false,,,,,,,,,357.7,,,,,false,,true,,354.0,,,,38.874741,-77.047378,,,,,,,,,,,,,,,,AUTO,,,,,1639,false,,,,,,,,,,,-88,1498,12,,1.9,,915,true,,5,33.7,3,38.875038,-77.047455,true,,
2026-08-02T10:35:51.293Z,0.13.3,,,16.39,,,,,false,,,,,,,,,2.5,,,,,false,,true,,2.8,,,,38.874748,-77.047378,,,,,,,,,,,,,,,,AUTO,,,,,1634,false,,,,,,,,,,,-85,1460,12,,1.8,,916,true,,5,32.9,3,38.875038,-77.047455,true,,
2026-08-02T10:35:52.293Z,0.13.3,,,16.37,,,,,false,,,,,,,,,7.1,,,,,false,,true,,14.1,,,,38.874756,-77.047371,,,,,,,,,,,,,,,,AUTO,,,,,1606,false,,,,,,,,,,,-92,1445,12,,1.9,,917,true,,5,32.2,3,38.875038,-77.047455,true,,
2026-08-02T10:35:53.294Z,0.13.3,,,16.36,,,,,false,,,,,,,,,8.6,,,,,false,,true,,14.3,,,,38.874764,-77.047371,,,,,,,,,,,,,,,,AUTO,,,,,1592,false,,,,,,,,,,,-88,1450,12,,2.0,,918,true,,5,31.4,3,38.875038,-77.047455,true,,
2026-08-02T10:35:54.295Z,0.13.3,,,16.41,,,,,false,,,,,,,,,9.9,,,,,false,,true,,10.8,,,,38.874775,-77.047371,,,,,,,,,,,,,,,,AUTO,,,,,1628,false,,,,,,,,,,,-89,1466,12,,2.1,,919,true,,5,30.2,3,38.875038,-77.047455,true,,
2026-08-02T10:35:55.297Z,0.13.3,,,16.39,,,,,false,,,,,,,,,11.0,,,,,false,,true,,11.0,,,,38.874783,-77.047371,,,,,,,,,,,,,,,,AUTO,,,,,1625,false,,,,,,,,,,,-89,1464,12,,2.1,,920,true,,5,29.3,3,38.875038,-77.047455,true,,
2026-08-02T10:35:56.297Z,0.13.3,,,16.38,,,,,false,,,,,,,,,12.3,,,,,false,,true,,10.5,,,,38.874790,-77.047363,,,,,,,,,,,,,,,,AUTO,,,,,1619,false,,,,,,,,,,,-86,1463,12,,2.0,,921,true,,5,28.7,3,38.875038,-77.047455,true,,
2026-08-02T10:35:57.297Z,0.13.3,,,16.38,,,,,false,,,,,,,,,13.4,,,,,false,,true,,13.5,,,,38.874802,-77.047363,,,,,,,,,,,,,,,,AUTO,,,,,1606,false,,,,,,,,,,,-89,1447,12,,2.2,,922,true,,5,27.5,3,38.875038,-77.047455,true,,
2026-08-02T10:35:58.297Z,0.13.3,,,16.22,,,,,false,,,,,,,,,12.9,,,,,false,,true,,16.1,,,,38.874809,-77.047356,,,,,,,,,,,,,,,,AUTO,,,,,1580,false,,,,,,,,,,,-85,1444,12,,2.1,,923,true,,5,26.9,3,38.875038,-77.047455,true,,
2026-08-02T10:35:59.297Z,0.13.3,,,16.24,,,,,false,,,,,,,,,12.9,,,,,false,,true,,15.1,,,,38.874821,-77.047356,,,,,,,,,,,,,,,,AUTO,,,,,1611,false,,,,,,,,,,,-90,1450,12,,2.2,,924,true,,5,25.7,3,38.875038,-77.047455,true,,
2026-08-02T10:36:00.297Z,0.13.3,,,16.39,,,,,false,,,,,,,,,13.0,,,,,false,,true,,12.4,,,,38.874828,-77.047356,,,,,,,,,,,,,,,,AUTO,,,,,1600,false,,,,,,,,,,,-87,1457,12,,2.3,,925,true,,5,24.9,3,38.875038,-77.047455,true,,
2026-08-02T10:36:01.297Z,0.13.3,,,16.40,,,,,false,,,,,,,,,11.7,,,,,false,,true,,10.2,,,,38.874840,-77.047356,,,,,,,,,,,,,,,,AUTO,,,,,1623,false,,,,,,,,,,,-85,1462,12,,2.2,,926,true,,5,23.7,3,38.875038,-77.047455,true,,
2026-08-02T10:36:02.297Z,0.13.3,,,16.45,,,,,false,,,,,,,,,10.2,,,,,false,,true,,7.0,,,,38.874847,-77.047348,,,,,,,,,,,,,,,,AUTO,,,,,1638,false,,,,,,,,,,,-85,1461,12,,2.2,,927,true,,5,23.1,3,38.875038,-77.047455,true,,
2026-08-02T10:36:03.297Z,0.13.3,,,16.46,,,,,false,,,,,,,,,6.8,,,,,false,,true,,5.1,,,,38.874859,-77.047348,,,,,,,,,,,,,,,,AUTO,,,,,1615,false,,,,,,,,,,,-87,1459,12,,2.0,,928,true,,5,22.0,3,38.875038,-77.047455,true,,
2026-08-02T10:36:04.297Z,0.13.3,,,16.42,,,,,false,,,,,,,,,4.5,,,,,false,,true,,2.5,,,,38.874867,-77.047348,,,,,,,,,,,,,,,,AUTO,,,,,1606,false,,,,,,,,,,,-87,1463,12,,2.1,,929,true,,5,21.2,3,38.875038,-77.047455,true,,
2026-08-02T10:36:05.298Z,0.13.3,,,16.40,,,,,false,,,,,,,,,3.2,,,,,false,,true,,0.4,,,,38.874878,-77.047348,,,,,,,,,,,,,,,,AUTO,,,,,1632,false,,,,,,,,,,,-92,1465,12,,2.1,,930,true,,5,20.1,3,38.875038,-77.047455,true,,
2026-08-02T10:36:06.299Z,0.13.3,,,16.36,,,,,false,,,,,,,,,1.9,,,,,false,,true,,358.3,,,,38.874886,-77.047348,,,,,,,,,,,,,,,,AUTO,,,,,1610,false,,,,,,,,,,,-84,1461,12,,2.0,,931,true,,5,19.3,3,38.875038,-77.047455,true,,
2026-08-02T10:36:07.300Z,0.13.3,,,16.34,,,,,false,,,,,,,,,2.3,,,,,false,,true,,358.3,,,,38.874897,-77.047348,,,,,,,,,,,,,,,,AUTO,,,,,1612,false,,,,,,,,,,,-80,1459,12,,2.1,,932,true,,5,18.2,3,38.875038,-77.047455,true,,
2026-08-02T10:36:08.301Z,0.13.3,,,16.43,,,,,false,,,,,,,,,2.2,,,,,false,,true,,357.9,,,,38.874905,-77.047348,,,,,,,,,,,,,,,,AUTO,,,,,1648,false,,,,,,,,,,,-83,1456,12,,2.1,,933,true,,5,17.5,3,38.875038,-77.047455,true,,
2026-08-02T10:36:09.303Z,0.13.3,,,16.43,,,,,false,,,,,,,,,1.0,,,,,false,,true,,355.7,,,,38.874916,-77.047348,,,,,,,,,,,,,,,,AUTO,,,,,1615,false,,,,,,,,,,,-87,1463,12,,2.1,,934,true,,5,16.4,3,38.875038,-77.047455,true,,
2026-08-02T10:36:10.303Z,0.13.3,,,16.44,,,,,false,,,,,,,,,359.4,,,,,false,,true,,356.5,,,,38.874927,-77.047348,,,,,,,,,,,,,,,,AUTO,,,,,1612,false,,,,,,,,,,,-85,1452,12,,2.2,,935,true,,5,15.4,3,38.875038,-77.047455,true,,
2026-08-02T10:36:11.304Z,0.13.3,,,16.45,,,,,false,,,,,,,,,357.8,,,,,false,,true,,354.6,,,,38.874935,-77.047348,,,,,,,,,,,,,,,,AUTO,,,,,1620,false,,,,,,,,,,,-85,1457,12,,2.2,,936,true,,5,14.7,3,38.875038,-77.047455,true,,
2026-08-02T10:36:12.305Z,0.13.3,,,16.38,,,,,false,,,,,,,,,356.3,,,,,false,,true,,352.9,,,,38.874947,-77.047348,,,,,,,,,,,,,,,,AUTO,,,,,1616,false,,,,,,,,,,,-85,1455,12,,2.1,,937,true,,5,13.8,3,38.875038,-77.047455,true,,
2026-08-02T10:36:13.305Z,0.13.3,,,16.34,,,,,false,,,,,,,,,353.3,,,,,false,,true,,350.7,,,,38.874954,-77.047348,,,,,,,,,,,,,,,,AUTO,,,,,1620,false,,,,,,,,,,,-81,1449,12,,2.2,,938,true,,5,13.1,3,38.875038,-77.047455,true,,
2026-08-02T10:36:14.305Z,0.13.3,,,16.44,,,,,false,,,,,,,,,350.2,,,,,false,,true,,347.0,,,,38.874966,-77.047348,,,,,,,,,,,,,,,,AUTO,,,,,1607,false,,,,,,,,,,,-85,1459,12,,2.1,,939,true,,5,12.3,3,38.875038,-77.047455,true,,
2026-08-02T10:36:15.305Z,0.13.3,,,16.46,,,,,false,,,,,,,,,346.5,,,,,false,,true,,342.0,,,,38.874977,-77.047348,,,,,,,,,,,,,,,,AUTO,,,,,1621,false,,,,,,,,,,,-82,1454,12,,2.1,,940,true,,5,11.5,3,38.875038,-77.047455,true,,
2026-08-02T10:36:16.305Z,0.13.3,,,16.45,,,,,false,,,,,,,,,344.9,,,,,false,,true,,337.8,,,,38.874985,-77.047356,,,,,,,,,,,,,,,,AUTO,,,,,1613,false,,,,,,,,,,,-81,1458,12,,2.2,,941,true,,5,10.4,3,38.875038,-77.047455,true,,
2026-08-02T10:36:17.305Z,0.13.3,,,16.40,,,,,false,,,,,,,,,342.8,,,,,false,,true,,336.5,,,,38.874996,-77.047363,,,,,,,,,,,,,,,,AUTO,,,,,1621,false,,,,,,,,,,,-77,1461,12,,2.3,,942,true,,5,9.2,3,38.875038,-77.047455,true,,
2026-08-02T10:36:18.305Z,0.13.3,,,16.31,,,,,false,,,,,,,,,341.5,,,,,false,,true,,334.4,,,,38.875008,-77.047363,,,,,,,,,,,,,,,,AUTO,,,,,1614,false,,,,,,,,,,,-79,1456,12,,2.3,,943,true,,5,8.6,3,38.875038,-77.047455,true,,
2026-08-02T10:36:19.305Z,0.13.3,,,16.38,,,,,false,,,,,,,,,339.0,,,,,false,,true,,331.3,,,,38.875019,-77.047371,,,,,,,,,,,,,,,,AUTO,,,,,1640,false,,,,,,,,,,,-81,1465,12,,2.2,,944,true,,5,7.6,3,38.875038,-77.047455,true,,
2026-08-02T10:36:20.305Z,0.13.3,,,16.45,,,,,false,,,,,,,,,335.4,,,,,false,,true,,328.4,,,,38.875027,-77.047378,,,,,,,,,,,,,,,,AUTO,,,,,1625,false,,,,,,,,,,,-79,1464,12,,2.1,,945,true,,5,6.7,3,38.875038,-77.047455,true,,
2026-08-02T10:36:21.305Z,0.13.3,,,16.45,,,,,false,,,,,,,,,332.0,,,,,false,,true,,329.0,,,,38.875034,-77.047386,,,,,,,,,,,,,,,,MANUAL,,,,,1500,false,,,,,,,,,,,-86,1471,12,,2.0,,946,true,,5,6.0,3,38.875038,-77.047455,true,,
2026-08-02T10:36:22.305Z,0.13.3,,,16.48,,,,,false,,,,,,,,,330.7,,,,,false,,true,,329.9,,,,38.875042,-77.047386,,,,,,,,,,,,,,,,MANUAL,,,,,1555,false,,,,,,,,,,,-83,1603,12,,1.7,,947,true,,5,6.0,3,38.875038,-77.047455,true,,
2026-08-02T10:36:23.305Z,0.13.3,,,16.48,,,,,false,,,,,,,,,331.3,,,,,false,,true,,330.8,,,,38.875050,-77.047394,,,,,,,,,,,,,,,,MANUAL,,,,,1585,false,,,,,,,,,,,-87,1647,12,,1.5,,948,true,,5,5.4,3,38.875038,-77.047455,true,,
2026-08-02T10:36:24.305Z,0.13.3,,,16.48,,,,,false,,,,,,,,,330.7,,,,,false,,true,,335.4,,,,38.875057,-77.047401,,,,,,,,,,,,,,,,MANUAL,,,,,1586,false,,,,,,,,,,,-80,1662,12,,1.2,,949,true,,5,5.1,3,38.875038,-77.047455,true,,
2026-08-02T10:36:25.305Z,0.13.3,,,16.47,,,,,false,,,,,,,,,331.0,,,,,false,,true,,340.2,,,,38.875061,-77.047401,,,,,,,,,,,,,,,,MANUAL,,,,,1641,false,,,,,,,,,,,-79,1670,12,,1.0,,950,true,,5,5.3,3,38.875038,-77.047455,true,,
2026-08-02T10:36:26.305Z,0.13.3,,,16.45,,,,,false,,,,,,,,,334.0,,,,,false,,true,,343.3,,,,38.875065,-77.047401,,,,,,,,,,,,,,,,MANUAL,,,,,1666,false,,,,,,,,,,,-87,1670,12,,0.8,,951,true,,5,5.5,3,38.875038,-77.047455,true,,
2026-08-02T10:36:27.305Z,0.13.3,,,16.42,,,,,false,,,,,,,,,342.8,,,,,false,,true,,352.5,,,,38.875065,-77.047409,,,,,,,,,,,,,,,,MANUAL,,,,,1690,false,,,,,,,,,,,-77,1670,12,,0.8,,952,true,,5,5.0,3,38.875038,-77.047455,true,,
2026-08-02T10:36:28.307Z,0.13.3,,,16.37,,,,,false,,,,,,,,,353.2,,,,,false,,true,,2.7,,,,38.875065,-77.047409,,,,,,,,,,,,,,,,MANUAL,,,,,1682,false,,,,,,,,,,,-79,1588,12,,0.7,,953,true,,5,5.0,3,38.875038,-77.047455,true,,
2026-08-02T10:36:29.307Z,0.13.3,,,16.44,,,,,false,,,,,,,,,7.7,,,,,false,,true,,25.3,,,,38.875069,-77.047401,,,,,,,,,,,,,,,,MANUAL,,,,,1662,false,,,,,,,,,,,-80,1385,12,,0.8,,954,true,,5,5.7,3,38.875038,-77.047455,true,,
2026-08-02T10:36:30.309Z,0.13.3,,,16.45,,,,,false,,,,,,,,,29.9,,,,,false,,true,,44.9,,,,38.875073,-77.047401,,,,,,,,,,,,,,,,MANUAL,,,,,1670,false,,,,,,,,,,,-78,1470,12,,1.1,,955,true,,5,6.0,3,38.875038,-77.047455,true,,
2026-08-02T10:36:31.309Z,0.13.3,,,16.39,,,,,false,,,,,,,,,37.2,,,,,false,,true,,44.2,,,,38.875076,-77.047394,,,,,,,,,,,,,,,,MANUAL,,,,,1669,false,,,,,,,,,,,-75,1458,12,,1.3,,956,true,,5,6.8,3,38.875038,-77.047455,true,,
2026-08-02T10:36:32.310Z,0.13.3,,,16.39,,,,,false,,,,,,,,,44.3,,,,,false,,true,,55.1,,,,38.875080,-77.047386,,,,,,,,,,,,,,,,MANUAL,,,,,1667,false,,,,,,,,,,,-82,1435,12,,1.4,,957,true,,5,7.6,3,38.875038,-77.047455,true,,
2026-08-02T10:36:33.311Z,0.13.3,,,16.44,,,,,false,,,,,,,,,46.4,,,,,false,,true,,50.4,,,,38.875084,-77.047378,,,,,,,,,,,,,,,,MANUAL,,,,,1673,false,,,,,,,,,,,-82,1493,12,,1.5,,958,true,,5,8.3,3,38.875038,-77.047455,true,,
2026-08-02T10:36:34.312Z,0.13.3,,,16.45,,,,,false,,,,,,,,,47.9,,,,,false,,true,,48.4,,,,38.875088,-77.047371,,,,,,,,,,,,,,,,MANUAL,,,,,1670,false,,,,,,,,,,,-81,1470,12,,1.5,,959,true,,5,9.1,3,38.875038,-77.047455,true,,
2026-08-02T10:36:35.313Z,0.13.3,,,16.39,,,,,false,,,,,,,,,52.4,,,,,false,,true,,56.6,,,,38.875092,-77.047363,,,,,,,,,,,,,,,,MANUAL,,,,,1661,false,,,,,,,,,,,-82,1383,12,,1.5,,960,true,,5,9.9,3,38.875038,-77.047455,true,,
2026-08-02T10:36:36.313Z,0.13.3,,,16.37,,,,,false,,,,,,,,,56.2,,,,,false,,true,,61.7,,,,38.875095,-77.047356,,,,,,,,,,,,,,,,MANUAL,,,,,1670,false,,,,,,,,,,,-76,1470,12,,1.5,,961,true,,5,10.7,3,38.875038,-77.047455,true,,
2026-08-02T10:36:37.313Z,0.13.3,,,16.40,,,,,false,,,,,,,,,58.1,,,,,false,,true,,62.6,,,,38.875099,-77.047348,,,,,,,,,,,,,,,,MANUAL,,,,,1665,false,,,,,,,,,,,-78,1417,12,,1.6,,962,true,,5,11.5,3,38.875038,-77.047455,true,,
2026-08-02T10:36:38.313Z,0.13.3,,,16.44,,,,,false,,,,,,,,,59.0,,,,,false,,true,,61.2,,,,38.875103,-77.047340,,,,,,,,,,,,,,,,MANUAL,,,,,1670,false,,,,,,,,,,,-76,1471,12,,1.6,,963,true,,5,12.3,3,38.875038,-77.047455,true,,
2026-08-02T10:36:39.313Z,0.13.3,,,16.44,,,,,false,,,,,,,,,61.2,,,,,false,,true,,63.2,,,,38.875107,-77.047333,,,,,,,,,,,,,,,,MANUAL,,,,,1663,false,,,,,,,,,,,-72,1400,12,,1.6,,964,true,,5,13.0,3,38.875038,-77.047455,true,,
2026-08-02T10:36:40.313Z,0.13.3,,,16.40,,,,,false,,,,,,,,,59.8,,,,,false,,true,,63.9,,,,38.875107,-77.047325,,,,,,,,,,,,,,,,MANUAL,,,,,1664,false,,,,,,,,,,,-72,1406,12,,1.7,,965,true,,5,13.6,3,38.875038,-77.047455,true,,
2026-08-02T10:36:41.313Z,0.13.3,,,16.38,,,,,false,,,,,,,,,53.1,,,,,false,,true,,57.3,,,,38.875114,-77.047318,,,,,,,,,,,,,,,,MANUAL,,,,,1665,false,,,,,,,,,,,-77,1420,12,,1.8,,966,true,,5,14.6,3,38.875038,-77.047455,true,,
2026-08-02T10:36:42.313Z,0.13.3,,,16.41,,,,,false,,,,,,,,,47.4,,,,,false,,true,,44.8,,,,38.875118,-77.047310,,,,,,,,,,,,,,,,MANUAL,,,,,1670,false,,,,,,,,,,,-75,1470,12,,1.7,,967,true,,5,15.4,3,38.875038,-77.047455,true,,
2026-08-02T10:36:43.313Z,0.13.3,,,16.47,,,,,false,,,,,,,,,41.9,,,,,false,,true,,38.8,,,,38.875126,-77.047302,,,,,,,,,,,,,,,,MANUAL,,,,,1645,false,,,,,,,,,,,-75,1470,12,,1.6,,968,true,,5,16.4,3,38.875038,-77.047455,true,,
2026-08-02T10:36:44.314Z,0.13.3,,,16.46,,,,,false,,,,,,,,,43.0,,,,,false,,true,,41.1,,,,38.875130,-77.047295,,,,,,,,,,,,,,,,MANUAL,,,,,1641,false,,,,,,,,,,,-76,1422,12,,1.3,,969,true,,5,17.2,3,38.875038,-77.047455,true,,
2026-08-02T10:36:45.314Z,0.13.3,,,16.45,,,,,false,,,,,,,,,45.8,,,,,false,,true,,46.6,,,,38.875130,-77.047295,,,,,,,,,,,,,,,,MANUAL,,,,,1645,false,,,,,,,,,,,-77,1470,12,,1.1,,970,true,,5,17.2,3,38.875038,-77.047455,true,,
2026-08-02T10:36:46.314Z,0.13.3,,,16.46,,,,,false,,,,,,,,,47.3,,,,,false,,true,,51.8,,,,38.875133,-77.047287,,,,,,,,,,,,,,,,MANUAL,,,,,1645,false,,,,,,,,,,,-74,1469,12,,1.0,,971,true,,5,18.0,3,38.875038,-77.047455,true,,
2026-08-02T10:36:47.314Z,0.13.3,,,16.41,,,,,false,,,,,,,,,44.8,,,,,false,,true,,53.1,,,,38.875137,-77.047279,,,,,,,,,,,,,,,,MANUAL,,,,,1670,false,,,,,,,,,,,-75,1470,12,,0.6,,972,true,,5,18.8,3,38.875038,-77.047455,true,,
2026-08-02T10:36:48.314Z,0.13.3,,,16.42,,,,,false,,,,,,,,,51.0,,,,,false,,true,,57.7,,,,38.875137,-77.047279,,,,,,,,,,,,,,,,MANUAL,,,,,1670,false,,,,,,,,,,,-74,1470,12,,1.3,,973,true,,5,18.8,3,38.875038,-77.047455,true,,
2026-08-02T10:36:49.314Z,0.13.3,,,16.44,,,,,false,,,,,,,,,48.4,,,,,false,,true,,56.9,,,,38.875141,-77.047272,,,,,,,,,,,,,,,,MANUAL,,,,,1668,false,,,,,,,,,,,-72,1445,12,,1.0,,974,true,,5,19.6,3,38.875038,-77.047455,true,,
2026-08-02T10:36:50.314Z,0.13.3,,,16.40,,,,,false,,,,,,,,,50.5,,,,,false,,true,,56.9,,,,38.875145,-77.047264,,,,,,,,,,,,,,,,MANUAL,,,,,1664,false,,,,,,,,,,,-72,1412,12,,1.6,,975,true,,5,20.3,3,38.875038,-77.047455,true,,
2026-08-02T10:36:51.314Z,0.13.3,,,16.38,,,,,false,,,,,,,,,52.1,,,,,false,,true,,55.4,,,,38.875149,-77.047257,,,,,,,,,,,,,,,,MANUAL,,,,,1665,true,,,,,,,,,,,-72,1414,12,,1.5,,976,true,,5,21.1,3,38.875038,-77.047455,true,,
2026-08-02T10:36:52.314Z,0.13.3,,,16.44,,,,,false,,,,,,,,,52.5,,,,,false,,true,,48.7,,,,38.875153,-77.047249,,,,,,,,,,,,,,,,MANUAL,,,,,1670,true,,,,,,,,,,,-73,1470,12,,1.5,,977,true,,5,21.9,3,38.875038,-77.047455,true,,
2026-08-02T10:36:53.314Z,0.13.3,,,16.46,,,,,false,,,,,,,,,49.5,,,,,false,,true,,50.9,,,,38.875156,-77.047241,,,,,,,,,,,,,,,,MANUAL,,,,,1500,true,,,,,,,,,,,-70,1470,12,,1.3,,978,true,,5,22.7,3,38.875038,-77.047455,true,,
2026-08-02T10:36:54.315Z,0.13.3,,,16.48,,,,,false,,,,,,,,,49.5,,,,,false,,true,,45.7,,,,38.875160,-77.047234,,,,,,,,,,,,,,,,MANUAL,,,,,1500,true,,,,,,,,,,,-77,1470,12,,1.1,,979,true,,5,23.5,3,38.875038,-77.047455,true,,
2026-08-02T10:36:55.315Z,0.13.3,,,16.47,,,,,false,,,,,,,,,48.9,,,,,false,,true,,43.3,,,,38.875164,-77.047234,,,,,,,,,,,,,,,,MANUAL,,,,,1500,true,,,,,,,,,,,-78,1470,12,,0.6,,980,true,,5,23.7,3,38.875038,-77.047455,true,,
2026-08-02T10:36:56.315Z,0.13.3,,,16.47,,,,,false,,,,,,,,,48.4,,,,,false,,true,,43.0,,,,38.875168,-77.047226,,,,,,,,,,,,,,,,MANUAL,,,,,1500,true,,,,,,,,,,,-77,1470,12,,0.9,,981,true,,5,24.5,3,38.875038,-77.047455,true,,
2026-08-02T10:36:57.315Z,0.13.3,,,16.48,,,,,false,,,,,,,,,53.1,,,,,false,,true,,45.4,,,,38.875168,-77.047226,,,,,,,,,,,,,,,,MANUAL,,,,,1500,false,,,,,,,,,,,-79,1470,12,,0.6,,982,true,,5,24.5,3,38.875038,-77.047455,true,,
2026-08-02T10:36:58.315Z,0.13.3,,,16.47,,,,,false,,,,,,,,,53.1,,,,,false,,true,,48.1,,,,38.875172,-77.047218,,,,,,,,,,,,,,,,MANUAL,,,,,1500,false,,,,,,,,,,,-77,1470,12,,0.4,,983,true,,5,25.3,3,38.875038,-77.047455,true,,
2026-08-02T10:36:59.315Z,0.13.3,,,16.48,,,,,false,,,,,,,,,53.7,,,,,false,,true,,49.3,,,,38.875172,-77.047218,,,,,,,,,,,,,,,,MANUAL,,,,,1500,false,,,,,,,,,,,-82,1470,12,,0.7,,984,true,,5,25.3,3,38.875038,-77.047455,true,,
2026-08-02T10:37:00.315Z,0.13.3,,,16.48,,,,,false,,,,,,,,,53.7,,,,,false,,true,,52.1,,,,38.875172,-77.047211,,,,,,,,,,,,,,,,MANUAL,,,,,1500,false,,,,,,,,,,,-78,1470,12,,0.5,,985,true,,5,25.8,3,38.875038,-77.047455,true,,
2026-08-02T10:37:01.315Z,0.13.3,,,16.48,,,,,false,,,,,,,,,53.7,,,,,false,,true,,55.1,,,,38.875172,-77.047211,,,,,,,,,,,,,,,,MANUAL,,,,,1500,false,,,,,,,,,,,-88,1470,12,,0.4,,986,true,,5,25.8,3,38.875038,-77.047455,true,,
2026-08-02T10:37:02.315Z,0.13.3,,,16.47,,,,,false,,,,,,,,,53.7,,,,,false,,true,,57.6,,,,38.875172,-77.047211,,,,,,,,,,,,,,,,MANUAL,,,,,1500,false,,,,,,,,,,,-85,1470,12,,0.5,,987,true,,5,25.8,3,38.875038,-77.047455,true,,
2026-08-02T10:37:03.315Z,0.13.3,,,16.48,,,,,false,,,,,,,,,53.7,,,,,false,,true,,59.1,,,,38.875172,-77.047211,,,,,,,,,,,,,,,,MANUAL,,,,,1500,true,,,,,,,,,,,-90,1470,12,,0.3,,988,true,,5,25.8,3,38.875038,-77.047455,true,,
2026-08-02T10:37:04.315Z,0.13.3,,,16.47,,,,,false,,,,,,,,,53.7,,,,,false,,true,,62.3,,,,38.875172,-77.047211,,,,,,,,,,,,,,,,MANUAL,,,,,1500,true,,,,,,,,,,,-91,1470,12,,0.1,,989,true,,5,25.8,3,38.875038,-77.047455,true,,
2026-08-02T10:37:05.315Z,0.13.3,,,16.48,,,,,false,,,,,,,,,53.7,,,,,false,,true,,64.2,,,,38.875175,-77.047211,,,,,,,,,,,,,,,,MANUAL,,,,,1500,true,,,,,,,,,,,-85,1470,12,,0.2,,990,true,,5,26.1,3,38.875038,-77.047455,true,,
2026-08-02T10:37:06.315Z,0.13.3,,,16.48,,,,,false,,,,,,,,,53.7,,,,,false,,true,,65.4,,,,38.875175,-77.047203,,,,,,,,,,,,,,,,MANUAL,,,,,1500,true,,,,,,,,,,,-85,1470,12,,0.4,,991,true,,5,26.6,3,38.875038,-77.047455,true,,
2026-08-02T10:37:07.315Z,0.13.3,,,16.47,,,,,false,,,,,,,,,53.7,,,,,false,,true,,68.6,,,,38.875175,-77.047203,,,,,,,,,,,,,,,,MANUAL,,,,,1500,true,,,,,,,,,,,-83,1470,12,,0.3,,992,true,,5,26.6,3,38.875038,-77.047455,true,,
2026-08-02T10:37:08.316Z,0.13.3,,,16.47,,,,,false,,,,,,,,,53.7,,,,,false,,true,,73.3,,,,38.875179,-77.047195,,,,,,,,,,,,,,,,MANUAL,,,,,1500,true,,,,,,,,,,,-85,1470,12,,0.1,,993,true,,5,27.4,3,38.875038,-77.047455,true,,
2026-08-02T10:37:09.316Z,0.13.3,,,16.48,,,,,false,,,,,,,,,53.7,,,,,false,,true,,77.0,,,,38.875179,-77.047188,,,,,,,,,,,,,,,,MANUAL,,,,,1500,false,,,,,,,,,,,-89,1470,12,,0.2,,994,true,,5,27.9,3,38.875038,-77.047455,true,,
2026-08-02T10:37:10.317Z,0.13.3,,,16.48,,,,,false,,,,,,,,,53.7,,,,,false,,true,,81.0,,,,38.875179,-77.047188,,,,,,,,,,,,,,,,MANUAL,,,,,1500,false,,,,,,,,,,,-87,1470,12,,0.5,,995,true,,5,27.9,3,38.875038,-77.047455,true,,
2026-08-02T10:37:11.317Z,0.13.3,,,16.48,,,,,false,,,,,,,,,53.7,,,,,false,,true,,83.5,,,,38.875179,-77.047180,,,,,,,,,,,,,,,,MANUAL,,,,,1500,false,,,,,,,,,,,-88,1470,12,,0.2,,996,true,,5,28.5,3,38.875038,-77.047455,true,,
2026-08-02T10:37:12.317Z,0.13.3,,,16.48,,,,,false,,,,,,,,,53.7,,,,,false,,true,,83.3,,,,38.875179,-77.047180,,,,,,,,,,,,,,,,MANUAL,,,,,1500,false,,,,,,,,,,,-87,1470,12,,0.1,,997,true,,5,28.5,3,38.875038,-77.047455,true,,
2026-08-02T10:37:13.317Z,0.13.3,,,16.48,,,,,false,,,,,,,,,53.7,,,,,false,,true,,83.5,,,,38.875179,-77.047173,,,,,,,,,,,,,,,,MANUAL,,,,,1500,false,,,,,,,,,,,-89,1470,12,,0.1,,998,true,,5,29.0,3,38.875038,-77.047455,true,,
2026-08-02T10:37:14.318Z,0.13.3,,,16.48,,,,,false,,,,,,,,,53.7,,,,,false,,true,,83.9,,,,38.875183,-77.047173,,,,,,,,,,,,,,,,MANUAL,,,,,1500,false,,,,,,,,,,,-91,1470,12,,0.1,,999,true,,5,29.3,3,38.875038,-77.047455,true,,
2026-08-02T10:37:15.318Z,0.13.3,,,16.48,,,,,false,,,,,,,,,53.7,,,,,false,,true,,84.0,,,,38.875183,-77.047173,,,,,,,,,,,,,,,,MANUAL,,,,,1500,true,,,,,,,,,,,-84,1470,12,,0.1,,1000,true,,5,29.3,3,38.875038,-77.047455,true,,
2026-08-02T10:37:16.318Z,0.13.3,,,16.46,,,,,false,,,,,,,,,53.7,,,,,false,,true,,84.8,,,,38.875183,-77.047173,,,,,,,,,,,,,,,,MANUAL,,,,,1500,true,,,,,,,,,,,-90,1470,12,,0.1,,1001,true,,5,29.3,3,38.875038,-77.047455,true,,
2026-08-02T10:37:17.320Z,0.13.3,,,16.48,,,,,false,,,,,,,,,53.7,,,,,false,,true,,83.5,,,,38.875183,-77.047173,,,,,,,,,,,,,,,,MANUAL,,,,,1500,true,,,,,,,,,,,-88,1470,12,,0.1,,1002,true,,5,29.3,3,38.875038,-77.047455,true,,
2026-08-02T10:37:18.320Z,0.13.3,,,16.47,,,,,false,,,,,,,,,53.7,,,,,false,,true,,81.9,,,,38.875183,-77.047173,,,,,,,,,,,,,,,,MANUAL,,,,,1500,true,,,,,,,,,,,-83,1470,12,,0.1,,1003,true,,5,29.3,3,38.875038,-77.047455,true,,
2026-08-02T10:37:19.320Z,0.13.3,,,16.48,,,,,false,,,,,,,,,53.7,,,,,false,,true,,81.5,,,,38.875183,-77.047165,,,,,,,,,,,,,,,,MANUAL,,,,,1500,true,,,,,,,,,,,-89,1470,12,,0.0,,1004,true,,5,29.8,3,38.875038,-77.047455,true,,
2026-08-02T10:37:20.320Z,0.13.3,,,16.47,,,,,false,,,,,,,,,53.7,,,,,false,,true,,79.8,,,,38.875183,-77.047157,,,,,,,,,,,,,,,,MANUAL,,,,,1500,true,,,,,,,,,,,-92,1470,12,,0.1,,1005,true,,5,30.4,3,38.875038,-77.047455,true,,
2026-08-02T10:37:21.320Z,0.13.3,,,16.48,,,,,false,,,,,,,,,53.7,,,,,false,,true,,79.0,,,,38.875187,-77.047157,,,,,,,,,,,,,,,,MANUAL,,,,,1500,false,,,,,,,,,,,-89,1470,12,,0.1,,1006,true,,5,30.6,3,38.875038,-77.047455,true,,
2026-08-02T10:37:22.320Z,0.13.3,,,16.48,,,,,false,,,,,,,,,53.7,,,,,false,,true,,78.3,,,,38.875191,-77.047150,,,,,,,,,,,,,,,,MANUAL,,,,,1500,false,,,,,,,,,,,-93,1470,12,,0.1,,1007,true,,5,31.4,3,38.875038,-77.047455,true,,
2026-08-02T10:37:23.320Z,0.13.3,,,16.48,,,,,false,,,,,,,,,53.7,,,,,false,,true,,78.1,,,,38.875191,-77.047150,,,,,,,,,,,,,,,,MANUAL,,,,,1500,false,,,,,,,,,,,-89,1470,12,,0.0,,1008,true,,5,31.4,3,38.875038,-77.047455,true,,
2026-08-02T10:37:24.320Z,0.13.3,,,16.48,,,,,false,,,,,,,,,53.7,,,,,false,,true,,77.0,,,,38.875191,-77.047150,,,,,,,,,,,,,,,,MANUAL,,,,,1500,false,,,,,,,,,,,-85,1470,12,,0.1,,1009,true,,5,31.4,3,38.875038,-77.047455,true,,
2026-08-02T10:37:25.320Z,0.13.3,,,16.48,,,,,false,,,,,,,,,53.7,,,,,false,,true,,76.1,,,,38.875191,-77.047150,,,,,,,,,,,,,,,,MANUAL,,,,,1500,false,,,,,,,,,,,-90,1470,12,,0.2,,1010,true,,5,31.4,3,38.875038,-77.047455,true,,
2026-08-02T10:37:26.320Z,0.13.3,,,16.48,,,,,false,,,,,,,,,53.7,,,,,false,,true,,74.5,,,,38.875194,-77.047150,,,,,,,,,,,,,,,,MANUAL,,,,,1500,false,,,,,,,,,,,-90,1470,12,,0.1,,1011,true,,5,31.6,3,38.875038,-77.047455,true,,
2026-08-02T10:37:27.320Z,0.13.3,,,16.48,,,,,false,,,,,,,,,53.7,,,,,false,,true,,72.3,,,,38.875191,-77.047150,,,,,,,,,,,,,,,,MANUAL,,,,,1500,false,,,,,,,,,,,-90,1470,12,,0.1,,1012,true,,5,31.4,3,38.875038,-77.047455,true,,
2026-08-02T10:37:28.320Z,0.13.3,,,16.48,,,,,false,,,,,,,,,53.7,,,,,false,,true,,72.3,,,,38.875191,-77.047150,,,,,,,,,,,,,,,,MANUAL,,,,,1500,false,,,,,,,,,,,-93,1470,12,,0.1,,1013,true,,5,31.4,3,38.875038,-77.047455,true,,
2026-08-02T10:37:29.321Z,0.13.3,,,16.48,,,,,false,,,,,,,,,53.7,,,,,false,,true,,72.8,,,,38.875187,-77.047150,,,,,,,,,,,,,,,,MANUAL,,,,,1500,false,,,,,,,,,,,-89,1470,12,,0.2,,1014,true,,5,31.2,3,38.875038,-77.047455,true,,
2026-08-02T10:37:30.322Z,0.13.3,,,16.48,,,,,false,,,,,,,,,53.7,,,,,false,,true,,73.3,,,,38.875183,-77.047150,,,,,,,,,,,,,,,,MANUAL,,,,,1500,false,,,,,,,,,,,-90,1470,12,,0.1,,1015,true,,5,30.9,3,38.875038,-77.047455,true,,
2026-08-02T10:37:31.322Z,0.13.3,,,16.48,,,,,false,,,,,,,,,53.7,,,,,false,,true,,75.3,,,,38.875183,-77.047150,,,,,,,,,,,,,,,,MANUAL,,,,,1500,false,,,,,,,,,,,-88,1470,12,,0.0,,1016,true,,5,30.9,3,38.875038,-77.047455,true,,
2026-08-02T10:37:32.324Z,0.13.3,,,16.48,,,,,false,,,,,,,,,53.7,,,,,false,,true,,75.2,,,,38.875179,-77.047150,,,,,,,,,,,,,,,,MANUAL,,,,,1500,false,,,,,,,,,,,-87,1470,12,,0.0,,1017,true,,5,30.7,3,38.875038,-77.047455,true,,
2026-08-02T10:37:33.325Z,0.13.3,,,16.48,,,,,false,,,,,,,,,53.7,,,,,false,,true,,77.2,,,,38.875179,-77.047150,,,,,,,,,,,,,,,,MANUAL,,,,,1500,false,,,,,,,,,,,-86,1470,12,,0.0,,1018,true,,5,30.7,3,38.875038,-77.047455,true,,
2026-08-02T10:37:34.325Z,0.13.3,,,16.48,,,,,false,,,,,,,,,53.7,,,,,false,,true,,77.3,,,,38.875179,-77.047157,,,,,,,,,,,,,,,,MANUAL,,,,,1500,false,,,,,,,,,,,-85,1470,12,,0.1,,1019,true,,5,30.2,3,38.875038,-77.047455,true,,
2026-08-02T10:37:35.325Z,0.13.3,,,16.48,,,,,false,,,,,,,,,53.7,,,,,false,,true,,78.2,,,,38.875179,-77.047157,,,,,,,,,,,,,,,,MANUAL,,,,,1500,false,,,,,,,,,,,-90,1470,12,,0.1,,1020,true,,5,30.2,3,38.875038,-77.047455,true,,
2026-08-02T10:37:36.325Z,0.13.3,,,16.48,,,,,false,,,,,,,,,53.7,,,,,false,,true,,79.5,,,,38.875175,-77.047157,,,,,,,,,,,,,,,,MANUAL,,,,,1500,false,,,,,,,,,,,-85,1470,12,,0.1,,1021,true,,5,29.9,3,38.875038,-77.047455,true,,
2026-08-02T10:37:37.325Z,0.13.3,,,16.48,,,,,false,,,,,,,,,53.7,,,,,false,,true,,81.1,,,,38.875175,-77.047165,,,,,,,,,,,,,,,,MANUAL,,,,,1500,false,,,,,,,,,,,-86,1470,12,,0.1,,1022,true,,5,29.4,3,38.875038,-77.047455,true,,
2026-08-02T10:37:38.325Z,0.13.3,,,16.48,,,,,false,,,,,,,,,53.7,,,,,false,,true,,82.4,,,,38.875172,-77.047165,,,,,,,,,,,,,,,,MANUAL,,,,,1500,false,,,,,,,,,,,-89,1470,12,,0.2,,1023,true,,5,29.2,3,38.875038,-77.047455,true,,
2026-08-02T10:37:39.326Z,0.13.3,,,16.48,,,,,false,,,,,,,,,53.7,,,,,false,,true,,83.3,,,,38.875172,-77.047165,,,,,,,,,,,,,,,,MANUAL,,,,,1500,false,,,,,,,,,,,-90,1470,12,,0.1,,1024,true,,5,29.2,3,38.875038,-77.047455,true,,
2026-08-02T10:37:40.326Z,0.13.3,,,16.48,,,,,false,,,,,,,,,53.7,,,,,false,,true,,84.6,,,,38.875172,-77.047165,,,,,,,,,,,,,,,,MANUAL,,,,,1500,false,,,,,,,,,,,-88,1470,12,,0.1,,1025,true,,5,29.2,3,38.875038,-77.047455,true,,
2026-08-02T10:37:41.326Z,0.13.3,,,16.48,,,,,false,,,,,,,,,53.7,,,,,false,,true,,85.9,,,,38.875172,-77.047165,,,,,,,,,,,,,,,,MANUAL,,,,,1500,false,,,,,,,,,,,-82,1470,12,,0.1,,1026,true,,5,29.2,3,38.875038,-77.047455,true,,
2026-08-02T10:37:42.326Z,0.13.3,,,16.48,,,,,false,,,,,,,,,53.7,,,,,false,,true,,87.3,,,,38.875172,-77.047165,,,,,,,,,,,,,,,,MANUAL,,,,,1500,false,,,,,,,,,,,-90,1470,12,,0.1,,1027,true,,5,29.2,3,38.875038,-77.047455,true,,
2026-08-02T10:37:43.327Z,0.13.3,,,16.48,,,,,false,,,,,,,,,53.7,,,,,false,,true,,88.5,,,,38.875175,-77.047165,,,,,,,,,,,,,,,,MANUAL,,,,,1500,false,,,,,,,,,,,-87,1470,12,,0.0,,1028,true,,5,29.4,3,38.875038,-77.047455,true,,
2026-08-02T10:37:44.329Z,0.13.3,,,16.48,,,,,false,,,,,,,,,53.7,,,,,false,,true,,89.9,,,,38.875175,-77.047165,,,,,,,,,,,,,,,,MANUAL,,,,,1500,false,,,,,,,,,,,-82,1470,12,,0.0,,1029,true,,5,29.4,3,38.875038,-77.047455,true,,
2026-08-02T10:37:45.329Z,0.13.3,,,16.48,,,,,false,,,,,,,,,53.7,,,,,false,,true,,91.5,,,,38.875175,-77.047165,,,,,,,,,,,,,,,,MANUAL,,,,,1500,false,,,,,,,,,,,-82,1470,12,,0.2,,1030,true,,5,29.4,3,38.875038,-77.047455,true,,
2026-08-02T10:37:46.330Z,0.13.3,,,16.48,,,,,false,,,,,,,,,53.7,,,,,false,,true,,92.5,,,,38.875172,-77.047173,,,,,,,,,,,,,,,,MANUAL,,,,,1500,false,,,,,,,,,,,-85,1470,12,,0.1,,1031,true,,5,28.6,3,38.875038,-77.047455,true,,
2026-08-02T10:37:47.330Z,0.13.3,,,16.48,,,,,false,,,,,,,,,53.7,,,,,false,,true,,93.5,,,,38.875172,-77.047173,,,,,,,,,,,,,,,,MANUAL,,,,,1500,false,,,,,,,,,,,-88,1470,12,,0.1,,1032,true,,5,28.6,3,38.875038,-77.047455,true,,
2026-08-02T10:37:48.330Z,0.13.3,,,16.48,,,,,false,,,,,,,,,53.7,,,,,false,,true,,94.0,,,,38.875172,-77.047173,,,,,,,,,,,,,,,,MANUAL,,,,,1500,false,,,,,,,,,,,-83,1470,12,,0.1,,1033,true,,5,28.6,3,38.875038,-77.047455,true,,
2026-08-02T10:37:49.330Z,0.13.3,,,16.48,,,,,false,,,,,,,,,53.7,,,,,false,,true,,95.2,,,,38.875172,-77.047173,,,,,,,,,,,,,,,,MANUAL,,,,,1500,false,,,,,,,,,,,-86,1470,12,,0.1,,1034,true,,5,28.6,3,38.875038,-77.047455,true,,
2026-08-02T10:37:50.330Z,0.13.3,,,16.48,,,,,false,,,,,,,,,53.7,,,,,false,,true,,96.7,,,,38.875172,-77.047173,,,,,,,,,,,,,,,,MANUAL,,,,,1500,false,,,,,,,,,,,-86,1470,12,,0.2,,1035,true,,5,28.6,3,38.875038,-77.047455,true,,
2026-08-02T10:37:51.330Z,0.13.3,,,16.48,,,,,false,,,,,,,,,53.7,,,,,false,,true,,96.7,,,,38.875175,-77.047173,,,,,,,,,,,,,,,,MANUAL,,,,,1500,false,,,,,,,,,,,-90,1470,12,,0.1,,1036,true,,5,28.8,3,38.875038,-77.047455,true,,
2026-08-02T10:37:52.330Z,0.13.3,,,16.48,,,,,false,,,,,,,,,53.7,,,,,false,,true,,97.8,,,,38.875175,-77.047180,,,,,,,,,,,,,,,,MANUAL,,,,,1500,false,,,,,,,,,,,-85,1470,12,,0.1,,1037,true,,5,28.3,3,38.875038,-77.047455,true,,
2026-08-02T10:37:53.330Z,0.13.3,,,16.48,,,,,false,,,,,,,,,53.7,,,,,false,,true,,98.4,,,,38.875175,-77.047180,,,,,,,,,,,,,,,,MANUAL,,,,,1500,false,,,,,,,,,,,-89,1470,12,,0.1,,1038,true,,5,28.3,3,38.875038,-77.047455,true,,
2026-08-02T10:37:54.330Z,0.13.3,,,16.48,,,,,false,,,,,,,,,53.7,,,,,false,,true,,99.5,,,,38.875175,-77.047180,,,,,,,,,,,,,,,,MANUAL,,,,,1500,false,,,,,,,,,,,-89,1470,12,,0.1,,1039,true,,5,28.3,3,38.875038,-77.047455,true,,
2026-08-02T10:37:55.330Z,0.13.3,,,16.48,,,,,false,,,,,,,,,53.7,,,,,false,,true,,99.3,,,,38.875175,-77.047180,,,,,,,,,,,,,,,,MANUAL,,,,,1500,false,,,,,,,,,,,-91,1470,12,,0.2,,1040,true,,5,28.3,3,38.875038,-77.047455,true,,
2026-08-02T10:37:56.330Z,0.13.3,,,16.48,,,,,false,,,,,,,,,53.7,,,,,false,,true,,98.3,,,,38.875175,-77.047180,,,,,,,,,,,,,,,,MANUAL,,,,,1500,false,,,,,,,,,,,-87,1470,12,,0.0,,1041,true,,5,28.3,3,38.875038,-77.047455,true,,
2026-08-02T10:37:57.331Z,0.13.3,,,16.48,,,,,false,,,,,,,,,53.7,,,,,false,,true,,99.4,,,,38.875175,-77.047188,,,,,,,,,,,,,,,,MANUAL,,,,,1500,false,,,,,,,,,,,-83,1470,12,,0.2,,1042,true,,5,27.7,3,38.875038,-77.047455,true,,
2026-08-02T10:37:58.332Z,0.13.3,,,16.47,,,,,false,,,,,,,,,53.7,,,,,false,,true,,99.3,,,,38.875175,-77.047188,,,,,,,,,,,,,,,,MANUAL,,,,,1500,false,,,,,,,,,,,-83,1470,12,,0.0,,1043,true,,5,27.7,3,38.875038,-77.047455,true,,
2026-08-02T10:37:59.332Z,0.13.3,,,16.48,,,,,false,,,,,,,,,53.7,,,,,false,,true,,99.7,,,,38.875175,-77.047188,,,,,,,,,,,,,,,,MANUAL,,,,,1500,false,,,,,,,,,,,-91,1470,12,,0.1,,1044,true,,5,27.7,3,38.875038,-77.047455,true,,
2026-08-02T10:38:00.333Z,0.13.3,,,16.48,,,,,false,,,,,,,,,53.7,,,,,false,,true,,100.5,,,,38.875175,-77.047188,,,,,,,,,,,,,,,,MANUAL,,,,,1500,false,,,,,,,,,,,-88,1470,12,,0.0,,1045,true,,5,27.7,3,38.875038,-77.047455,true,,
2026-08-02T10:38:01.333Z,0.13.3,,,16.48,,,,,false,,,,,,,,,53.7,,,,,false,,true,,99.1,,,,38.875175,-77.047188,,,,,,,,,,,,,,,,MANUAL,,,,,1500,false,,,,,,,,,,,-85,1470,12,,0.1,,1046,true,,5,27.7,3,38.875038,-77.047455,true,,
2026-08-02T10:38:02.333Z,0.13.3,,,16.48,,,,,false,,,,,,,,,53.7,,,,,false,,true,,98.2,,,,38.875175,-77.047188,,,,,,,,,,,,,,,,MANUAL,,,,,1500,false,,,,,,,,,,,-79,1470,12,,0.1,,1047,true,,5,27.7,3,38.875038,-77.047455,true,,
2026-08-02T10:38:03.333Z,0.13.3,,,16.48,,,,,false,,,,,,,,,53.7,,,,,false,,true,,97.8,,,,38.875175,-77.047188,,,,,,,,,,,,,,,,MANUAL,,,,,1500,false,,,,,,,,,,,-87,1470,12,,0.2,,1048,true,,5,27.7,3,38.875038,-77.047455,true,,
2026-08-02T10:38:04.333Z,0.13.3,,,16.48,,,,,false,,,,,,,,,53.7,,,,,false,,true,,97.1,,,,38.875175,-77.047195,,,,,,,,,,,,,,,,MANUAL,,,,,1500,false,,,,,,,,,,,-87,1470,12,,0.1,,1049,true,,5,27.2,3,38.875038,-77.047455,true,,
2026-08-02T10:38:05.334Z,0.13.3,,,16.48,,,,,false,,,,,,,,,53.7,,,,,false,,true,,96.2,,,,38.875172,-77.047195,,,,,,,,,,,,,,,,MANUAL,,,,,1500,false,,,,,,,,,,,-87,1470,12,,0.3,,1050,true,,5,26.9,3,38.875038,-77.047455,true,,
2026-08-02T10:38:06.334Z,0.13.3,,,16.48,,,,,false,,,,,,,,,53.7,,,,,false,,true,,94.8,,,,38.875175,-77.047195,,,,,,,,,,,,,,,,MANUAL,,,,,1500,false,,,,,,,,,,,-80,1470,12,,0.1,,1051,true,,5,27.2,3,38.875038,-77.047455,true,,
2026-08-02T10:38:07.334Z,0.13.3,,,16.48,,,,,false,,,,,,,,,53.7,,,,,false,,true,,93.6,,,,38.875175,-77.047195,,,,,,,,,,,,,,,,MANUAL,,,,,1500,false,,,,,,,,,,,-87,1470,12,,0.1,,1052,true,,5,27.2,3,38.875038,-77.047455,true,,
2026-08-02T10:38:08.334Z,0.13.3,,,16.48,,,,,false,,,,,,,,,53.7,,,,,false,,true,,92.1,,,,38.875172,-77.047195,,,,,,,,,,,,,,,,MANUAL,,,,,1500,false,,,,,,,,,,,-87,1470,12,,0.2,,1053,true,,5,26.9,3,38.875038,-77.047455,true,,
2026-08-02T10:38:09.334Z,0.13.3,,,16.48,,,,,false,,,,,,,,,53.7,,,,,false,,true,,93.2,,,,38.875172,-77.047203,,,,,,,,,,,,,,,,MANUAL,,,,,1500,false,,,,,,,,,,,-92,1470,12,,0.3,,1054,true,,5,26.4,3,38.875038,-77.047455,true,,
2026-08-02T10:38:10.335Z,0.13.3,,,16.48,,,,,false,,,,,,,,,53.7,,,,,false,,true,,92.5,,,,38.875172,-77.047203,,,,,,,,,,,,,,,,MANUAL,,,,,1500,false,,,,,,,,,,,-76,1470,12,,0.1,,1055,true,,5,26.4,3,38.875038,-77.047455,true,,
2026-08-02T10:38:11.335Z,0.13.3,,,16.48,,,,,false,,,,,,,,,53.7,,,,,false,,true,,91.1,,,,38.875172,-77.047203,,,,,,,,,,,,,,,,MANUAL,,,,,1500,false,,,,,,,,,,,-75,1470,12,,0.1,,1056,true,,5,26.4,3,38.875038,-77.047455,true,,
2026-08-02T10:38:12.335Z,0.13.3,,,16.48,,,,,false,,,,,,,,,53.7,,,,,false,,true,,91.5,,,,38.875168,-77.047211,,,,,,,,,,,,,,,,MANUAL,,,,,1500,false,,,,,,,,,,,-84,1470,12,,0.2,,1057,true,,5,25.6,3,38.875038,-77.047455,true,,
2026-08-02T10:38:13.335Z,0.13.3,,,16.44,,,,,false,,,,,,,,,53.7,,,,,false,,true,,91.4,,,,38.875168,-77.047218,,,,,,,,,,,,,,,,MANUAL,,,,,1500,false,,,,,,,,,,,-88,1470,12,,0.2,,1058,true,,5,25.0,3,38.875038,-77.047455,true,,
2026-08-02T10:38:14.337Z,0.13.3,,,16.48,,,,,false,,,,,,,,,53.7,,,,,false,,true,,91.8,,,,38.875164,-77.047226,,,,,,,,,,,,,,,,MANUAL,,,,,1500,false,,,,,,,,,,,-86,1470,12,,0.2,,1059,true,,5,24.3,3,38.875038,-77.047455,true,,
2026-08-02T10:38:15.337Z,0.13.3,,,16.48,,,,,false,,,,,,,,,53.7,,,,,false,,true,,92.6,,,,38.875164,-77.047226,,,,,,,,,,,,,,,,MANUAL,,,,,1500,false,,,,,,,,,,,-79,1470,12,,0.2,,1060,true,,5,24.3,3,38.875038,-77.047455,true,,
2026-08-02T10:38:16.337Z,0.13.3,,,16.48,,,,,false,,,,,,,,,53.7,,,,,false,,true,,93.8,,,,38.875160,-77.047234,,,,,,,,,,,,,,,,MANUAL,,,,,1500,false,,,,,,,,,,,-79,1470,12,,0.1,,1061,true,,5,23.5,3,38.875038,-77.047455,true,,
2026-08-02T10:38:17.338Z,0.13.3,,,16.48,,,,,false,,,,,,,,,53.7,,,,,false,,true,,95.0,,,,38.875160,-77.047234,,,,,,,,,,,,,,,,MANUAL,,,,,1500,false,,,,,,,,,,,-73,1470,12,,0.2,,1062,true,,5,23.5,3,38.875038,-77.047455,true,,
2026-08-02T10:38:18.339Z,0.13.3,,,16.48,,,,,false,,,,,,,,,53.7,,,,,false,,true,,97.0,,,,38.875164,-77.047234,,,,,,,,,,,,,,,,MANUAL,,,,,1500,false,,,,,,,,,,,-75,1470,12,,0.2,,1063,true,,5,23.7,3,38.875038,-77.047455,true,,
2026-08-02T10:38:19.339Z,0.13.3,,,16.48,,,,,false,,,,,,,,,53.7,,,,,false,,true,,97.4,,,,38.875160,-77.047241,,,,,,,,,,,,,,,,MANUAL,,,,,1500,false,,,,,,,,,,,-81,1470,12,,0.1,,1064,true,,5,22.9,3,38.875038,-77.047455,true,,
2026-08-02T10:38:20.339Z,0.13.3,,,16.48,,,,,false,,,,,,,,,53.7,,,,,false,,true,,98.2,,,,38.875160,-77.047241,,,,,,,,,,,,,,,,MANUAL,,,,,1500,false,,,,,,,,,,,-73,1470,12,,0.2,,1065,true,,5,22.9,3,38.875038,-77.047455,true,,
2026-08-02T10:38:21.339Z,0.13.3,,,16.48,,,,,false,,,,,,,,,53.7,,,,,false,,true,,98.6,,,,38.875160,-77.047249,,,,,,,,,,,,,,,,MANUAL,,,,,1500,false,,,,,,,,,,,-77,1470,12,,0.1,,1066,true,,5,22.4,3,38.875038,-77.047455,true,,
2026-08-02T10:38:22.339Z,0.13.3,,,16.48,,,,,false,,,,,,,,,53.7,,,,,false,,true,,99.7,,,,38.875156,-77.047249,,,,,,,,,,,,,,,,MANUAL,,,,,1500,false,,,,,,,,,,,-78,1470,12,,0.2,,1067,true,,5,22.2,3,38.875038,-77.047455,true,,
2026-08-02T10:38:23.339Z,0.13.3,,,16.48,,,,,false,,,,,,,,,53.7,,,,,false,,true,,99.1,,,,38.875160,-77.047257,,,,,,,,,,,,,,,,MANUAL,,,,,1500,false,,,,,,,,,,,-82,1470,12,,0.1,,1068,true,,5,21.9,3,38.875038,-77.047455,true,,
2026-08-02T10:38:24.339Z,0.13.3,,,16.48,,,,,false,,,,,,,,,53.7,,,,,false,,true,,99.1,,,,38.875160,-77.047257,,,,,,,,,,,,,,,,MANUAL,,,,,1500,false,,,,,,,,,,,-67,1470,12,,0.1,,1069,true,,5,21.9,3,38.875038,-77.047455,true,,
2026-08-02T10:38:25.340Z,0.13.3,,,16.48,,,,,false,,,,,,,,,53.7,,,,,false,,true,,99.3,,,,38.875160,-77.047257,,,,,,,,,,,,,,,,MANUAL,,,,,1500,false,,,,,,,,,,,-69,1470,12,,0.1,,1070,true,,5,21.9,3,38.875038,-77.047455,true,,
2026-08-02T10:38:26.340Z,0.13.3,,,16.48,,,,,false,,,,,,,,,53.7,,,,,false,,true,,98.6,,,,38.875160,-77.047257,,,,,,,,,,,,,,,,MANUAL,,,,,1500,false,,,,,,,,,,,-84,1470,12,,0.1,,1071,true,,5,21.9,3,38.875038,-77.047455,true,,
2026-08-02T10:38:27.342Z,0.13.3,,,16.48,,,,,false,,,,,,,,,53.7,,,,,false,,true,,98.3,,,,38.875160,-77.047257,,,,,,,,,,,,,,,,MANUAL,,,,,1500,false,,,,,,,,,,,-75,1330,12,,0.2,,1072,true,,5,21.9,3,38.875038,-77.047455,true,,
2026-08-02T10:38:28.342Z,0.13.3,,,16.48,,,,,false,,,,,,,,,53.7,,,,,false,,true,,98.5,,,,38.875160,-77.047264,,,,,,,,,,,,,,,,MANUAL,,,,,1519,false,,,,,,,,,,,-71,1330,12,,0.1,,1073,true,,5,21.4,3,38.875038,-77.047455,true,,
2026-08-02T10:38:29.342Z,0.13.3,,,16.48,,,,,false,,,,,,,,,53.7,,,,,false,,true,,97.9,,,,38.875160,-77.047264,,,,,,,,,,,,,,,,MANUAL,,,,,1604,false,,,,,,,,,,,-72,1330,12,,0.1,,1074,true,,5,21.4,3,38.875038,-77.047455,true,,
2026-08-02T10:38:30.342Z,0.13.3,,,16.43,,,,,false,,,,,,,,,53.7,,,,,false,,true,,99.2,,,,38.875160,-77.047264,,,,,,,,,,,,,,,,MANUAL,,,,,1641,false,,,,,,,,,,,-64,1330,12,,0.0,,1075,true,,5,21.4,3,38.875038,-77.047455,true,,
2026-08-02T10:38:31.345Z,0.13.3,,,16.46,,,,,false,,,,,,,,,53.7,,,,,false,,true,,99.6,,,,38.875160,-77.047264,,,,,,,,,,,,,,,,MANUAL,,,,,1641,false,,,,,,,,,,,-83,1330,12,,0.2,,1076,true,,5,21.4,3,38.875038,-77.047455,true,,
2026-08-02T10:38:32.345Z,0.13.3,,,16.40,,,,,false,,,,,,,,,53.7,,,,,false,,true,,94.0,,,,38.875160,-77.047264,,,,,,,,,,,,,,,,MANUAL,,,,,1650,false,,,,,,,,,,,-71,1330,12,,0.3,,1077,true,,5,21.4,3,38.875038,-77.047455,true,,
2026-08-02T10:38:33.345Z,0.13.3,,,16.45,,,,,false,,,,,,,,,53.7,,,,,false,,true,,85.8,,,,38.875160,-77.047257,,,,,,,,,,,,,,,,MANUAL,,,,,1654,false,,,,,,,,,,,-68,1330,12,,0.4,,1078,true,,5,21.9,3,38.875038,-77.047455,true,,
2026-08-02T10:38:34.345Z,0.13.3,,,16.41,,,,,false,,,,,,,,,56.6,,,,,false,,true,,72.1,,,,38.875160,-77.047257,,,,,,,,,,,,,,,,MANUAL,,,,,1654,false,,,,,,,,,,,-68,1330,12,,0.8,,1079,true,,5,21.9,3,38.875038,-77.047455,true,,
2026-08-02T10:38:35.345Z,0.13.3,,,16.38,,,,,false,,,,,,,,,44.9,,,,,false,,true,,53.4,,,,38.875164,-77.047249,,,,,,,,,,,,,,,,MANUAL,,,,,1654,true,,,,,,,,,,,-70,1330,12,,0.9,,1080,true,,5,22.7,3,38.875038,-77.047455,true,,
2026-08-02T10:38:36.347Z,0.13.3,,,16.41,,,,,false,,,,,,,,,33.0,,,,,false,,true,,30.1,,,,38.875168,-77.047249,,,,,,,,,,,,,,,,MANUAL,,,,,1668,true,,,,,,,,,,,-67,1470,12,,0.8,,1081,true,,5,22.9,3,38.875038,-77.047455,true,,
2026-08-02T10:38:37.347Z,0.13.3,,,16.43,,,,,false,,,,,,,,,6.3,,,,,false,,true,,2.9,,,,38.875175,-77.047241,,,,,,,,,,,,,,,,MANUAL,,,,,1688,true,,,,,,,,,,,-66,1670,12,,1.2,,1082,true,,5,24.0,3,38.875038,-77.047455,true,,
2026-08-02T10:38:38.347Z,0.13.3,,,16.41,,,,,false,,,,,,,,,3.1,,,,,false,,true,,3.3,,,,38.875183,-77.047241,,,,,,,,,,,,,,,,MANUAL,,,,,1683,true,,,,,,,,,,,-68,1624,12,,1.2,,1083,true,,5,24.5,3,38.875038,-77.047455,true,,
2026-08-02T10:38:39.347Z,0.13.3,,,16.42,,,,,false,,,,,,,,,8.1,,,,,false,,true,,11.4,,,,38.875187,-77.047241,,,,,,,,,,,,,,,,MANUAL,,,,,1668,true,,,,,,,,,,,-70,1470,12,,1.2,,1084,true,,5,24.8,3,38.875038,-77.047455,true,,
2026-08-02T10:38:40.347Z,0.13.3,,,16.39,,,,,false,,,,,,,,,18.0,,,,,false,,true,,23.8,,,,38.875194,-77.047241,,,,,,,,,,,,,,,,MANUAL,,,,,1668,true,,,,,,,,,,,-63,1470,12,,1.2,,1085,true,,5,25.4,3,38.875038,-77.047455,true,,
2026-08-02T10:38:41.347Z,0.13.3,,,16.44,,,,,false,,,,,,,,,30.2,,,,,false,,true,,29.1,,,,38.875198,-77.047234,,,,,,,,,,,,,,,,MANUAL,,,,,1668,false,,,,,,,,,,,-66,1470,12,,1.3,,1086,true,,5,26.2,3,38.875038,-77.047455,true,,
2026-08-02T10:38:42.348Z,0.13.3,,,16.40,,,,,false,,,,,,,,,37.9,,,,,false,,true,,37.2,,,,38.875202,-77.047226,,,,,,,,,,,,,,,,MANUAL,,,,,1668,false,,,,,,,,,,,-69,1470,12,,1.4,,1087,true,,5,26.9,3,38.875038,-77.047455,true,,
2026-08-02T10:38:43.348Z,0.13.3,,,16.40,,,,,false,,,,,,,,,45.1,,,,,false,,true,,45.3,,,,38.875206,-77.047218,,,,,,,,,,,,,,,,MANUAL,,,,,1668,false,,,,,,,,,,,-68,1470,12,,1.4,,1088,true,,5,27.7,3,38.875038,-77.047455,true,,
2026-08-02T10:38:44.348Z,0.13.3,,,16.44,,,,,false,,,,,,,,,56.7,,,,,false,,true,,56.0,,,,38.875210,-77.047211,,,,,,,,,,,,,,,,MANUAL,,,,,1660,false,,,,,,,,,,,-68,1389,12,,1.7,,1089,true,,5,28.5,3,38.875038,-77.047455,true,,
2026-08-02T10:38:45.348Z,0.13.3,,,16.41,,,,,false,,,,,,,,,58.7,,,,,false,,true,,56.6,,,,38.875210,-77.047203,,,,,,,,,,,,,,,,MANUAL,,,,,1665,false,,,,,,,,,,,-67,1435,12,,1.3,,1090,true,,5,29.0,3,38.875038,-77.047455,true,,
2026-08-02T10:38:46.350Z,0.13.3,,,16.40,,,,,false,,,,,,,,,6.1,,,,,false,,true,,41.8,,,,38.875210,-77.047211,,,,,,,,,,,,,,,,MANUAL,,,,,1668,false,,,,,,,,,,,-65,1470,12,,1.1,,1091,true,,5,28.5,3,38.875038,-77.047455,true,,
2026-08-02T10:38:47.350Z,0.13.3,,,16.40,,,,,false,,,,,,,,,18.1,,,,,false,,true,,38.8,,,,38.875214,-77.047203,,,,,,,,,,,,,,,,MANUAL,,,,,1668,true,,,,,,,,,,,-69,1470,12,,1.1,,1092,true,,5,29.3,3,38.875038,-77.047455,true,,
2026-08-02T10:38:48.350Z,0.13.3,,,16.43,,,,,false,,,,,,,,,18.1,,,,,false,,true,,43.5,,,,38.875217,-77.047203,,,,,,,,,,,,,,,,MANUAL,,,,,1668,true,,,,,,,,,,,-65,1470,12,,0.6,,1093,true,,5,29.5,3,38.875038,-77.047455,true,,
2026-08-02T10:38:49.350Z,0.13.3,,,16.40,,,,,false,,,,,,,,,18.1,,,,,false,,true,,45.2,,,,38.875217,-77.047203,,,,,,,,,,,,,,,,MANUAL,,,,,1662,true,,,,,,,,,,,-74,1403,12,,0.8,,1094,true,,5,29.5,3,38.875038,-77.047455,true,,
2026-08-02T10:38:50.350Z,0.13.3,,,16.38,,,,,false,,,,,,,,,45.2,,,,,false,,true,,51.5,,,,38.875221,-77.047195,,,,,,,,,,,,,,,,MANUAL,,,,,1666,true,,,,,,,,,,,-65,1445,12,,1.4,,1095,true,,5,30.3,3,38.875038,-77.047455,true,,
2026-08-02T10:38:51.350Z,0.13.3,,,16.37,,,,,false,,,,,,,,,55.2,,,,,false,,true,,44.0,,,,38.875225,-77.047180,,,,,,,,,,,,,,,,MANUAL,,,,,1667,true,,,,,,,,,,,-66,1455,12,,2.2,,1096,true,,5,31.6,3,38.875038,-77.047455,true,,
2026-08-02T10:38:52.350Z,0.13.3,,,16.45,,,,,false,,,,,,,,,55.8,,,,,false,,true,,39.5,,,,38.875229,-77.047180,,,,,,,,,,,,,,,,MANUAL,,,,,1668,true,,,,,,,,,,,-67,1463,12,,1.6,,1097,true,,5,31.9,3,38.875038,-77.047455,true,,
2026-08-02T10:38:53.351Z,0.13.3,,,16.40,,,,,false,,,,,,,,,55.8,,,,,false,,true,,39.8,,,,38.875233,-77.047173,,,,,,,,,,,,,,,,MANUAL,,,,,1662,false,,,,,,,,,,,-65,1410,12,,0.8,,1098,true,,5,32.6,3,38.875038,-77.047455,true,,
2026-08-02T10:38:54.352Z,0.13.3,,,16.40,,,,,false,,,,,,,,,55.3,,,,,false,,true,,47.6,,,,38.875236,-77.047165,,,,,,,,,,,,,,,,MANUAL,,,,,1662,false,,,,,,,,,,,-65,1410,12,,1.7,,1099,true,,5,33.4,3,38.875038,-77.047455,true,,
2026-08-02T10:38:55.352Z,0.13.3,,,16.38,,,,,false,,,,,,,,,52.1,,,,,false,,true,,45.3,,,,38.875240,-77.047165,,,,,,,,,,,,,,,,MANUAL,,,,,1662,false,,,,,,,,,,,-68,1406,12,,1.7,,1100,true,,5,33.7,3,38.875038,-77.047455,true,,
2026-08-02T10:38:56.354Z,0.13.3,,,16.45,,,,,false,,,,,,,,,52.1,,,,,false,,true,,39.2,,,,38.875240,-77.047173,,,,,,,,,,,,,,,,MANUAL,,,,,1666,false,,,,,,,,,,,-67,1447,12,,1.1,,1101,true,,5,33.2,3,38.875038,-77.047455,true,,
2026-08-02T10:38:57.355Z,0.13.3,,,16.42,,,,,false,,,,,,,,,52.1,,,,,false,,true,,35.7,,,,38.875244,-77.047165,,,,,,,,,,,,,,,,MANUAL,,,,,1668,false,,,,,,,,,,,-68,1470,12,,0.6,,1102,true,,5,34.0,3,38.875038,-77.047455,true,,
2026-08-02T10:38:58.355Z,0.13.3,,,16.38,,,,,false,,,,,,,,,52.1,,,,,false,,true,,34.2,,,,38.875248,-77.047157,,,,,,,,,,,,,,,,MANUAL,,,,,1668,false,,,,,,,,,,,-73,1470,12,,1.4,,1103,true,,5,34.8,3,38.875038,-77.047455,true,,
2026-08-02T10:38:59.355Z,0.13.3,,,16.40,,,,,false,,,,,,,,,52.1,,,,,false,,true,,37.6,,,,38.875256,-77.047150,,,,,,,,,,,,,,,,MANUAL,,,,,1668,true,,,,,,,,,,,-68,1470,12,,1.5,,1104,true,,5,35.8,3,38.875038,-77.047455,true,,
2026-08-02T10:39:00.355Z,0.13.3,,,16.43,,,,,false,,,,,,,,,52.1,,,,,false,,true,,41.1,,,,38.875259,-77.047142,,,,,,,,,,,,,,,,MANUAL,,,,,1668,true,,,,,,,,,,,-67,1467,12,,1.6,,1105,true,,5,36.6,3,38.875038,-77.047455,true,,
2026-08-02T10:39:01.355Z,0.13.3,,,16.41,,,,,false,,,,,,,,,52.1,,,,,false,,true,,46.2,,,,38.875267,-77.047142,,,,,,,,,,,,,,,,MANUAL,,,,,1662,true,,,,,,,,,,,-66,1407,12,,1.5,,1106,true,,5,37.2,3,38.875038,-77.047455,true,,
2026-08-02T10:39:02.355Z,0.13.3,,,16.40,,,,,false,,,,,,,,,52.1,,,,,false,,true,,47.1,,,,38.875271,-77.047127,,,,,,,,,,,,,,,,MANUAL,,,,,1664,true,,,,,,,,,,,-68,1427,12,,1.3,,1107,true,,5,38.4,3,38.875038,-77.047455,true,,
2026-08-02T10:39:03.355Z,0.13.3,,,16.40,,,,,false,,,,,,,,,52.1,,,,,false,,true,,41.1,,,,38.875279,-77.047119,,,,,,,,,,,,,,,,MANUAL,,,,,1668,true,,,,,,,,,,,-70,1469,12,,1.6,,1108,true,,5,39.5,3,38.875038,-77.047455,true,,
2026-08-02T10:39:04.356Z,0.13.3,,,16.40,,,,,false,,,,,,,,,52.1,,,,,false,,true,,37.5,,,,38.875286,-77.047104,,,,,,,,,,,,,,,,MANUAL,,,,,1668,true,,,,,,,,,,,-69,1470,12,,1.5,,1109,true,,5,41.0,3,38.875038,-77.047455,true,,
2026-08-02T10:39:05.356Z,0.13.3,,,16.42,,,,,false,,,,,,,,,52.1,,,,,false,,true,,40.7,,,,38.875290,-77.047089,,,,,,,,,,,,,,,,MANUAL,,,,,1668,false,,,,,,,,,,,-65,1470,12,,1.5,,1110,true,,5,42.3,3,38.875038,-77.047455,true,,
2026-08-02T10:39:06.358Z,0.13.3,,,16.39,,,,,false,,,,,,,,,52.1,,,,,false,,true,,45.4,,,,38.875301,-77.047073,,,,,,,,,,,,,,,,MANUAL,,,,,1668,false,,,,,,,,,,,-72,1470,12,,1.6,,1111,true,,5,44.1,3,38.875038,-77.047455,true,,
2026-08-02T10:39:07.358Z,0.13.3,,,16.42,,,,,false,,,,,,,,,52.1,,,,,false,,true,,49.0,,,,38.875305,-77.047058,,,,,,,,,,,,,,,,MANUAL,,,,,1666,false,,,,,,,,,,,-64,1446,12,,1.6,,1112,true,,5,45.4,3,38.875038,-77.047455,true,,
2026-08-02T10:39:08.361Z,0.13.3,,,16.41,,,,,false,,,,,,,,,52.1,,,,,false,,true,,51.8,,,,38.875309,-77.047050,,,,,,,,,,,,,,,,MANUAL,,,,,1622,false,,,,,,,,,,,-63,1466,12,,1.6,,1113,true,,5,46.2,3,38.875038,-77.047455,true,,
2026-08-02T10:39:09.361Z,0.13.3,,,16.46,,,,,false,,,,,,,,,52.1,,,,,false,,true,,52.8,,,,38.875313,-77.047043,,,,,,,,,,,,,,,,MANUAL,,,,,1500,false,,,,,,,,,,,-67,1470,12,,1.0,,1114,true,,5,47.0,3,38.875038,-77.047455,true,,
2026-08-02T10:39:10.361Z,0.13.3,,,16.46,,,,,false,,,,,,,,,52.1,,,,,false,,true,,56.4,,,,38.875313,-77.047035,,,,,,,,,,,,,,,,MANUAL,,,,,1500,false,,,,,,,,,,,-66,1470,12,,1.6,,1115,true,,5,47.5,3,38.875038,-77.047455,true,,
2026-08-02T10:39:11.361Z,0.13.3,,,16.46,,,,,false,,,,,,,,,52.1,,,,,false,,true,,59.6,,,,38.875317,-77.047043,,,,,,,,,,,,,,,,MANUAL,,,,,1500,false,,,,,,,,,,,-68,1470,12,,0.6,,1116,true,,5,47.2,3,38.875038,-77.047455,true,,
2026-08-02T10:39:12.362Z,0.13.3,,,16.47,,,,,false,,,,,,,,,52.1,,,,,false,,true,,64.4,,,,38.875320,-77.047043,,,,,,,,,,,,,,,,MANUAL,,,,,1500,false,,,,,,,,,,,-74,1470,12,,0.4,,1117,true,,5,47.5,3,38.875038,-77.047455,true,,
2026-08-02T10:39:13.362Z,0.13.3,,,16.47,,,,,false,,,,,,,,,52.1,,,,,false,,true,,66.5,,,,38.875336,-77.047035,,,,,,,,,,,,,,,,MANUAL,,,,,1500,false,,,,,,,,,,,-72,1470,12,,1.5,,1118,true,,5,49.1,3,38.875038,-77.047455,true,,
2026-08-02T10:39:14.365Z,0.13.3,,,16.47,,,,,false,,,,,,,,,52.1,,,,,false,,true,,69.2,,,,38.875340,-77.047035,,,,,,,,,,,,,,,,MANUAL,,,,,1500,false,,,,,,,,,,,-86,1470,12,,0.7,,1119,true,,5,49.4,3,38.875038,-77.047455,true,,
2026-08-02T10:39:15.365Z,0.13.3,,,16.47,,,,,false,,,,,,,,,52.1,,,,,false,,true,,72.3,,,,38.875343,-77.047028,,,,,,,,,,,,,,,,MANUAL,,,,,1500,false,,,,,,,,,,,-88,1470,12,,0.1,,1120,true,,5,50.2,3,38.875038,-77.047455,true,,
2026-08-02T10:39:16.366Z,0.13.3,,,16.47,,,,,false,,,,,,,,,52.1,,,,,false,,true,,73.4,,,,38.875336,-77.047020,,,,,,,,,,,,,,,,MANUAL,,,,,1500,false,,,,,,,,,,,-86,1470,12,,1.6,,1121,true,,5,50.1,3,38.875038,-77.047455,true,,
2026-08-02T10:39:17.367Z,0.13.3,,,16.46,,,,,false,,,,,,,,,52.1,,,,,false,,true,,77.7,,,,38.875343,-77.047020,,,,,,,,,,,,,,,,MANUAL,,,,,1500,false,,,,,,,,,,,-86,1470,12,,0.2,,1122,true,,5,50.7,3,38.875038,-77.047455,true,,
2026-08-02T10:39:18.368Z,0.13.3,,,16.47,,,,,false,,,,,,,,,52.1,,,,,false,,true,,79.3,,,,38.875351,-77.047020,,,,,,,,,,,,,,,,MANUAL,,,,,1500,false,,,,,,,,,,,-89,1470,12,,1.3,,1123,true,,5,51.3,3,38.875038,-77.047455,true,,
2026-08-02T10:39:19.368Z,0.13.3,,,16.47,,,,,false,,,,,,,,,52.1,,,,,false,,true,,83.3,,,,38.875343,-77.047020,,,,,,,,,,,,,,,,MANUAL,,,,,1500,false,,,,,,,,,,,-90,1470,12,,0.5,,1124,true,,5,50.7,3,38.875038,-77.047455,true,,
2026-08-02T10:39:20.368Z,0.13.3,,,16.47,,,,,false,,,,,,,,,52.1,,,,,false,,true,,84.4,,,,38.875347,-77.047012,,,,,,,,,,,,,,,,MANUAL,,,,,1500,false,,,,,,,,,,,-91,1470,12,,0.6,,1125,true,,5,51.5,3,38.875038,-77.047455,true,,
2026-08-02T10:39:21.368Z,0.13.3,,,16.47,,,,,false,,,,,,,,,52.1,,,,,false,,true,,85.7,,,,38.875343,-77.047012,,,,,,,,,,,,,,,,MANUAL,,,,,1500,false,,,,,,,,,,,-88,1470,12,,1.2,,1126,true,,5,51.2,3,38.875038,-77.047455,true,,
2026-08-02T10:39:22.370Z,0.13.3,,,16.47,,,,,false,,,,,,,,,52.1,,,,,false,,true,,88.0,,,,38.875340,-77.047012,,,,,,,,,,,,,,,,MANUAL,,,,,1500,false,,,,,,,,,,,-91,1470,12,,0.9,,1127,true,,5,50.9,3,38.875038,-77.047455,true,,
2026-08-02T10:39:23.370Z,0.13.3,,,16.46,,,,,false,,,,,,,,,52.1,,,,,false,,true,,88.0,,,,38.875340,-77.047005,,,,,,,,,,,,,,,,MANUAL,,,,,1500,false,,,,,,,,,,,-91,1470,12,,0.5,,1128,true,,5,51.4,3,38.875038,-77.047455,true,,
2026-08-02T10:39:24.370Z,0.13.3,,,16.46,,,,,false,,,,,,,,,52.1,,,,,false,,true,,88.2,,,,38.875343,-77.046997,,,,,,,,,,,,,,,,MANUAL,,,,,1500,false,,,,,,,,,,,-91,1470,12,,0.2,,1129,true,,5,52.2,3,38.875038,-77.047455,true,,
2026-08-02T10:39:25.370Z,0.13.3,,,16.47,,,,,false,,,,,,,,,52.1,,,,,false,,true,,90.3,,,,38.875336,-77.046989,,,,,,,,,,,,,,,,MANUAL,,,,,1500,false,,,,,,,,,,,-91,1470,12,,0.8,,1130,true,,5,52.1,3,38.875038,-77.047455,true,,
2026-08-02T10:39:26.370Z,0.13.3,,,16.47,,,,,false,,,,,,,,,52.1,,,,,false,,true,,91.7,,,,38.875336,-77.046989,,,,,,,,,,,,,,,,MANUAL,,,,,1500,false,,,,,,,,,,,-91,1470,12,,0.6,,1131,true,,5,52.1,3,38.875038,-77.047455,true,,
2026-08-02T10:39:27.370Z,0.13.3,,,16.47,,,,,false,,,,,,,,,52.1,,,,,true,,true,,91.4,,,,38.875336,-77.046982,,,,,,,,,,,,,,,,FAILSAFE,,,,,1500,false,,,,,,,,,,,-91,1500,12,,0.3,,1132,true,,5,52.6,3,38.875038,-77.047455,true,,
2026-08-02T10:39:28.370Z,0.13.3,,,16.47,,,,,false,,,,,,,,,52.1,,,,,true,,true,,92.0,,,,38.875343,-77.046982,,,,,,,,,,,,,,,,FAILSAFE,,,,,1500,false,,,,,,,,,,,-91,1500,12,,1.4,,1133,true,,5,53.2,3,38.875038,-77.047455,true,,
2026-08-02T10:39:29.370Z,0.13.3,,,16.47,,,,,false,,,,,,,,,52.1,,,,,false,,true,,92.7,,,,38.875332,-77.046982,,,,,,,,,,,,,,,,MANUAL,,,,,1500,false,,,,,,,,,,,-91,1470,12,,0.3,,1134,true,,5,52.4,3,38.875038,-77.047455,true,,
2026-08-02T10:39:30.370Z,0.13.3,,,16.47,,,,,false,,,,,,,,,52.1,,,,,false,,true,,93.4,,,,38.875324,-77.046982,,,,,,,,,,,,,,,,MANUAL,,,,,1500,false,,,,,,,,,,,-91,1470,12,,1.1,,1135,true,,5,51.9,3,38.875038,-77.047455,true,,
2026-08-02T10:39:31.370Z,0.13.3,,,16.46,,,,,false,,,,,,,,,52.1,,,,,true,,true,,95.1,,,,38.875320,-77.046974,,,,,,,,,,,,,,,,FAILSAFE,,,,,1500,false,,,,,,,,,,,0,1500,12,,0.9,,1136,false,,5,52.1,3,38.875038,-77.047455,true,,
2026-08-02T10:39:32.370Z,0.13.3,,,16.47,,,,,false,,,,,,,,,120.4,,,,,true,,true,,98.5,,,,38.875313,-77.046967,,,,,,,,,,,,,,,,FAILSAFE,,,,,1500,false,,,,,,,,,,,0,1500,12,,1.9,,1137,false,,5,52.1,3,38.875038,-77.047455,true,,
2026-08-02T10:39:33.370Z,0.13.3,,,16.47,,,,,false,,,,,,,,,145.0,,,,,false,,true,,100.3,,,,38.875301,-77.046967,,,,,,,,,,,,,,,,MANUAL,,,,,1500,false,,,,,,,,,,,0,1470,12,,2.0,,1138,false,,5,51.4,3,38.875038,-77.047455,true,,
2026-08-02T10:39:34.370Z,0.13.3,,,16.47,,,,,false,,,,,,,,,145.0,,,,,false,,true,,102.1,,,,38.875305,-77.046959,,,,,,,,,,,,,,,,MANUAL,,,,,1500,false,,,,,,,,,,,0,1470,12,,0.3,,1139,false,,5,52.2,3,38.875038,-77.047455,true,,
2026-08-02T10:39:35.370Z,0.13.3,,,16.47,,,,,false,,,,,,,,,145.0,,,,,false,,true,,102.7,,,,38.875313,-77.046967,,,,,,,,,,,,,,,,MANUAL,,,,,1500,false,,,,,,,,,,,0,1470,12,,0.5,,1140,false,,5,52.1,3,38.875038,-77.047455,true,,
2026-08-02T10:39:36.371Z,0.13.3,,,16.47,,,,,false,,,,,,,,,145.0,,,,,false,,true,,104.0,,,,38.875317,-77.046959,,,,,,,,,,,,,,,,MANUAL,,,,,1500,false,,,,,,,,,,,0,1470,12,,0.1,,1141,false,,5,52.9,3,38.875038,-77.047455,true,,
2026-08-02T10:39:37.372Z,0.13.3,,,16.47,,,,,false,,,,,,,,,145.0,,,,,false,,true,,105.3,,,,38.875313,-77.046959,,,,,,,,,,,,,,,,MANUAL,,,,,1500,false,,,,,,,,,,,0,1470,12,,1.2,,1142,false,,5,52.7,3,38.875038,-77.047455,true,,
2026-08-02T10:39:38.372Z,0.13.3,,,16.47,,,,,false,,,,,,,,,145.0,,,,,false,,true,,107.0,,,,38.875320,-77.046959,,,,,,,,,,,,,,,,MANUAL,,,,,1500,false,,,,,,,,,,,0,1470,12,,1.2,,1143,false,,5,53.2,3,38.875038,-77.047455,true,,
2026-08-02T10:39:39.373Z,0.13.3,,,16.47,,,,,false,,,,,,,,,145.0,,,,,false,,true,,107.2,,,,38.875324,-77.046967,,,,,,,,,,,,,,,,MANUAL,,,,,1500,false,,,,,,,,,,,0,1470,12,,1.0,,1144,false,,5,52.9,3,38.875038,-77.047455,true,,
2026-08-02T10:39:40.373Z,0.13.3,,,16.47,,,,,false,,,,,,,,,145.0,,,,,false,,true,,108.7,,,,38.875324,-77.046959,,,,,,,,,,,,,,,,MANUAL,,,,,1500,false,,,,,,,,,,,0,1470,12,,0.5,,1145,false,,5,53.4,3,38.875038,-77.047455,true,,
2026-08-02T10:39:41.373Z,0.13.3,,,16.47,,,,,false,,,,,,,,,145.0,,,,,false,,true,,108.9,,,,38.875336,-77.046959,,,,,,,,,,,,,,,,MANUAL,,,,,1500,false,,,,,,,,,,,0,1470,12,,0.6,,1146,false,,5,54.2,3,38.875038,-77.047455,true,,
2026-08-02T10:39:42.374Z,0.13.3,,,16.47,,,,,false,,,,,,,,,145.0,,,,,false,,true,,110.8,,,,38.875336,-77.046959,,,,,,,,,,,,,,,,MANUAL,,,,,1500,false,,,,,,,,,,,0,1470,12,,0.2,,1147,false,,5,54.2,3,38.875038,-77.047455,true,,
2026-08-02T10:39:43.374Z,0.13.3,,,16.47,,,,,false,,,,,,,,,145.0,,,,,false,,true,,111.7,,,,38.875340,-77.046959,,,,,,,,,,,,,,,,MANUAL,,,,,1500,false,,,,,,,,,,,0,1470,12,,0.5,,1148,false,,5,54.5,3,38.875038,-77.047455,true,,
2026-08-02T10:39:44.375Z,0.13.3,,,16.47,,,,,false,,,,,,,,,145.0,,,,,false,,true,,113.0,,,,38.875343,-77.046959,,,,,,,,,,,,,,,,MANUAL,,,,,1566,false,,,,,,,,,,,0,1330,12,,0.3,,1149,false,,5,54.7,3,38.875038,-77.047455,true,,
2026-08-02T10:39:45.375Z,0.13.3,,,16.44,,,,,false,,,,,,,,,145.0,,,,,false,,true,,114.2,,,,38.875343,-77.046967,,,,,,,,,,,,,,,,MANUAL,,,,,1633,false,,,,,,,,,,,0,1330,12,,0.4,,1150,false,,5,54.2,3,38.875038,-77.047455,true,,
2026-08-02T10:39:46.375Z,0.13.3,,,16.42,,,,,false,,,,,,,,,145.0,,,,,false,,true,,116.7,,,,38.875343,-77.046967,,,,,,,,,,,,,,,,MANUAL,,,,,1657,false,,,,,,,,,,,0,1330,12,,0.2,,1151,false,,5,54.2,3,38.875038,-77.047455,true,,
2026-08-02T10:39:47.375Z,0.13.3,,,16.42,,,,,false,,,,,,,,,145.0,,,,,false,,true,,119.4,,,,38.875366,-77.046974,,,,,,,,,,,,,,,,MANUAL,,,,,1657,false,,,,,,,,,,,0,1330,12,,1.1,,1152,false,,5,55.3,3,38.875038,-77.047455,true,,
2026-08-02T10:39:48.375Z,0.13.3,,,16.41,,,,,false,,,,,,,,,145.0,,,,,false,,true,,107.8,,,,38.875370,-77.046974,,,,,,,,,,,,,,,,MANUAL,,,,,1657,false,,,,,,,,,,,-70,1330,12,,1.1,,1153,true,,5,55.6,3,38.875038,-77.047455,true,,
2026-08-02T10:39:49.378Z,0.13.3,,,16.36,,,,,false,,,,,,,,,145.0,,,,,false,,true,,91.1,,,,38.875374,-77.046959,,,,,,,,,,,,,,,,MANUAL,,,,,1657,false,,,,,,,,,,,-67,1330,12,,1.2,,1154,true,,5,56.9,3,38.875038,-77.047455,true,,
2026-08-02T10:39:50.378Z,0.13.3,,,16.43,,,,,false,,,,,,,,,145.0,,,,,false,,true,,70.3,,,,38.875374,-77.046959,,,,,,,,,,,,,,,,MANUAL,,,,,1662,false,,,,,,,,,,,-68,1385,12,,1.4,,1155,true,,5,56.9,3,38.875038,-77.047455,true,,
2026-08-02T10:39:51.379Z,0.13.3,,,16.43,,,,,false,,,,,,,,,145.0,,,,,false,,true,,42.3,,,,38.875378,-77.046951,,,,,,,,,,,,,,,,MANUAL,,,,,1669,false,,,,,,,,,,,-69,1451,12,,1.1,,1156,true,,5,57.7,3,38.875038,-77.047455,true,,
2026-08-02T10:39:52.379Z,0.13.3,,,16.34,,,,,false,,,,,,,,,145.0,,,,,false,,true,,42.0,,,,38.875400,-77.046944,,,,,,,,,,,,,,,,MANUAL,,,,,1658,false,,,,,,,,,,,-73,1346,12,,1.7,,1157,true,,5,59.8,3,38.875038,-77.047455,true,,
2026-08-02T10:39:53.379Z,0.13.3,,,16.38,,,,,false,,,,,,,,,145.0,,,,,false,,true,,24.4,,,,38.875408,-77.046944,,,,,,,,,,,,,,,,MANUAL,,,,,1671,false,,,,,,,,,,,-66,1470,12,,1.5,,1158,true,,5,60.4,3,38.875038,-77.047455,true,,
2026-08-02T10:39:54.379Z,0.13.3,,,16.38,,,,,false,,,,,,,,,145.0,,,,,false,,true,,15.7,,,,38.875416,-77.046944,,,,,,,,,,,,,,,,MANUAL,,,,,1666,false,,,,,,,,,,,-67,1422,12,,1.4,,1159,true,,5,61.0,3,38.875038,-77.047455,true,,
2026-08-02T10:39:55.379Z,0.13.3,,,16.37,,,,,false,,,,,,,,,76.4,,,,,false,,true,,18.0,,,,38.875431,-77.046944,,,,,,,,,,,,,,,,MANUAL,,,,,1664,false,,,,,,,,,,,-64,1404,12,,1.9,,1160,true,,5,62.2,3,38.875038,-77.047455,true,,
2026-08-02T10:39:56.379Z,0.13.3,,,16.44,,,,,false,,,,,,,,,76.4,,,,,false,,true,,13.7,,,,38.875454,-77.046944,,,,,,,,,,,,,,,,MANUAL,,,,,1670,false,,,,,,,,,,,-69,1459,12,,1.9,,1161,true,,5,64.0,3,38.875038,-77.047455,true,,
2026-08-02T10:39:57.381Z,0.13.3,,,16.44,,,,,false,,,,,,,,,76.4,,,,,false,,true,,15.0,,,,38.875465,-77.046944,,,,,,,,,,,,,,,,MANUAL,,,,,1671,false,,,,,,,,,,,-71,1470,12,,1.8,,1162,true,,5,64.9,3,38.875038,-77.047455,true,,
2026-08-02T10:39:58.381Z,0.13.3,,,16.39,,,,,false,,,,,,,,,44.9,,,,,false,,true,,21.1,,,,38.875481,-77.046936,,,,,,,,,,,,,,,,MANUAL,,,,,1667,false,,,,,,,,,,,-66,1425,12,,2.3,,1163,true,,5,66.6,3,38.875038,-77.047455,true,,
2026-08-02T10:39:59.381Z,0.13.3,,,16.38,,,,,false,,,,,,,,,44.9,,,,,false,,true,,27.1,,,,38.875496,-77.046944,,,,,,,,,,,,,,,,MANUAL,,,,,1671,false,,,,,,,,,,,-67,1470,12,,1.9,,1164,true,,5,67.4,3,38.875038,-77.047455,true,,
2026-08-02T10:40:00.381Z,0.13.3,,,16.39,,,,,false,,,,,,,,,25.5,,,,,false,,true,,30.2,,,,38.875500,-77.046951,,,,,,,,,,,,,,,,MANUAL,,,,,1671,false,,,,,,,,,,,-67,1470,12,,2.0,,1165,true,,5,67.3,3,38.875038,-77.047455,true,,
2026-08-02T10:40:01.381Z,0.13.3,,,16.42,,,,,false,,,,,,,,,19.0,,,,,false,,true,,35.3,,,,38.875515,-77.046944,,,,,,,,,,,,,,,,MANUAL,,,,,1669,false,,,,,,,,,,,-67,1449,12,,2.2,,1166,true,,5,69.1,3,38.875038,-77.047455,true,,
2026-08-02T10:40:02.381Z,0.13.3,,,16.43,,,,,false,,,,,,,,,23.9,,,,,false,,true,,42.6,,,,38.875484,-77.046921,,,,,,,,,,,,,,,,MANUAL,,,,,1665,false,,,,,,,,,,,-66,1410,12,,1.6,,1167,true,,5,67.8,3,38.875038,-77.047455,true,,
2026-08-02T10:40:03.381Z,0.13.3,,,16.43,,,,,false,,,,,,,,,33.9,,,,,false,,true,,44.8,,,,38.875469,-77.046898,,,,,,,,,,,,,,,,MANUAL,,,,,1671,false,,,,,,,,,,,-71,1470,12,,1.9,,1168,true,,5,68.0,3,38.875038,-77.047455,true,,
2026-08-02T10:40:04.381Z,0.13.3,,,16.40,,,,,false,,,,,,,,,24.0,,,,,false,,true,,40.9,,,,38.875450,-77.046913,,,,,,,,,,,,,,,,MANUAL,,,,,1663,false,,,,,,,,,,,-66,1390,12,,1.0,,1169,true,,5,65.6,3,38.875038,-77.047455,true,,
2026-08-02T10:40:05.381Z,0.13.3,,,16.42,,,,,false,,,,,,,,,13.8,,,,,false,,true,,40.2,,,,38.875446,-77.046898,,,,,,,,,,,,,,,,MANUAL,,,,,1671,false,,,,,,,,,,,-67,1470,12,,1.1,,1170,true,,5,66.2,3,38.875038,-77.047455,true,,
2026-08-02T10:40:06.381Z,0.13.3,,,16.40,,,,,false,,,,,,,,,13.5,,,,,false,,true,,43.6,,,,38.875446,-77.046883,,,,,,,,,,,,,,,,MANUAL,,,,,1671,false,,,,,,,,,,,-65,1468,12,,1.1,,1171,true,,5,67.2,3,38.875038,-77.047455,true,,
2026-08-02T10:40:07.381Z,0.13.3,,,16.40,,,,,false,,,,,,,,,16.0,,,,,false,,true,,47.3,,,,38.875450,-77.046875,,,,,,,,,,,,,,,,MANUAL,,,,,1670,false,,,,,,,,,,,-65,1459,12,,1.3,,1172,true,,5,68.0,3,38.875038,-77.047455,true,,
2026-08-02T10:40:08.382Z,0.13.3,,,16.41,,,,,false,,,,,,,,,21.4,,,,,false,,true,,53.3,,,,38.875454,-77.046875,,,,,,,,,,,,,,,,MANUAL,,,,,1670,false,,,,,,,,,,,-63,1459,12,,1.3,,1173,true,,5,68.2,3,38.875038,-77.047455,true,,
2026-08-02T10:40:09.382Z,0.13.3,,,16.37,,,,,false,,,,,,,,,26.5,,,,,false,,true,,56.3,,,,38.875462,-77.046867,,,,,,,,,,,,,,,,MANUAL,,,,,1670,false,,,,,,,,,,,-62,1459,12,,1.1,,1174,true,,5,69.3,3,38.875038,-77.047455,true,,
2026-08-02T10:40:10.382Z,0.13.3,,,16.39,,,,,false,,,,,,,,,31.7,,,,,false,,true,,59.3,,,,38.875469,-77.046860,,,,,,,,,,,,,,,,MANUAL,,,,,1670,false,,,,,,,,,,,-60,1459,12,,1.3,,1175,true,,5,70.4,3,38.875038,-77.047455,true,,
2026-08-02T10:40:11.186Z,0.13.3,true,true,16.42,false,false,false,false,false,none,1000,1476,1000,1500,1382,1623,11.3,42.0,1660,false,off,1.00,false,false,true,1524,59.7,59.4,124908,late=454939 at=10:32:36.148 state=background>background busy=none n=1,38.875473,-77.046844,false,24.53,15,100,good,24.5,done,80,true,true,-31.57,-3.00,-18.00,20.41,true,MANUAL,false,2.00,1.50,t0 n0,1670,false,,false,off,,3,false,200,25,6,true,-73,1459,12,3975974454,1.3,1678,1176,true,227.5,5,71.6,3,38.875038,-77.047455,true,38.874722,-77.047371
2026-08-02T10:40:12.176Z,0.13.3,true,true,16.40,false,false,false,false,false,none,1000,1476,1000,1500,1382,1623,10.3,43.4,1660,false,off,1.00,false,false,true,1524,62.3,63.0,121992,,38.875481,-77.046837,false,24.53,15,100,good,24.5,done,80,true,true,-31.57,-3.00,-18.00,19.39,true,MANUAL,false,2.00,1.50,,1670,true,1,false,on,355,3,false,200,25,2,true,-60,1459,12,3975974454,1.3,1678,1177,true,227.6,5,72.7,3,38.875038,-77.047455,true,38.874722,-77.047371
2026-08-02T10:40:13.160Z,0.13.3,true,true,16.43,false,false,false,false,false,none,1000,1476,1000,1500,1382,1623,9.4,50.3,1660,false,off,1.00,false,false,true,1524,64.3,65.9,122516,,38.875484,-77.046829,false,24.53,15,100,good,24.5,done,80,true,true,-31.57,-3.00,-18.00,19.17,true,MANUAL,false,2.00,1.50,,1670,true,1,false,on,1353,3,false,200,25,6,true,-68,1459,12,3975974454,1.4,1678,1178,true,227.6,5,73.5,3,38.875038,-77.047455,true,38.874722,-77.047371
2026-08-02T10:40:14.176Z,0.13.3,true,true,16.38,false,false,false,false,false,none,1000,1476,1000,1500,1382,1623,8.7,53.2,1660,false,off,1.00,false,false,true,1524,65.3,67.6,122812,,38.875492,-77.046822,false,24.53,15,100,good,24.5,done,80,true,true,-31.57,-3.00,-18.00,19.19,true,MANUAL,false,2.00,1.50,,1670,true,1,false,on,2361,3,false,200,25,5,true,-62,1459,12,3975974454,1.6,1678,1179,true,227.3,5,74.5,3,38.875038,-77.047455,true,38.874722,-77.047371
2026-08-02T10:40:15.193Z,0.13.3,true,true,16.41,false,false,false,false,false,none,1000,1476,1000,1500,1382,1623,8.7,55.7,1660,false,off,1.00,false,false,true,1524,68.7,71.0,122540,,38.875500,-77.046822,false,24.53,15,100,good,24.5,done,80,true,true,-31.57,-3.00,-18.00,21.59,true,MANUAL,false,2.00,1.50,,1670,true,1,false,on,3378,3,false,200,25,5,true,-60,1459,12,3975974454,1.6,1678,1180,true,227.0,5,75.1,3,38.875038,-77.047455,true,38.874722,-77.047371
2026-08-02T10:40:16.197Z,0.13.3,true,true,16.40,false,false,false,false,false,none,1000,1476,1000,1500,1382,1623,8.0,63.7,1660,false,off,1.00,false,false,true,1524,69.0,71.9,122304,,38.875507,-77.046814,false,24.53,15,100,good,24.5,done,80,true,true,-31.57,-3.00,-18.00,20.96,true,MANUAL,false,2.00,1.50,,1670,true,1,false,on,4374,3,false,200,25,2,true,-73,1459,12,3975974454,1.6,1678,1181,true,226.9,5,76.2,3,38.875038,-77.047455,true,38.874722,-77.047371
2026-08-02T10:40:17.194Z,0.13.3,true,true,16.35,false,false,false,false,false,none,1000,1476,1000,1500,1382,1623,7.8,68.1,1660,false,off,1.00,false,false,true,1524,71.0,74.3,122040,,38.875511,-77.046806,false,24.53,15,100,good,24.5,done,80,true,true,-31.57,-3.00,-18.00,21.45,true,MANUAL,false,2.00,1.50,,1670,true,1,false,on,5381,3,false,200,25,6,true,-69,1459,12,3975974454,1.6,1678,1182,true,227.1,5,76.9,3,38.875038,-77.047455,true,38.874722,-77.047371
2026-08-02T10:40:18.219Z,0.13.3,true,true,16.38,false,false,false,false,false,none,1000,1476,1000,1500,1382,1623,7.6,71.1,1660,false,off,1.00,false,false,true,1524,73.7,77.1,121784,,38.875507,-77.046806,false,24.53,15,100,good,24.5,done,80,true,true,-31.57,-3.00,-18.00,20.80,true,MANUAL,false,2.00,1.50,,1670,false,1,false,pause,394,3,false,200,25,3,true,-64,1459,12,3975974454,1.6,1678,1183,true,227.3,5,76.6,3,38.875038,-77.047455,true,38.874722,-77.047371
2026-08-02T10:40:19.231Z,0.13.3,true,true,16.36,false,false,false,false,false,none,1000,1476,1000,1500,1382,1623,7.5,73.6,1660,false,off,1.00,false,false,true,1524,78.8,82.3,121524,,38.875504,-77.046799,false,24.53,15,100,good,24.5,done,80,true,true,-31.57,-3.00,-18.00,20.72,true,MANUAL,false,2.00,1.50,,1670,false,1,false,pause,1413,3,false,200,25,5,true,-71,1459,12,3975974454,1.6,1678,1184,true,227.7,5,76.8,3,38.875038,-77.047455,true,38.874722,-77.047371
2026-08-02T10:40:20.248Z,0.13.3,true,true,16.37,false,false,false,false,false,none,1000,1476,1000,1499,1000,1623,7.5,73.3,1660,false,off,1.00,false,false,true,1524,85.6,89.1,121260,,38.875496,-77.046799,false,24.53,15,100,good,24.5,done,80,true,true,-31.57,-3.00,-18.00,20.98,true,MANUAL,false,2.00,1.50,,1657,false,1,false,pause,2421,3,false,200,25,5,true,-68,1330,12,3975974454,1.5,1691,1185,true,228.1,5,76.3,3,38.875038,-77.047455,true,38.874722,-77.047371
2026-08-02T10:40:21.265Z,0.13.3,true,true,16.39,false,false,false,false,false,none,1000,1476,1000,1499,1000,1623,7.5,67.6,1660,false,off,1.00,false,false,true,1524,85.8,89.3,121000,,38.875492,-77.046791,false,24.53,15,100,good,24.5,done,80,true,true,-31.57,-3.00,-18.00,18.78,true,MANUAL,false,2.00,1.50,,1657,false,1,false,pause,3442,3,false,200,25,2,true,-68,1330,12,3975974454,1.4,1691,1186,true,228.7,5,76.5,3,38.875038,-77.047455,true,38.874722,-77.047371
2026-08-02T10:40:22.265Z,0.13.3,true,true,16.42,false,false,false,false,false,none,1000,1476,1000,1500,1382,1623,7.5,53.0,1660,false,off,1.00,false,false,true,1524,65.7,69.2,121000,,38.875496,-77.046791,false,24.53,15,100,good,24.5,done,80,true,true,-31.57,-3.00,-18.00,20.96,true,MANUAL,false,2.00,1.50,,1670,false,1,false,pause,4456,3,false,200,25,0,true,-72,1459,12,3975974454,1.2,1678,1187,true,228.5,5,76.8,3,38.875038,-77.047455,true,38.874722,-77.047371
2026-08-02T10:40:23.315Z,0.13.3,true,true,16.42,false,false,false,false,false,none,1000,1476,1000,1500,1334,1623,6.7,39.8,1660,false,off,1.00,false,false,true,1524,42.0,46.2,120992,,38.875500,-77.046791,false,24.53,15,100,good,24.5,done,80,true,true,-31.57,-3.00,-18.00,24.15,true,MANUAL,false,2.00,1.50,,1669,false,1,false,pause,5473,3,false,200,25,8,true,-66,1443,12,3975974454,1.2,1679,1188,true,228.4,5,77.0,3,38.875038,-77.047455,true,38.874722,-77.047371
2026-08-02T10:40:24.282Z,0.13.3,true,true,16.35,false,false,false,false,false,none,1000,1476,1000,1500,1264,1623,6.7,30.0,1660,false,off,1.00,false,false,true,1524,31.2,35.5,120996,,38.875504,-77.046791,false,24.53,15,100,good,24.5,done,80,true,true,-31.57,-3.00,-18.00,19.89,true,MANUAL,false,2.00,1.50,,1666,true,2,false,on,470,3,false,200,25,4,true,-64,1419,12,3975974454,1.5,1682,1189,true,228.1,5,77.3,3,38.875038,-77.047455,true,38.874722,-77.047371
2026-08-02T10:40:25.282Z,0.13.3,true,true,16.38,false,false,false,false,false,none,1000,1476,1000,1500,1327,1623,6.7,25.0,1660,false,off,1.00,false,false,true,1524,31.7,36.0,120988,,38.875511,-77.046791,false,24.53,15,100,good,24.5,done,80,true,true,-31.57,-3.00,-18.00,17.98,true,MANUAL,false,2.00,1.50,,1668,true,2,false,on,1474,3,false,200,25,6,true,-71,1439,12,3975974454,1.5,1680,1190,true,227.7,5,77.9,3,38.875038,-77.047455,true,38.874722,-77.047371
2026-08-02T10:40:26.282Z,0.13.3,true,true,16.40,false,false,false,false,false,none,1000,1476,1000,1500,1381,1623,6.1,15.6,1660,false,off,1.00,false,false,true,1524,26.9,31.9,120972,,38.875515,-77.046791,false,24.53,15,100,good,24.5,done,80,true,true,-31.57,-3.00,-18.00,22.43,true,MANUAL,false,2.00,1.50,,1670,true,2,false,on,2477,3,false,200,25,1,true,-64,1459,12,3975974454,1.6,1678,1191,true,227.5,5,78.2,3,38.875038,-77.047455,true,38.874722,-77.047371
2026-08-02T10:40:27.299Z,0.13.3,true,true,16.41,false,false,false,false,false,none,1000,1476,1000,1500,1381,1623,6.1,7.7,1660,false,off,1.00,false,false,true,1524,18.4,23.3,120972,,38.875523,-77.046791,false,24.53,15,100,good,24.5,done,80,true,true,-31.57,-3.00,-18.00,22.78,true,MANUAL,false,2.00,1.50,,1670,true,2,false,on,3490,3,false,200,25,6,true,-69,1459,12,3975974454,1.6,1678,1192,true,226.9,5,78.8,3,38.875038,-77.047455,true,38.874722,-77.047371
2026-08-02T10:40:28.316Z,0.13.3,true,true,16.40,false,false,false,false,false,none,1000,1476,1000,1500,1381,1623,5.7,6.4,1660,false,off,1.00,false,false,true,1524,14.2,19.6,120972,,38.875530,-77.046791,false,24.53,15,100,good,24.5,done,80,true,true,-31.57,-3.00,-18.00,21.57,true,MANUAL,false,2.00,1.50,,1670,true,2,false,on,4509,3,false,200,25,1,true,-69,1459,12,3975974454,1.7,1678,1193,true,226.5,5,79.3,3,38.875038,-77.047455,true,38.874722,-77.047371
2026-08-02T10:40:29.316Z,0.13.3,true,true,16.39,false,false,false,false,false,none,1000,1476,1000,1500,1381,1623,5.3,6.0,1660,false,off,1.00,false,false,true,1524,13.5,19.3,120972,,38.875538,-77.046791,false,24.53,15,100,good,24.5,done,80,true,true,-31.57,-3.00,-18.00,21.95,true,MANUAL,false,2.00,1.50,,1670,true,2,false,on,5506,3,false,200,25,4,true,-62,1459,12,3975974454,1.7,1678,1194,true,226.0,5,79.9,3,38.875038,-77.047455,true,38.874722,-77.047371
2026-08-02T10:40:30.316Z,0.13.3,true,true,16.38,false,false,false,false,false,none,1000,1476,1000,1500,1381,1623,4.8,4.5,1660,false,off,1.00,false,false,true,1524,13.7,19.9,120972,,38.875546,-77.046791,false,24.53,15,100,good,24.5,done,80,true,true,-31.57,-3.00,-18.00,22.19,true,MANUAL,false,2.00,1.50,,1670,false,2,false,pause,504,3,false,200,25,1,true,-67,1459,12,3975974454,1.7,1678,1195,true,225.5,5,80.5,3,38.875038,-77.047455,true,38.874722,-77.047371
2026-08-02T10:40:31.383Z,0.13.3,true,true,16.35,false,false,false,false,false,none,1000,1476,1000,1500,1381,1623,4.1,2.9,1660,false,off,1.00,false,false,true,1524,15.1,22.0,120972,,38.875549,-77.046791,false,24.53,15,100,good,24.5,done,80,true,true,-31.57,-3.00,-18.00,20.64,true,MANUAL,false,2.00,1.50,,1670,false,2,false,pause,1526,3,false,200,25,5,true,-66,1459,12,3975974454,1.6,1678,1196,true,225.4,5,80.8,3,38.875038,-77.047455,true,38.874722,-77.047371
2026-08-02T10:40:32.350Z,0.13.3,true,true,16.38,false,false,false,false,false,none,1000,1476,1000,1500,1381,1623,3.6,4.4,1660,false,off,1.00,false,false,true,1524,15.1,22.5,120972,,38.875557,-77.046791,false,24.53,15,100,good,24.5,done,80,true,true,-31.57,-3.00,-18.00,22.04,true,MANUAL,false,2.00,1.50,,1670,false,2,false,pause,2525,3,false,200,25,6,true,-65,1459,12,3975974454,1.8,1678,1197,true,225.0,5,81.4,3,38.875038,-77.047455,true,38.874722,-77.047371
2026-08-02T10:40:33.367Z,0.13.3,true,true,16.40,false,false,false,false,false,none,1000,1476,1000,1500,1381,1623,3.6,6.0,1660,false,off,1.00,false,false,true,1524,17.3,24.9,120972,,38.875568,-77.046791,false,24.53,15,100,good,24.5,done,80,true,true,-31.57,-3.00,-18.00,22.86,true,MANUAL,false,2.00,1.50,,1670,false,2,false,pause,3546,3,false,200,25,2,true,-62,1459,12,3975974454,1.7,1678,1198,true,224.4,5,82.3,3,38.875038,-77.047455,true,38.874722,-77.047371
2026-08-02T10:40:34.350Z,0.13.3,true,true,16.41,false,false,false,false,false,none,1000,1476,1000,1500,1381,1623,3.2,7.6,1660,false,off,1.00,false,false,true,1524,15.7,23.6,120972,,38.875576,-77.046791,false,24.53,15,100,good,24.5,done,80,true,true,-31.57,-3.00,-18.00,22.34,true,MANUAL,false,2.00,1.50,,1670,false,2,false,pause,4545,3,false,200,25,6,true,-71,1459,12,3975974454,1.8,1678,1199,true,223.9,5,82.9,3,38.875038,-77.047455,true,38.874722,-77.047371
2026-08-02T10:40:35.401Z,0.13.3,true,true,16.34,false,false,false,false,false,none,1000,1476,1000,1500,1381,1623,3.0,10.6,1660,false,off,1.00,false,false,true,1524,14.4,22.4,120972,,38.875584,-77.046791,false,24.53,15,100,good,24.5,done,80,true,true,-31.57,-3.00,-18.00,21.09,true,MANUAL,false,2.00,1.50,,1670,false,2,false,pause,5584,3,false,200,25,8,true,-70,1459,12,3975974454,1.7,1678,1200,true,223.7,5,83.6,3,38.875038,-77.047455,true,38.874722,-77.047371
2026-08-02T10:40:36.401Z,0.13.3,true,true,16.37,false,false,false,false,false,none,1000,1476,1000,1500,1381,1623,3.0,10.1,1660,false,off,1.00,false,false,true,1524,14.8,22.8,120972,,38.875591,-77.046791,false,24.53,15,100,good,24.5,done,80,true,true,-31.57,-3.00,-18.00,21.02,true,MANUAL,false,2.00,1.50,,1670,true,3,false,on,585,3,false,200,25,8,true,-65,1459,12,3975974454,1.7,1678,1201,true,223.0,5,84.2,3,38.875038,-77.047455,true,38.874722,-77.047371
2026-08-02T10:40:37.401Z,0.13.3,true,true,16.36,false,false,false,false,false,none,1000,1476,1000,1500,1219,1623,2.4,7.0,1660,false,off,1.00,false,false,true,1524,19.6,28.3,120972,,38.875595,-77.046783,false,24.53,15,100,good,24.5,done,80,true,true,-31.57,-3.00,-18.00,22.97,true,MANUAL,false,2.00,1.50,,1664,true,3,false,on,1597,3,false,200,25,3,true,-71,1404,12,3975974454,1.7,1684,1202,true,223.2,5,84.9,3,38.875038,-77.047455,true,38.874722,-77.047371
2026-08-02T10:40:38.451Z,0.13.3,true,true,16.42,false,false,false,false,false,none,1000,1476,1000,1500,1304,1623,2.0,6.6,1660,false,off,1.00,false,false,true,1524,13.6,22.6,120972,,38.875603,-77.046783,false,24.53,15,100,good,24.5,done,80,true,true,-31.57,-3.00,-18.00,20.91,true,MANUAL,false,2.00,1.50,,1668,true,3,false,on,2607,3,false,200,25,4,true,-65,1433,12,3975974454,1.8,1680,1203,true,222.8,5,85.6,3,38.875038,-77.047455,true,38.874722,-77.047371
2026-08-02T10:40:39.451Z,0.13.3,true,true,16.41,false,false,false,false,false,none,1000,1476,1000,1500,1381,1623,2.0,5.3,1660,false,off,1.00,false,false,true,1524,6.2,15.2,120972,,38.875614,-77.046783,false,24.53,15,100,good,24.5,done,80,true,true,-31.57,-3.00,-18.00,20.57,true,MANUAL,false,2.00,1.50,,1670,true,3,false,on,3648,3,false,200,25,6,true,-65,1459,12,3975974454,1.7,1678,1204,true,222.3,5,86.5,3,38.875038,-77.047455,true,38.874722,-77.047371
2026-08-02T10:40:40.451Z,0.13.3,true,true,16.37,false,false,false,false,false,none,1000,1476,1000,1500,1382,1623,1.7,0.6,1660,false,off,1.00,false,false,true,1524,4.0,13.2,120972,,38.875618,-77.046783,false,24.53,15,100,good,24.5,done,80,true,true,-31.57,-3.00,-18.00,20.30,true,MANUAL,false,2.00,1.50,,1670,true,3,false,on,4640,3,false,200,25,4,true,-69,1459,12,3975974454,1.8,1678,1205,true,222.2,5,86.8,3,38.875038,-77.047455,true,38.874722,-77.047371
2026-08-02T10:40:41.468Z,0.13.3,true,true,16.36,false,false,false,false,false,none,1000,1476,1000,1500,1382,1623,1.3,356.2,1660,false,off,1.00,false,false,true,1524,4.4,14.0,120972,,38.875626,-77.046791,false,24.53,15,100,good,24.5,done,80,true,true,-31.57,-3.00,-18.00,20.76,true,MANUAL,false,2.00,1.50,,1670,true,3,false,on,5657,3,false,200,25,4,true,-70,1459,12,3975974454,1.8,1678,1206,true,221.3,5,87.0,3,38.875038,-77.047455,true,38.874722,-77.047371
2026-08-02T10:40:42.502Z,0.13.3,true,true,16.38,false,false,false,false,false,none,1000,1476,1000,1500,1382,1623,0.9,357.1,1660,false,off,1.00,false,false,true,1524,4.7,14.8,120968,,38.875633,-77.046791,false,24.53,15,100,good,24.5,done,80,true,true,-31.57,-3.00,-18.00,23.65,true,MANUAL,false,2.00,1.50,,1670,false,3,false,pause,681,3,false,200,25,6,true,-72,1459,12,3975974454,1.7,1678,1207,true,221.1,5,87.6,3,38.875038,-77.047455,true,38.874722,-77.047371
2026-08-02T10:40:43.485Z,0.13.3,true,true,16.43,false,false,false,false,false,none,1000,1476,1000,1500,1382,1623,0.6,358.1,1660,false,off,1.00,false,false,true,1524,4.6,15.0,120972,,38.875641,-77.046791,false,24.53,15,100,good,24.5,done,80,true,true,-31.57,-3.00,-18.00,22.74,true,MANUAL,false,2.00,1.50,,1670,false,3,false,pause,1663,3,false,200,25,2,true,-71,1459,12,3975974454,1.8,1678,1208,true,220.8,5,88.3,3,38.875038,-77.047455,true,38.874722,-77.047371
2026-08-02T10:40:44.485Z,0.13.3,true,true,16.37,false,false,false,false,false,none,1000,1476,1000,1500,1382,1623,0.3,358.0,1660,false,off,1.00,false,false,true,1524,3.8,14.5,120980,,38.875648,-77.046791,false,24.53,15,100,good,24.5,done,80,true,true,-31.57,-3.00,-18.00,22.69,true,MANUAL,false,2.00,1.50,,1670,false,3,false,pause,2676,3,false,200,25,6,true,-67,1459,12,3975974454,1.8,1678,1209,true,220.4,5,88.9,3,38.875038,-77.047455,true,38.874722,-77.047371
2026-08-02T10:40:45.519Z,0.13.3,true,true,16.38,false,false,false,false,false,none,1000,1476,1000,1500,1382,1623,0.1,0.4,1660,false,off,1.00,false,false,true,1524,4.1,15.0,120980,,38.875656,-77.046791,false,24.53,15,100,good,24.5,done,80,true,true,-31.57,-3.00,-18.00,22.10,true,MANUAL,false,2.00,1.50,,1670,false,3,false,pause,3674,3,false,200,25,4,true,-61,1459,12,3975974454,1.8,1678,1210,true,219.9,5,89.6,3,38.875038,-77.047455,true,38.874722,-77.047371
2026-08-02T10:40:46.519Z,0.13.3,true,true,16.38,false,false,false,false,false,none,1000,1476,1000,1500,1382,1623,0.0,1.6,1660,false,off,1.00,false,false,true,1524,5.1,16.0,120968,,38.875664,-77.046791,false,24.53,15,100,good,24.5,done,80,true,true,-31.57,-3.00,-18.00,22.01,true,MANUAL,false,2.00,1.50,,1670,false,3,false,pause,4693,3,false,200,25,5,true,-65,1459,12,3975974454,1.8,1678,1211,true,219.6,5,90.2,3,38.875038,-77.047455,true,38.874722,-77.047371
2026-08-02T10:40:47.569Z,0.13.3,true,true,16.41,false,false,false,false,false,none,1000,1476,1000,1497,1942,1623,0.0,2.3,1660,false,off,1.00,false,false,true,1524,0.7,11.7,120968,,38.875671,-77.046791,false,24.53,15,100,good,24.5,done,80,true,true,-31.57,-3.00,-18.00,23.21,true,MANUAL,false,2.00,1.50,,1689,false,3,false,pause,5757,3,false,200,25,5,true,-69,1650,12,3975974454,1.7,1659,1212,true,219.3,5,90.9,3,38.875038,-77.047455,true,38.874722,-77.047371
2026-08-02T10:40:48.519Z,0.13.3,true,true,16.35,false,false,false,false,false,none,1000,1476,1000,1502,1845,1623,0.0,3.1,1660,false,off,1.00,false,false,true,1524,354.7,5.6,120980,,38.875679,-77.046791,false,24.53,15,100,good,24.5,done,80,true,true,-31.57,-3.00,-18.00,24.60,true,MANUAL,false,2.00,1.50,,1686,false,3,false,cooldown,711,3,false,200,25,5,true,-61,1617,12,3975974454,1.6,1662,1213,true,219.1,5,91.5,3,38.875038,-77.047455,true,38.874722,-77.047371
2026-08-02T10:40:49.536Z,0.13.3,true,true,16.40,false,false,false,false,false,none,1000,1476,1000,1500,1381,1623,0.0,6.4,1660,false,off,1.00,false,false,true,1524,19.1,30.1,120968,,38.875683,-77.046791,false,24.53,15,100,good,24.5,done,80,true,true,-31.57,-3.00,-18.00,23.32,true,MANUAL,false,2.00,1.50,,1670,false,3,false,cooldown,1724,3,false,200,25,3,true,-63,1459,12,3975974454,1.2,1678,1214,true,218.8,5,91.9,3,38.875038,-77.047455,true,38.874722,-77.047371
2026-08-02T10:40:50.536Z,0.13.3,true,true,16.35,false,false,false,false,false,none,1000,1476,1000,1500,1381,1623,0.0,19.4,1660,false,off,1.00,false,false,true,1524,31.7,42.7,120968,,38.875690,-77.046783,false,24.53,15,100,good,24.5,done,80,true,true,-31.57,-3.00,-18.00,23.27,true,MANUAL,false,2.00,1.50,,1670,false,3,false,cooldown,2725,3,false,200,25,2,true,-61,1459,12,3975974454,1.4,1678,1215,true,218.8,5,92.9,3,38.875038,-77.047455,true,38.874722,-77.047371
2026-08-02T10:40:51.553Z,0.13.3,true,true,16.40,false,false,false,false,false,none,1000,1476,1000,1501,1163,1623,0.0,25.0,1660,false,off,1.00,false,false,true,1524,39.1,50.1,120972,,38.875694,-77.046783,false,24.53,15,100,good,24.5,done,80,true,true,-31.57,-3.00,-18.00,22.68,true,MANUAL,false,2.00,1.50,,1662,false,3,false,cooldown,3737,3,false,200,25,7,true,-59,1385,12,3975974454,1.3,1686,1216,true,218.6,5,93.3,3,38.875038,-77.047455,true,38.874722,-77.047371
2026-08-02T10:40:52.587Z,0.13.3,true,true,16.40,false,false,false,false,false,none,1000,1476,1000,1500,1382,1623,-0.7,32.1,1660,false,off,1.00,false,false,true,1524,40.9,52.6,120984,,38.875698,-77.046776,false,24.53,15,100,good,24.5,done,80,true,true,-31.57,-3.00,-18.00,19.37,true,MANUAL,false,2.00,1.50,,1670,false,3,false,cooldown,4747,3,false,200,25,6,true,-63,1459,12,3975974454,1.5,1678,1217,true,218.7,5,94.0,3,38.875038,-77.047455,true,38.874722,-77.047371
2026-08-02T10:40:53.562Z,0.13.3,true,true,16.40,false,false,false,false,false,none,1000,1476,1000,1500,1382,1623,-1.1,30.5,1660,false,off,1.00,false,false,true,1524,35.3,47.3,120976,,38.875706,-77.046768,false,24.53,15,100,good,24.5,done,80,true,true,-31.57,-3.00,-18.00,22.54,true,MANUAL,false,2.00,1.50,,1670,false,3,false,cooldown,5748,3,false,200,25,6,true,-60,1459,12,3975974454,1.5,1678,1218,true,218.8,5,95.1,3,38.875038,-77.047455,true,38.874722,-77.047371
2026-08-02T10:40:54.570Z,0.13.3,true,true,16.37,false,false,false,false,false,none,1000,1476,1000,1500,1382,1623,-1.1,31.7,1660,false,off,1.00,false,false,true,1524,34.8,47.0,120980,,38.875710,-77.046768,false,24.53,15,100,good,24.5,done,80,true,true,-31.57,-3.00,-18.00,22.72,true,MANUAL,false,2.00,1.50,,1670,false,3,false,cooldown,6761,3,false,200,25,2,true,-69,1459,12,3975974454,1.6,1678,1219,true,218.6,5,95.4,3,38.875038,-77.047455,true,38.874722,-77.047371
2026-08-02T10:40:55.570Z,0.13.3,true,true,16.40,false,false,false,false,false,none,1000,1476,1000,1500,1382,1623,-1.2,34.2,1660,false,off,1.00,false,false,true,1524,35.7,47.9,120988,,38.875717,-77.046761,false,24.53,15,100,good,24.5,done,80,true,true,-31.57,-3.00,-18.00,23.56,true,MANUAL,true,2.00,1.50,,1670,false,3,false,cooldown,7762,3,false,200,25,3,true,-61,1459,12,3975974454,1.6,1678,1220,true,218.6,5,96.5,3,38.875038,-77.047455,true,38.874722,-77.047371
2026-08-02T10:40:56.587Z,0.13.3,true,true,16.41,false,false,false,false,false,none,1000,1476,1000,1500,1382,1623,-1.1,37.2,1660,false,off,1.00,false,false,true,1524,37.7,49.9,120984,,38.875725,-77.046753,false,24.53,15,100,good,24.5,done,80,true,true,-31.57,-3.00,-18.00,26.95,true,MANUAL,true,2.00,1.50,,1670,false,3,false,cooldown,8784,3,false,200,25,1,true,-66,1459,12,3975974454,1.6,1678,1221,true,218.6,5,97.6,3,38.875038,-77.047455,true,38.874722,-77.047371
2026-08-02T10:40:57.604Z,0.13.3,true,true,16.41,false,false,false,true,false,none,1000,1476,1000,1500,1382,1623,-1.1,39.3,1660,false,off,1.00,false,false,true,1524,37.5,49.6,120996,,38.875729,-77.046745,false,24.53,15,100,good,24.5,done,80,true,true,-31.57,-3.00,-18.00,23.45,true,MANUAL,true,2.00,1.50,,1670,false,3,false,cooldown,9779,3,false,200,25,3,true,-68,1459,12,3975974454,1.7,1678,1222,true,218.7,5,98.3,3,38.875038,-77.047455,true,38.874722,-77.047371
2026-08-02T10:40:58.604Z,0.13.3,true,true,16.34,false,false,false,false,false,none,1000,1476,1000,1500,1382,1623,-1.0,39.7,1660,false,off,1.00,false,false,true,1524,38.5,50.5,116852,,38.875736,-77.046745,false,24.53,15,100,good,24.5,done,80,true,true,-31.57,-3.00,-18.00,22.40,true,MANUAL,true,2.00,1.50,,1670,false,3,false,cooldown,10781,3,false,200,25,5,true,-66,1459,12,3975974454,1.6,1678,1223,true,218.4,5,99.0,3,38.875038,-77.047455,true,38.874722,-77.047371
2026-08-02T10:40:59.587Z,0.13.3,true,true,16.37,false,false,false,false,false,none,1000,1476,1000,1500,1382,1623,-0.9,40.3,1660,true,off,1.00,false,false,true,1524,38.3,50.2,120988,,38.875740,-77.046738,false,24.53,15,100,good,24.5,done,80,true,true,-31.57,-3.00,-18.00,23.39,true,MANUAL,true,2.00,1.50,,1670,false,3,false,cooldown,11779,3,false,200,25,1,true,-61,1459,12,3975974454,1.7,1678,1224,true,218.6,5,99.7,3,38.875038,-77.047455,true,38.874722,-77.047371
2026-08-02T10:41:00.604Z,0.13.3,true,true,16.42,false,false,false,false,false,none,1000,1476,1000,1500,1382,1623,-0.9,41.2,1660,false,off,1.00,false,false,true,1524,39.4,51.3,120988,,38.875748,-77.046730,false,24.53,15,100,good,24.5,done,80,true,true,-31.57,-3.00,-18.00,23.92,true,MANUAL,true,2.00,1.50,,1670,false,3,false,cooldown,12797,3,false,200,25,4,true,-60,1459,12,3975974454,1.7,1678,1225,true,218.7,5,100.8,3,38.875038,-77.047455,true,38.874722,-77.047371
2026-08-02T10:41:01.621Z,0.13.3,true,true,16.39,false,false,false,false,false,none,1000,1476,1000,1500,1382,1623,-0.9,39.8,1660,true,off,1.00,false,false,true,1524,37.8,49.6,120992,,38.875751,-77.046722,false,24.53,15,100,good,24.5,done,80,true,true,-31.57,-3.00,-18.00,21.91,true,MANUAL,true,2.00,1.50,,1670,false,3,false,cooldown,13811,3,false,200,25,8,true,-62,1459,12,3975974454,1.7,1678,1226,true,218.6,5,101.5,3,38.875038,-77.047455,true,38.874722,-77.047371
2026-08-02T10:41:02.638Z,0.13.3,true,true,16.39,false,false,false,false,false,none,1000,1476,1000,1448,1040,1623,-1.1,39.1,1660,true,off,1.00,false,false,true,1524,41.3,53.4,120980,,38.875759,-77.046715,false,24.53,15,100,good,24.5,done,80,true,true,-31.57,-3.00,-18.00,20.89,true,MANUAL,true,2.00,1.50,,1658,false,3,false,cooldown,14819,3,false,200,25,7,true,-58,1343,12,3975974454,1.7,1690,1227,true,218.7,5,102.6,3,38.875038,-77.047455,true,38.874722,-77.047371
2026-08-02T10:41:03.672Z,0.13.3,true,true,16.40,false,false,false,false,false,none,1000,1476,1000,1500,1382,1623,-1.1,39.9,1660,true,off,1.00,false,false,true,1524,43.6,55.7,120968,,38.875767,-77.046707,false,24.53,15,100,good,24.5,done,80,true,true,-31.57,-3.00,-18.00,18.47,true,MANUAL,true,2.00,1.50,,1670,false,3,false,cooldown,15853,3,false,200,25,2,true,-64,1459,12,3975974454,1.6,1678,1228,true,218.7,5,103.7,3,38.875038,-77.047455,true,38.874722,-77.047371
2026-08-02T10:41:04.638Z,0.13.3,true,true,16.34,false,false,false,false,false,none,1000,1476,1000,1500,1381,1623,-1.0,31.5,1660,true,off,1.00,false,false,true,1524,30.2,42.2,120972,,38.875774,-77.046707,false,24.53,15,100,good,24.5,done,80,true,true,-31.57,-3.00,-18.00,24.00,true,MANUAL,true,2.00,1.50,,1670,false,3,false,cooldown,16831,3,false,200,25,2,true,-61,1459,12,3975974454,1.7,1678,1229,true,218.4,5,104.4,3,38.875038,-77.047455,true,38.874722,-77.047371
2026-08-02T10:41:05.655Z,0.13.3,true,true,16.40,false,false,false,false,false,none,1000,1476,1000,1500,1382,1623,-0.5,31.7,1660,true,off,1.00,false,false,true,1524,23.9,35.4,120964,,38.875778,-77.046700,false,24.53,15,100,good,24.5,done,80,true,true,-31.57,-3.00,-18.00,25.81,true,MANUAL,true,2.00,1.50,,1670,false,3,false,cooldown,17845,3,false,200,25,7,true,-57,1459,12,3975974454,1.7,1678,1230,true,218.6,5,105.1,3,38.875038,-77.047455,true,38.874722,-77.047371
2026-08-02T10:41:06.672Z,0.13.3,true,true,16.40,false,false,false,false,false,none,1000,1476,1000,1500,1382,1623,-0.5,31.5,1660,true,off,1.00,false,false,true,1524,21.9,33.4,120980,,38.875786,-77.046700,false,24.53,15,100,good,24.5,done,80,true,true,-31.57,-3.00,-18.00,23.29,true,MANUAL,true,2.00,1.50,,1670,false,3,false,cooldown,18857,3,false,200,25,3,true,-60,1459,12,3975974454,1.6,1678,1231,true,218.3,5,105.8,3,38.875038,-77.047455,true,38.874722,-77.047371
2026-08-02T10:41:07.739Z,0.13.3,true,true,16.40,false,false,false,false,false,none,1000,1476,1000,1500,1382,1623,-0.5,27.7,1660,true,off,1.00,false,false,true,1524,24.4,35.9,120972,,38.875793,-77.046692,false,24.53,15,100,good,24.5,done,80,true,true,-31.57,-3.00,-18.00,21.76,true,MANUAL,true,2.00,1.50,,1670,false,3,false,cooldown,19872,3,false,200,25,0,true,-63,1459,12,3975974454,1.6,1678,1232,true,218.1,5,106.8,3,38.875038,-77.047455,true,38.874722,-77.047371
2026-08-02T10:41:08.689Z,0.13.3,true,true,16.35,false,false,false,false,false,none,1000,1476,1000,1500,1318,1623,-0.5,23.9,1660,true,off,1.00,false,false,true,1524,25.9,37.4,120988,,38.875801,-77.046692,false,24.53,15,100,good,24.5,done,80,true,true,-31.57,-3.00,-18.00,20.38,true,MANUAL,true,2.00,1.50,,1668,false,3,false,cooldown,20871,3,false,200,25,7,true,-63,1438,12,3975974454,1.6,1680,1233,true,218.0,5,107.5,3,38.875038,-77.047455,true,38.874722,-77.047371
2026-08-02T10:41:09.706Z,0.13.3,true,true,16.38,false,false,false,false,false,none,1000,1476,1000,1500,1382,1623,-0.5,22.3,1660,true,off,1.00,false,false,true,1524,29.0,40.5,120988,,38.875809,-77.046684,false,24.53,15,100,good,24.5,done,80,true,true,-31.57,-3.00,-18.00,22.00,true,MANUAL,true,2.00,1.50,,1670,false,3,false,cooldown,21887,3,false,200,25,7,true,-59,1459,12,3975974454,1.7,1678,1234,true,218.0,5,108.6,3,38.875038,-77.047455,true,38.874722,-77.047371
2026-08-02T10:41:10.723Z,0.13.3,true,true,16.42,false,false,false,false,false,none,1000,1476,1000,1500,1382,1623,-0.7,24.8,1660,true,off,1.00,false,false,true,1524,28.7,40.4,120984,,38.875813,-77.046684,false,24.53,15,100,good,24.5,done,80,true,true,-31.57,-3.00,-18.00,24.02,true,MANUAL,true,2.00,1.50,,1670,false,3,false,cooldown,22903,3,false,200,25,14,true,-62,1459,12,3975974454,1.6,1678,1235,true,217.9,5,108.9,3,38.875038,-77.047455,true,38.874722,-77.047371
2026-08-02T10:41:11.689Z,0.13.3,true,true,16.36,false,false,false,false,false,none,1000,1476,1000,1500,1382,1623,-0.9,24.5,1660,true,off,1.00,false,false,true,1524,26.6,38.5,120992,,38.875820,-77.046677,false,24.53,15,100,good,24.5,done,80,true,true,-31.57,-3.00,-18.00,22.90,true,MANUAL,true,2.00,1.50,,1670,false,3,false,cooldown,23878,3,false,200,25,3,true,-61,1459,12,3975974454,1.7,1678,1236,true,217.8,5,110.0,3,38.875038,-77.047455,true,38.874722,-77.047371
2026-08-02T10:41:12.740Z,0.13.3,true,true,16.43,false,false,false,false,false,none,1000,1476,1000,1500,1382,1623,-1.0,24.3,1660,true,off,1.00,false,false,true,1524,28.6,40.6,120992,,38.875828,-77.046677,false,24.53,15,100,good,24.5,done,80,true,true,-31.57,-3.00,-18.00,22.12,true,MANUAL,true,2.00,1.50,,1670,false,3,false,cooldown,24900,3,false,200,25,1,true,-62,1459,12,3975974454,1.7,1678,1237,true,217.5,5,110.7,3,38.875038,-77.047455,true,38.874722,-77.047371
2026-08-02T10:41:13.724Z,0.13.3,true,true,16.36,false,false,false,false,false,none,1000,1476,1000,1500,1382,1623,-1.1,26.0,1660,true,off,1.00,false,false,true,1524,29.7,41.8,121000,,38.875832,-77.046669,false,24.53,15,100,good,24.5,done,80,true,true,-31.57,-3.00,-18.00,23.54,true,MANUAL,true,2.00,1.50,,1670,false,3,false,cooldown,25896,3,false,200,25,4,true,-59,1459,12,3975974454,1.7,1678,1238,true,217.8,5,111.4,3,38.875038,-77.047455,true,38.874722,-77.047371
2026-08-02T10:41:14.723Z,0.13.3,true,true,16.39,false,false,false,false,false,none,1000,1476,1000,1500,1382,1623,-1.3,25.5,1660,true,off,1.00,false,false,true,1524,27.9,40.2,120984,,38.875839,-77.046661,false,24.53,15,100,good,24.5,done,80,true,true,-31.57,-3.00,-18.00,23.24,true,MANUAL,true,2.00,1.50,,1670,false,3,false,cooldown,26916,3,false,200,25,1,true,-61,1459,12,3975974454,1.7,1678,1239,true,217.7,5,112.5,3,38.875038,-77.047455,true,38.874722,-77.047371
2026-08-02T10:41:15.723Z,0.13.3,true,true,16.42,false,false,false,false,false,none,1000,1476,1000,1500,1382,1623,-1.3,26.3,1660,true,off,1.00,false,false,true,1524,26.5,38.8,120980,,38.875847,-77.046661,false,24.53,15,100,good,24.5,done,80,true,true,-31.57,-3.00,-18.00,20.54,true,MANUAL,true,2.00,1.50,,1670,false,3,false,cooldown,27914,3,false,200,25,4,true,-65,1459,12,3975974454,1.7,1678,1240,true,217.5,5,113.2,3,38.875038,-77.047455,true,38.874722,-77.047371
2026-08-02T10:41:16.740Z,0.13.3,true,true,16.40,false,false,false,false,false,none,1000,1476,1000,1500,1382,1623,-1.5,28.0,1660,true,off,1.00,false,false,true,1524,31.1,43.6,120988,,38.875854,-77.046654,false,24.53,15,100,good,24.5,done,80,true,true,-31.57,-3.00,-18.00,19.07,true,MANUAL,true,2.00,1.50,,1670,false,3,false,cooldown,28937,3,false,200,25,3,true,-64,1459,12,3975974454,1.6,1678,1241,true,217.4,5,114.2,3,38.875038,-77.047455,true,38.874722,-77.047371
2026-08-02T10:41:17.774Z,0.13.3,true,true,16.42,false,false,false,false,false,none,1000,1476,1000,1500,1382,1623,-1.4,31.9,1660,true,off,1.00,false,false,true,1524,33.1,45.4,120988,,38.875862,-77.046654,false,24.53,15,100,good,24.5,done,80,true,true,-31.57,-3.00,-18.00,24.16,true,MANUAL,true,2.00,1.50,,1670,false,3,false,cooldown,29933,3,false,200,25,6,true,-60,1459,12,3975974454,1.7,1678,1242,true,217.2,5,114.9,3,38.875038,-77.047455,true,38.874722,-77.047371
2026-08-02T10:41:18.757Z,0.13.3,true,true,16.38,false,false,false,false,false,none,1000,1476,1000,1500,1382,1623,-1.0,35.6,1660,true,off,1.00,false,false,true,1524,31.6,44.2,120996,,38.875866,-77.046646,false,24.53,15,100,good,24.5,done,80,true,true,-31.57,-3.00,-18.00,24.44,true,MANUAL,true,2.00,1.50,,1670,false,3,false,cooldown,30948,3,false,200,25,4,true,-61,1459,12,3975974454,1.6,1678,1243,true,217.4,5,115.6,3,38.875038,-77.047455,true,38.874722,-77.047371
2026-08-02T10:41:19.757Z,0.13.3,true,true,16.36,false,false,false,false,false,none,1000,1476,1000,1498,1000,1623,-1.0,35.8,1660,true,off,1.00,false,false,true,1524,38.4,50.4,120976,,38.875874,-77.046638,false,24.53,15,100,good,24.5,done,80,true,true,-31.57,-3.00,-18.00,23.64,true,MANUAL,true,2.00,1.50,,1657,false,3,false,cooldown,31950,3,false,200,25,6,true,-61,1330,12,3975974454,1.6,1691,1244,true,217.2,5,116.7,3,38.875038,-77.047455,true,38.874722,-77.047371
2026-08-02T10:41:20.774Z,0.13.3,true,true,16.36,false,false,false,false,false,none,1000,1476,1000,1500,1382,1623,-1.0,34.8,1660,true,off,1.00,false,false,true,1524,22.5,34.5,120984,,38.875877,-77.046638,false,24.53,15,100,good,24.5,done,80,true,true,-31.57,-3.00,-18.00,22.40,true,MANUAL,true,2.00,1.50,,1670,false,3,false,cooldown,32966,3,false,200,25,6,true,-62,1459,12,3975974454,1.5,1678,1245,true,217.2,5,117.1,3,38.875038,-77.047455,true,38.874722,-77.047371
2026-08-02T10:41:21.791Z,0.13.3,true,true,16.41,false,false,false,false,false,none,1000,1476,1000,1500,1382,1623,-0.5,21.9,1660,true,off,1.00,false,false,true,1524,12.5,24.0,120984,,38.875885,-77.046631,false,24.53,15,100,good,24.5,done,80,true,true,-31.57,-3.00,-18.00,24.33,true,MANUAL,true,2.00,1.50,,1670,false,3,false,cooldown,33976,3,false,200,25,8,true,-72,1459,12,3975974454,1.4,1678,1246,true,217.2,5,118.1,3,38.875038,-77.047455,true,38.874722,-77.047371
2026-08-02T10:41:22.775Z,0.13.3,true,true,16.39,false,false,false,false,false,none,1000,1476,1000,1500,1382,1623,-0.5,14.2,1660,true,off,1.00,false,false,true,1524,6.0,17.5,120980,,38.875889,-77.046631,false,24.53,15,100,good,24.5,done,80,true,true,-31.57,-3.00,-18.00,22.58,true,MANUAL,true,2.00,1.50,,1670,false,3,false,cooldown,34966,3,false,200,25,4,true,-63,1459,12,3975974454,1.5,1678,1247,true,217.0,5,118.5,3,38.875038,-77.047455,true,38.874722,-77.047371
2026-08-02T10:41:23.791Z,0.13.3,true,true,16.36,false,false,false,false,false,none,1000,1476,1000,1500,1382,1623,-0.5,8.9,1660,true,off,1.00,false,false,true,1524,7.8,19.3,120992,,38.875896,-77.046631,false,24.53,15,100,good,24.5,done,80,true,true,-31.57,-3.00,-18.00,21.45,true,MANUAL,true,2.00,1.50,,1670,false,3,false,cooldown,35989,3,false,200,25,1,true,-73,1459,12,3975974454,1.7,1678,1248,true,216.9,5,119.1,3,38.875038,-77.047455,true,38.874722,-77.047371
2026-08-02T10:41:24.825Z,0.13.3,true,true,16.43,false,false,false,false,false,none,1000,1476,1000,1500,1382,1623,-0.5,9.5,1660,true,off,1.00,false,false,true,1524,12.2,23.7,120984,,38.875904,-77.046631,false,24.53,15,100,good,24.5,done,80,true,true,-31.57,-3.00,-18.00,20.80,true,MANUAL,true,2.00,1.50,,1670,false,3,false,cooldown,36984,3,false,200,25,4,true,-66,1459,12,3975974454,1.7,1678,1249,true,216.5,5,119.8,3,38.875038,-77.047455,true,38.874722,-77.047371
2026-08-02T10:41:25.808Z,0.13.3,true,true,16.41,false,false,false,false,false,none,1000,1476,1000,1500,1382,1623,-0.5,14.8,1660,true,off,1.00,false,false,true,1524,15.5,27.0,120980,,38.875912,-77.046631,false,24.53,15,100,good,24.5,done,80,true,true,-31.57,-3.00,-18.00,25.02,true,MANUAL,true,2.00,1.50,,1670,false,3,false,cooldown,37999,3,false,200,25,2,true,-62,1459,12,3975974454,1.7,1678,1250,true,216.4,5,120.5,3,38.875038,-77.047455,true,38.874722,-77.047371
2026-08-02T10:41:26.825Z,0.13.3,true,true,16.37,false,false,false,false,false,none,1000,1476,1000,1500,1382,1623,-0.3,17.1,1660,true,off,1.00,false,false,true,1524,15.2,26.5,120980,,38.875919,-77.046623,false,24.53,15,100,good,24.5,done,80,true,true,-31.57,-3.00,-18.00,26.73,true,MANUAL,true,2.00,1.50,,1670,false,3,false,cooldown,39018,3,false,200,25,6,true,-65,1459,12,3975974454,1.7,1678,1251,true,216.3,5,121.6,3,38.875038,-77.047455,true,38.874722,-77.047371
2026-08-02T10:41:27.825Z,0.13.3,true,true,16.37,false,false,false,false,false,none,1000,1476,1000,1500,1382,1623,-0.4,15.3,1660,true,off,1.00,false,false,true,1524,12.5,23.9,120980,,38.875927,-77.046623,false,24.53,15,100,good,24.5,done,80,true,true,-31.57,-3.00,-18.00,23.25,true,MANUAL,true,2.00,1.50,,1670,false,3,false,cooldown,40017,3,false,200,25,4,true,-65,1459,12,3975974454,1.8,1678,1252,true,216.1,5,122.3,3,38.875038,-77.047455,true,38.874722,-77.047371
2026-08-02T10:41:28.859Z,0.13.3,true,true,16.35,false,false,false,false,false,none,1000,1476,1000,1500,1382,1623,-0.4,16.9,1660,true,off,1.00,false,false,true,1524,16.5,27.9,120968,,38.875935,-77.046616,false,24.53,15,100,good,24.5,done,80,true,true,-31.57,-3.00,-18.00,20.57,true,MANUAL,true,2.00,1.50,,1670,false,3,false,cooldown,41046,3,false,200,25,8,true,-66,1459,12,3975974454,1.7,1678,1253,true,216.2,5,123.3,3,38.875038,-77.047455,true,38.874722,-77.047371
2026-08-02T10:41:29.825Z,0.13.3,true,true,16.38,false,false,false,false,false,none,1000,1476,1000,1500,1382,1623,-0.4,22.3,1660,true,off,1.00,false,false,true,1524,22.7,34.1,120992,,38.875942,-77.046616,false,24.53,15,100,good,24.5,done,80,true,true,-31.57,-3.00,-18.00,21.83,true,MANUAL,true,2.00,1.50,,1670,false,3,false,cooldown,42019,3,false,200,25,3,true,-60,1459,12,3975974454,1.6,1678,1254,true,216.0,5,124.0,3,38.875038,-77.047455,true,38.874722,-77.047371
2026-08-02T10:41:30.842Z,0.13.3,true,true,16.37,false,false,false,false,false,none,1000,1476,1000,1504,1382,1623,-0.1,24.7,1660,true,off,1.00,false,false,true,1524,23.4,34.6,120992,,38.875946,-77.046608,false,24.53,15,100,good,24.5,done,80,true,true,-31.57,-3.00,-18.00,22.75,true,MANUAL,true,2.00,1.50,,1670,false,3,false,cooldown,43034,3,false,200,25,1,true,-56,1459,12,3975974454,1.7,1678,1255,true,216.0,5,124.8,3,38.875038,-77.047455,true,38.874722,-77.047371
2026-08-02T10:41:31.876Z,0.13.3,true,true,16.42,false,false,false,false,false,none,1000,1476,1000,1500,1382,1623,-0.1,24.1,1660,true,off,1.00,false,false,true,1524,22.7,33.8,121008,,38.875954,-77.046608,false,24.53,15,100,good,24.5,done,80,true,true,-31.57,-3.00,-18.00,20.71,true,MANUAL,true,2.00,1.50,,1670,false,3,false,cooldown,44053,3,false,200,25,5,true,-59,1459,12,3975974454,1.6,1678,1256,true,215.8,5,125.5,3,38.875038,-77.047455,true,38.874722,-77.047371
2026-08-02T10:41:32.859Z,0.13.3,true,true,16.38,false,false,false,false,false,none,1000,1476,1000,1500,1381,1623,-0.1,28.1,1660,true,off,1.00,false,false,true,1524,25.8,36.9,121004,,38.875961,-77.046600,false,24.53,15,100,good,24.5,done,80,true,true,-31.57,-3.00,-18.00,21.21,true,MANUAL,true,2.00,1.50,,1670,false,3,false,cooldown,45050,3,false,200,25,8,true,-58,1459,12,3975974454,1.7,1678,1257,true,215.8,5,126.5,3,38.875038,-77.047455,true,38.874722,-77.047371
2026-08-02T10:41:33.876Z,0.13.3,true,true,16.40,false,false,false,false,false,none,1000,1476,1000,1500,1381,1623,0.4,31.2,1660,true,off,1.00,false,false,true,1524,27.9,38.6,120996,,38.875969,-77.046600,false,24.53,15,100,good,24.5,done,80,true,true,-31.57,-3.00,-18.00,26.62,true,MANUAL,true,2.00,1.50,,1670,false,3,false,cooldown,46066,3,false,200,25,7,true,-63,1459,12,3975974454,1.7,1678,1258,true,215.7,5,127.2,3,38.875038,-77.047455,true,38.874722,-77.047371
2026-08-02T10:41:34.876Z,0.13.3,true,true,16.39,false,false,false,false,false,none,1000,1476,1000,1500,1382,1623,0.4,32.5,1660,true,off,1.00,false,false,true,1524,23.9,34.5,121000,,38.875973,-77.046593,false,24.53,15,100,good,24.5,done,80,true,true,-31.57,-3.00,-18.00,23.95,true,MANUAL,true,2.00,1.50,,1670,false,3,false,cooldown,47069,3,false,200,25,1,true,-66,1459,12,3975974454,1.7,1678,1259,true,215.8,5,127.9,3,38.875038,-77.047455,true,38.874722,-77.047371
2026-08-02T10:41:35.927Z,0.13.3,true,true,16.42,false,false,false,false,false,none,1000,1476,1000,1500,1217,1623,0.4,30.6,1660,true,off,1.00,false,false,true,1524,26.4,37.0,120992,,38.875980,-77.046585,false,24.53,15,100,good,24.5,done,80,true,true,-31.57,-3.00,-18.00,23.05,true,MANUAL,true,2.00,1.50,,1664,false,3,false,cooldown,48106,3,false,200,25,7,true,-61,1403,12,3975974454,1.8,1684,1260,true,215.6,5,129.0,3,38.875038,-77.047455,true,38.874722,-77.047371
2026-08-02T10:41:36.910Z,0.13.3,true,true,16.40,false,false,false,false,false,none,1000,1476,1000,1500,1381,1623,0.2,27.2,1660,true,off,1.00,false,false,true,1524,25.4,36.1,120992,,38.875988,-77.046577,false,24.53,15,100,good,24.5,done,80,true,true,-31.57,-3.00,-18.00,22.99,true,MANUAL,true,2.00,1.50,,1670,false,3,false,cooldown,49101,3,false,200,25,1,true,-63,1459,12,3975974454,1.7,1678,1261,true,215.8,5,130.1,3,38.875038,-77.047455,true,38.874722,-77.047371
2026-08-02T10:41:37.910Z,0.13.3,true,true,16.38,false,false,false,false,false,none,1000,1476,1000,1500,1382,1623,0.4,27.7,1660,true,off,1.00,false,false,true,1524,27.1,37.7,120988,,38.875996,-77.046577,false,24.53,15,100,good,24.5,done,80,true,true,-31.57,-3.00,-18.00,21.76,true,MANUAL,true,2.00,1.50,,1670,false,3,false,cooldown,50100,3,false,200,25,7,true,-63,1459,12,3975974454,1.7,1678,1262,true,215.6,5,130.8,3,38.875038,-77.047455,true,38.874722,-77.047371
2026-08-02T10:41:38.910Z,0.13.3,true,true,16.36,false,false,false,false,false,none,1000,1476,1000,1500,1382,1623,0.5,25.2,1660,true,off,1.00,false,false,true,1524,27.6,38.1,121008,,38.876003,-77.046570,false,24.53,15,100,good,24.5,done,80,true,true,-31.57,-3.00,-18.00,27.81,true,MANUAL,true,2.00,1.50,,1670,false,3,false,cooldown,51102,3,false,200,25,0,true,-68,1459,12,3975974454,1.7,1678,1263,true,215.6,5,131.9,3,38.875038,-77.047455,true,38.874722,-77.047371
2026-08-02T10:41:39.927Z,0.13.3,true,true,16.35,false,false,false,false,false,none,1000,1476,1000,1500,1382,1623,0.5,22.7,1660,true,off,1.00,false,false,true,1524,20.4,30.9,121008,,38.876011,-77.046570,false,24.53,15,100,good,24.5,done,80,true,true,-31.57,-3.00,-18.00,26.47,true,MANUAL,true,2.00,1.50,,1670,false,3,false,cooldown,52125,3,false,200,25,6,true,-68,1459,12,3975974454,1.8,1678,1264,true,215.3,5,132.5,3,38.875038,-77.047455,true,38.874722,-77.047371
2026-08-02T10:41:40.944Z,0.13.3,true,true,16.35,false,false,false,false,false,none,1000,1476,1000,1500,1382,1623,0.5,15.7,1660,true,off,1.00,false,false,true,1524,14.9,25.4,121008,,38.876019,-77.046562,false,24.53,15,100,good,24.5,done,80,true,true,-31.57,-3.00,-18.00,20.15,true,MANUAL,true,2.00,1.50,,1670,false,3,false,cooldown,53128,3,false,200,25,2,true,-74,1459,12,3975974454,1.7,1678,1265,true,215.4,5,133.6,3,38.875038,-77.047455,true,38.874722,-77.047371
2026-08-02T10:41:41.977Z,0.13.3,true,true,16.36,false,false,false,false,false,none,1000,1476,1000,1500,1382,1623,0.5,19.7,1660,true,off,1.00,false,false,true,1524,23.7,34.2,121008,,38.876026,-77.046562,false,24.53,15,100,good,24.5,done,80,true,true,-31.57,-3.00,-18.00,19.34,true,MANUAL,true,2.00,1.50,,1670,false,3,false,cooldown,54159,3,false,200,25,0,true,-86,1459,12,3975974454,1.7,1678,1266,true,215.1,5,134.3,3,38.875038,-77.047455,true,38.874722,-77.047371
2026-08-02T10:41:42.961Z,0.13.3,true,true,16.35,false,false,false,false,false,none,1000,1476,1000,1500,1382,1623,1.0,30.1,1660,true,off,1.00,false,false,true,1524,28.1,38.1,121008,,38.876030,-77.046555,false,24.53,15,100,good,24.5,done,80,true,true,-31.57,-3.00,-18.00,23.98,true,MANUAL,true,2.00,1.50,,1670,false,3,false,cooldown,55139,3,false,200,25,2,true,-65,1459,12,3975974454,1.8,1678,1267,true,215.3,5,135.0,3,38.875038,-77.047455,true,38.874722,-77.047371
2026-08-02T10:41:43.961Z,0.13.3,true,true,16.37,false,false,false,false,false,none,1000,1476,1000,1500,1382,1623,1.1,28.1,1660,true,off,1.00,false,false,true,1524,28.2,38.1,121008,,38.876038,-77.046547,false,24.53,15,100,good,24.5,done,80,true,true,-31.57,-3.00,-18.00,27.81,true,MANUAL,true,2.00,1.50,,1670,false,3,false,cooldown,56141,3,false,200,25,3,true,-71,1459,12,3975974454,1.8,1678,1268,true,215.3,5,136.1,3,38.875038,-77.047455,true,38.874722,-77.047371
2026-08-02T10:41:44.978Z,0.13.3,true,true,16.35,false,false,false,false,false,none,1000,1476,1000,1500,1382,1623,0.9,28.4,1660,true,off,1.00,false,false,true,1524,27.0,37.0,121008,,38.876045,-77.046539,false,24.53,15,100,good,24.5,done,80,true,true,-31.57,-3.00,-18.00,23.30,true,MANUAL,true,2.00,1.50,,1670,false,3,false,cooldown,57159,3,false,200,25,6,true,-81,1459,12,3975974454,1.7,1678,1269,true,215.4,5,137.2,3,38.875038,-77.047455,true,38.874722,-77.047371
2026-08-02T10:41:46.048Z,0.13.3,true,true,16.37,false,false,false,false,false,none,1000,1476,1000,1500,1382,1623,0.9,28.5,1660,true,off,1.00,false,false,true,1524,30.9,41.0,121016,,38.876053,-77.046539,false,24.53,15,100,good,24.5,done,80,true,true,-31.57,-3.00,-18.00,22.30,true,MANUAL,true,2.00,1.50,,1670,false,3,false,cooldown,58227,3,false,200,25,3,true,-77,1459,12,3975974454,1.6,1678,1270,true,215.1,5,137.9,3,38.875038,-77.047455,true,38.874722,-77.047371
2026-08-02T10:41:47.003Z,0.13.3,true,true,16.36,false,false,false,false,false,none,1000,1476,1000,1500,1382,1623,0.9,29.8,1660,true,off,1.00,false,false,true,1524,33.3,43.3,120992,,38.876060,-77.046532,false,24.53,15,100,good,24.5,done,80,true,true,-31.57,-3.00,-18.00,24.67,true,MANUAL,true,2.00,1.50,,1670,false,3,false,cooldown,59172,3,false,200,25,0,true,-83,1459,12,3975974454,1.8,1678,1271,true,215.1,5,139.0,3,38.875038,-77.047455,true,38.874722,-77.047371
2026-08-02T10:41:48.003Z,0.13.3,true,true,16.36,false,false,false,false,false,none,1000,1476,1000,1500,1382,1623,0.9,29.0,1660,true,off,1.00,false,false,true,1524,32.5,42.6,121016,,38.876068,-77.046524,false,24.53,15,100,good,24.5,done,80,true,true,-31.57,-3.00,-18.00,28.79,true,MANUAL,true,2.00,1.50,,1670,false,,false,off,,3,false,200,25,3,true,-73,1459,12,3975974454,1.7,1678,1272,true,215.2,5,140.0,3,38.875038,-77.047455,true,38.874722,-77.047371
2026-08-02T10:41:49.037Z,0.13.3,true,true,16.35,false,false,false,false,false,none,1000,1476,1000,1500,1382,1623,0.6,27.0,1660,true,off,1.00,false,false,true,1524,28.8,39.2,121004,,38.876076,-77.046516,false,24.53,15,100,good,24.5,done,80,true,true,-31.57,-3.00,-18.00,26.56,true,MANUAL,true,2.00,1.50,,1670,true,1,false,on,853,3,false,200,25,3,true,-77,1459,12,3975974454,1.9,1678,1273,true,215.2,5,141.1,3,38.875038,-77.047455,true,38.874722,-77.047371
2026-08-02T10:41:50.503Z,0.13.3,true,true,16.37,false,false,false,false,false,none,1000,1476,1000,1500,1382,1623,0.6,28.5,1660,true,off,1.00,false,false,true,1524,29.6,40.1,121004,,38.876083,-77.046516,false,24.53,15,100,good,24.5,done,80,true,true,-31.57,-3.00,-18.00,20.29,true,MANUAL,true,2.00,1.50,,1670,true,1,false,on,1854,3,false,200,25,2,true,-82,1459,12,3975974454,1.8,1678,1274,true,215.0,5,141.8,3,38.875038,-77.047455,true,38.874722,-77.047371
2026-08-02T10:41:51.137Z,0.13.3,true,true,16.41,false,false,false,false,false,none,1000,1476,1000,1500,1382,1623,0.6,37.1,1660,true,off,1.00,false,false,true,1524,33.9,44.3,121004,,38.876087,-77.046509,false,24.53,15,100,good,24.5,done,80,true,true,-31.57,-3.00,-18.00,19.73,true,MANUAL,true,2.00,1.50,,1670,true,1,false,on,2941,3,false,200,25,3,true,-83,1459,12,3975974454,1.7,1678,1276,true,215.1,5,142.5,3,38.875038,-77.047455,true,38.874722,-77.047371
2026-08-02T10:41:52.404Z,0.13.3,true,true,16.38,false,false,false,false,false,none,1000,1476,1000,1500,1382,1623,0.9,36.7,1660,true,off,1.00,false,false,true,1524,38.0,48.2,121012,,38.876099,-77.046494,false,24.53,15,100,good,24.5,done,80,true,true,-31.57,-3.00,-18.00,20.27,true,MANUAL,true,2.00,1.50,,1670,true,1,false,on,4236,3,false,200,25,5,true,-85,1459,12,3975974454,1.7,1678,1277,true,215.3,5,144.3,3,38.875038,-77.047455,true,38.874722,-77.047371
2026-08-02T10:41:54.071Z,0.13.3,true,true,16.39,false,false,false,false,false,none,1000,1476,1000,1500,1382,1623,0.9,38.8,1660,true,off,1.00,false,false,true,1524,34.8,44.6,121020,,38.876106,-77.046486,false,24.53,15,100,good,24.5,done,80,true,true,-31.57,-3.00,-18.00,21.24,true,MANUAL,true,2.00,1.50,,1670,true,1,false,on,5908,3,false,200,25,6,true,-78,1459,12,3975974454,1.7,1678,1278,true,215.3,5,145.4,3,38.875038,-77.047455,true,38.874722,-77.047371
2026-08-02T10:41:55.088Z,0.13.3,true,true,16.37,false,false,false,false,false,none,1000,1476,1000,1500,1382,1623,1.0,38.9,1660,true,off,1.00,false,false,true,1524,39.2,49.2,121024,,38.876110,-77.046478,false,24.53,15,100,good,24.5,done,80,true,true,-31.57,-3.00,-18.00,22.40,true,MANUAL,true,2.00,1.50,,1670,false,1,false,pause,924,3,false,200,25,6,true,-84,1459,12,3975974454,1.7,1678,1279,true,215.3,5,146.1,3,38.875038,-77.047455,true,38.874722,-77.047371
2026-08-02T10:41:56.105Z,0.13.3,true,true,16.40,false,false,false,false,false,none,1000,1476,1000,1497,1104,1623,1.1,38.7,1660,true,off,1.00,false,false,true,1524,41.3,51.2,121032,,38.876118,-77.046471,false,24.53,15,100,good,24.5,done,80,true,true,-31.57,-3.00,-18.00,24.60,true,MANUAL,true,2.00,1.50,,1660,false,1,false,pause,1919,3,false,200,25,0,true,-74,1365,12,3975974454,1.8,1688,1280,true,215.3,5,147.2,3,38.875038,-77.047455,true,38.874722,-77.047371
2026-08-02T10:41:57.105Z,0.13.3,true,true,16.38,false,false,false,false,false,none,1000,1476,1000,1500,1353,1623,0.9,39.2,1660,true,off,1.00,false,false,true,1524,38.4,48.4,121016,,38.876125,-77.046463,false,24.53,15,100,good,24.5,done,80,true,true,-31.57,-3.00,-18.00,21.24,true,MANUAL,true,2.00,1.50,,1669,false,1,false,pause,2940,3,false,200,25,4,true,-78,1450,12,3975974454,1.7,1679,1282,true,215.5,5,148.3,3,38.875038,-77.047455,true,38.874722,-77.047371
2026-08-02T10:41:58.105Z,0.13.3,true,true,16.41,false,false,false,false,false,none,1000,1476,1000,1500,1382,1623,0.9,37.3,1660,true,off,1.00,false,false,true,1524,25.0,35.0,121020,,38.876129,-77.046463,false,24.53,15,100,good,24.5,done,80,true,true,-31.57,-3.00,-18.00,23.12,true,MANUAL,true,2.00,1.50,,1670,false,1,false,pause,3941,3,false,200,25,5,true,-82,1459,12,3975974454,1.7,1678,1283,true,215.4,5,148.6,3,38.875038,-77.047455,true,38.874722,-77.047371
2026-08-02T10:41:59.122Z,0.13.3,true,true,16.39,false,false,false,false,false,none,1000,1476,1000,1500,1382,1623,1.4,33.1,1660,true,off,1.00,false,false,true,1524,25.6,35.2,121016,,38.876137,-77.046455,false,24.53,15,100,good,24.5,done,80,true,true,-31.57,-3.00,-18.00,20.58,true,MANUAL,true,2.00,1.50,,1670,false,1,false,pause,4950,3,false,200,25,5,true,-77,1459,12,3975974454,1.5,1678,1284,true,215.3,5,149.7,3,38.875038,-77.047455,true,38.874722,-77.047371
2026-08-02T10:42:00.122Z,0.13.3,true,true,16.40,false,false,false,false,false,none,1000,1476,1000,1500,1382,1623,1.5,24.9,1660,true,off,1.00,false,false,true,1524,27.7,37.2,121028,,38.876144,-77.046448,false,24.53,15,100,good,24.5,done,80,true,true,-31.57,-3.00,-18.00,25.40,true,MANUAL,true,2.00,1.50,,1670,false,1,false,pause,5956,3,false,200,25,2,true,-80,1459,12,3975974454,1.8,1678,1285,true,215.3,5,150.8,3,38.875038,-77.047455,true,38.874722,-77.047371
2026-08-02T10:42:01.139Z,0.13.3,true,true,16.34,false,false,false,false,false,none,1000,1476,1000,1500,1382,1623,1.5,23.2,1660,true,off,1.00,false,false,true,1524,23.2,32.7,121000,,38.876152,-77.046448,false,24.53,15,100,good,24.5,done,80,true,true,-31.57,-3.00,-18.00,24.75,true,MANUAL,true,2.00,1.50,,1670,true,2,false,on,975,3,false,200,25,5,true,-82,1459,12,3975974454,1.6,1678,1286,true,215.2,5,151.5,3,38.875038,-77.047455,true,38.874722,-77.047371
2026-08-02T10:42:02.139Z,0.13.3,true,true,16.34,false,false,false,false,false,none,1000,1476,1000,1500,1382,1623,1.3,19.1,1660,true,off,1.00,false,false,true,1524,26.1,35.8,121016,,38.876160,-77.046448,false,24.53,15,100,good,24.5,done,80,true,true,-31.57,-3.00,-18.00,25.13,true,MANUAL,true,2.00,1.50,,1670,true,2,false,on,1983,3,false,200,25,3,true,-73,1459,12,3975974454,1.8,1678,1287,true,215.0,5,152.2,3,38.875038,-77.047455,true,38.874722,-77.047371
2026-08-02T10:42:03.156Z,0.13.3,true,true,16.37,false,false,false,false,false,none,1000,1476,1000,1500,1382,1623,0.9,17.9,1660,true,off,1.00,false,false,true,1524,25.0,35.1,121008,,38.876167,-77.046440,false,24.53,15,100,good,24.5,done,80,true,true,-31.57,-3.00,-18.00,24.49,true,MANUAL,true,2.00,1.50,,1670,true,2,false,on,2999,3,false,200,25,4,true,-71,1459,12,3975974454,1.7,1678,1288,true,215.0,5,153.2,3,38.875038,-77.047455,true,38.874722,-77.047371
2026-08-02T10:42:04.156Z,0.13.3,true,true,16.33,false,false,false,false,false,none,1000,1476,1000,1500,1000,1623,0.7,20.5,1660,true,off,1.00,false,false,true,1524,25.3,35.6,121024,,38.876175,-77.046440,false,24.53,15,100,good,24.5,done,80,true,true,-31.57,-3.00,-18.00,23.43,true,MANUAL,true,2.00,1.50,,1657,true,2,false,on,3991,3,false,200,25,3,true,-78,1330,12,3975974454,1.6,1691,1289,true,214.8,5,153.9,3,38.875038,-77.047455,true,38.874722,-77.047371
2026-08-02T10:42:05.139Z,0.13.3,true,true,16.34,false,false,false,false,false,none,1000,1476,1000,1500,1000,1623,0.7,26.6,1660,true,off,1.00,false,false,true,1524,27.6,37.9,121000,,38.876179,-77.046432,false,24.53,15,100,good,24.5,done,80,true,true,-31.57,-3.00,-18.00,22.36,true,MANUAL,true,2.00,1.50,,1657,true,2,false,on,4986,3,false,200,25,5,true,-72,1330,12,3975974454,1.7,1691,1290,true,214.9,5,154.7,3,38.875038,-77.047455,true,38.874722,-77.047371
2026-08-02T10:42:06.173Z,0.13.3,true,true,16.38,false,false,false,false,false,none,1000,1476,1000,1500,1382,1623,0.7,26.5,1660,true,off,1.00,false,false,true,1524,12.6,22.9,121000,,38.876186,-77.046432,false,24.53,15,100,good,24.5,done,80,true,true,-31.57,-3.00,-18.00,21.26,true,MANUAL,true,2.00,1.50,,1670,false,2,false,pause,3,3,false,200,25,4,true,-81,1459,12,3975974454,1.6,1678,1291,true,214.8,5,156.4,3,38.875038,-77.047455,true,38.874722,-77.047371
2026-08-02T10:42:07.156Z,0.13.3,true,true,16.35,false,false,false,false,false,none,1000,1476,1000,1480,1040,1623,0.7,1.0,1660,true,off,1.00,false,false,true,1524,358.6,9.0,121000,,38.876202,-77.046425,false,24.53,15,100,good,24.5,done,80,true,true,-31.57,-3.00,-18.00,24.41,true,MANUAL,true,2.00,1.50,,1658,false,2,false,pause,1004,3,false,200,25,4,true,-64,1343,12,3975974454,1.5,1690,1292,true,214.6,5,157.1,3,38.875038,-77.047455,true,38.874722,-77.047371
2026-08-02T10:42:08.173Z,0.13.3,true,true,16.37,false,false,false,false,false,none,1000,1476,1000,1500,1382,1623,0.7,354.7,1660,true,off,1.00,false,false,true,1524,356.1,6.4,121012,,38.876209,-77.046432,false,24.53,15,100,good,24.5,done,80,true,true,-31.57,-3.00,-18.00,23.81,true,MANUAL,true,2.00,1.50,,1670,false,2,false,pause,2019,3,false,200,25,3,true,-67,1459,12,3975974454,1.6,1678,1293,true,214.2,5,157.4,3,38.875038,-77.047455,true,38.874722,-77.047371
2026-08-02T10:42:09.173Z,0.13.3,true,true,16.40,false,false,false,false,false,none,1000,1476,1000,1500,1382,1623,0.7,349.2,1660,true,off,1.00,false,false,true,1524,344.4,354.7,121012,,38.876213,-77.046432,false,24.53,15,100,good,24.5,done,80,true,true,-31.57,-3.00,-18.00,23.36,true,MANUAL,true,2.00,1.50,,1670,false,2,false,pause,3023,3,false,200,25,6,true,-61,1459,12,3975974454,1.6,1678,1294,true,214.1,5,157.8,3,38.875038,-77.047455,true,38.874722,-77.047371
2026-08-02T10:42:10.240Z,0.13.3,true,true,16.39,false,false,false,false,false,none,1000,1476,1000,1500,1382,1623,1.0,344.3,1660,true,off,1.00,false,false,true,1524,341.0,351.0,121012,,38.876221,-77.046432,false,24.53,15,100,good,24.5,done,80,true,true,-31.57,-3.00,-18.00,24.32,true,MANUAL,true,2.00,1.50,,1670,false,2,false,pause,4085,3,false,200,25,5,true,-65,1459,12,3975974454,1.7,1678,1295,true,214.0,5,158.5,3,38.875038,-77.047455,true,38.874722,-77.047371
2026-08-02T10:42:11.212Z,0.13.3,true,true,16.33,false,false,false,false,false,none,1000,1476,1000,1500,1382,1623,1.2,341.7,1660,true,off,1.00,false,false,true,1524,343.6,353.5,121012,,38.876228,-77.046440,false,24.53,15,100,good,24.5,done,80,true,true,-31.57,-3.00,-18.00,21.30,true,MANUAL,true,2.00,1.50,,1670,false,2,false,pause,5041,3,false,200,25,6,true,-69,1459,12,3975974454,1.8,1678,1296,true,213.6,5,158.8,3,38.875038,-77.047455,true,38.874722,-77.047371
2026-08-02T10:42:12.224Z,0.13.3,true,true,16.36,false,false,false,false,false,none,1000,1476,1000,1500,1382,1623,1.1,342.4,1660,true,off,1.00,false,false,true,1524,343.8,353.7,121000,,38.876236,-77.046440,false,24.53,15,100,good,24.5,done,80,true,true,-31.57,-3.00,-18.00,25.10,true,MANUAL,true,2.00,1.50,,1670,true,3,false,on,53,3,false,200,25,4,true,-71,1459,12,3975974454,1.7,1678,1297,true,213.5,5,159.5,3,38.875038,-77.047455,true,38.874722,-77.047371
2026-08-02T10:42:13.207Z,0.13.3,true,true,16.38,false,false,false,false,false,none,1000,1476,1000,1500,1382,1623,0.9,343.0,1660,true,off,1.00,false,false,true,1524,343.3,353.4,121012,,38.876244,-77.046448,false,24.53,15,100,good,24.5,done,80,true,true,-31.57,-3.00,-18.00,23.02,true,MANUAL,true,2.00,1.50,,1670,true,3,false,on,1054,3,false,200,25,4,true,-69,1459,12,3975974454,2.0,1678,1298,true,213.0,5,159.9,3,38.875038,-77.047455,true,38.874722,-77.047371
2026-08-02T10:42:14.224Z,0.13.3,true,true,16.38,false,false,false,false,false,none,1000,1476,1000,1500,1382,1623,0.9,344.5,1660,true,off,1.00,false,false,true,1524,344.2,354.3,121000,,38.876255,-77.046448,false,24.53,15,100,good,24.5,done,80,true,true,-31.57,-3.00,-18.00,22.79,true,MANUAL,true,2.00,1.50,,1670,true,3,false,on,2065,3,false,200,25,6,true,-68,1459,12,3975974454,1.8,1678,1299,true,212.8,5,161.0,3,38.875038,-77.047455,true,38.874722,-77.047371
2026-08-02T10:42:15.224Z,0.13.3,true,true,16.40,false,false,false,false,false,none,1000,1476,1000,1500,1382,1623,1.0,343.8,1660,true,off,1.00,false,false,true,1524,349.4,359.4,121012,,38.876263,-77.046448,false,24.53,15,100,good,24.5,done,80,true,true,-31.57,-3.00,-18.00,21.77,true,MANUAL,true,2.00,1.50,,1670,true,3,false,on,3069,3,false,200,25,0,true,-72,1459,12,3975974454,1.9,1678,1300,true,212.7,5,161.7,3,38.875038,-77.047455,true,38.874722,-77.047371
2026-08-02T10:42:16.241Z,0.13.3,true,true,16.34,false,false,false,false,false,none,1000,1476,1000,1500,1382,1623,1.0,344.1,1660,true,off,1.00,false,false,true,1524,346.3,356.3,121012,,38.876270,-77.046455,false,24.53,15,100,good,24.5,done,80,true,true,-31.57,-3.00,-18.00,25.64,true,MANUAL,true,2.00,1.50,,1670,true,3,false,on,4074,3,false,200,25,4,true,-67,1459,12,3975974454,1.7,1678,1301,true,212.3,5,162.0,3,38.875038,-77.047455,true,38.874722,-77.047371
2026-08-02T10:42:17.291Z,0.13.3,true,true,16.36,false,false,false,false,false,none,1000,1476,1000,1500,1381,1623,1.0,346.1,1660,true,off,1.00,false,false,true,1524,348.8,358.8,121012,,38.876278,-77.046455,false,24.53,15,100,good,24.5,done,80,true,true,-31.57,-3.00,-18.00,21.41,true,MANUAL,true,2.00,1.50,,1670,true,3,false,on,5093,3,false,200,25,0,true,-65,1459,12,3975974454,1.9,1678,1302,true,212.2,5,162.8,3,38.875038,-77.047455,true,38.874722,-77.047371
2026-08-02T10:42:18.241Z,0.13.3,true,true,16.35,false,false,false,false,false,none,1000,1476,1000,1500,1381,1623,0.9,349.0,1660,true,off,1.00,false,false,true,1524,351.0,1.1,121012,,38.876286,-77.046455,false,24.53,15,100,good,24.5,done,80,true,true,-31.57,-3.00,-18.00,23.54,true,MANUAL,true,2.00,1.50,,1670,false,3,false,pause,89,3,false,200,25,3,true,-61,1459,12,3975974454,1.7,1678,1303,true,211.9,5,163.5,3,38.875038,-77.047455,true,38.874722,-77.047371
2026-08-02T10:42:19.275Z,0.13.3,true,true,16.41,false,false,false,false,false,none,1000,1476,1000,1500,1381,1623,0.7,348.4,1660,true,off,1.00,false,false,true,1524,354.1,4.4,121012,,38.876293,-77.046455,false,24.53,15,100,good,24.5,done,80,true,true,-31.57,-3.00,-18.00,21.38,true,MANUAL,true,2.00,1.50,,1670,false,3,false,pause,1108,3,false,200,25,5,true,-57,1459,12,3975974454,1.9,1678,1304,true,211.9,5,164.2,3,38.875038,-77.047455,true,38.874722,-77.047371
2026-08-02T10:42:20.262Z,0.13.3,true,true,16.38,false,false,false,false,false,none,1000,1476,1000,1500,1381,1623,0.5,351.4,1660,true,off,1.00,false,false,true,1524,354.0,4.5,121000,,38.876301,-77.046463,false,24.53,15,100,good,24.5,done,80,true,true,-31.57,-3.00,-18.00,23.84,true,MANUAL,true,2.00,1.50,,1670,false,3,false,pause,2109,3,false,200,25,6,true,-62,1459,12,3975974454,1.7,1678,1305,true,211.5,5,164.6,3,38.875038,-77.047455,true,38.874722,-77.047371
2026-08-02T10:42:21.279Z,0.13.3,true,true,16.39,false,false,false,false,false,none,1000,1476,1000,1500,1381,1623,0.3,353.1,1660,true,off,1.00,false,false,true,1524,354.7,5.4,121012,,38.876312,-77.046463,false,24.53,15,100,good,24.5,done,80,true,true,-31.57,-3.00,-18.00,21.62,true,MANUAL,true,2.00,1.50,,1670,false,3,false,pause,3128,3,false,200,25,7,true,-69,1459,12,3975974454,2.0,1678,1306,true,211.3,5,165.7,3,38.875038,-77.047455,true,38.874722,-77.047371
2026-08-02T10:42:22.396Z,0.13.3,true,true,16.32,false,false,false,false,false,none,1000,1476,1000,1486,1160,1623,0.3,353.8,1660,true,off,1.00,false,false,true,1524,357.4,8.1,121012,,38.876320,-77.046463,false,24.53,15,100,good,24.5,done,80,true,true,-31.57,-3.00,-18.00,24.55,true,MANUAL,true,2.00,1.50,,1662,false,3,false,pause,4162,3,false,200,25,3,true,-65,1384,12,3975974454,1.8,1686,1307,true,211.1,5,166.4,3,38.875038,-77.047455,true,38.874722,-77.047371
2026-08-02T10:42:23.330Z,0.13.3,true,true,16.34,false,false,false,false,false,none,1000,1476,1000,1500,1216,1623,0.1,358.3,1660,true,off,1.00,false,false,true,1524,5.8,16.7,121012,,38.876328,-77.046463,false,24.53,15,100,good,24.5,done,80,true,true,-31.57,-3.00,-18.00,24.31,true,MANUAL,true,2.00,1.50,,1664,false,3,false,pause,5144,3,false,200,25,6,true,-87,1403,12,3975974454,1.9,1684,1308,true,211.0,5,167.1,3,38.875038,-77.047455,true,38.874722,-77.047371
2026-08-02T10:42:24.313Z,0.13.3,true,true,16.35,false,false,false,false,false,none,1000,1476,1000,1500,1382,1623,0.1,348.7,1660,true,off,1.00,false,false,true,1524,349.5,0.4,121012,,38.876335,-77.046463,false,24.53,15,100,good,24.5,done,80,true,true,-31.57,-3.00,-18.00,20.33,true,MANUAL,true,2.00,1.50,,1670,false,3,false,cooldown,146,3,false,200,25,7,true,-67,1459,12,3975974454,1.7,1678,1309,true,210.8,5,167.8,3,38.875038,-77.047455,true,38.874722,-77.047371
2026-08-02T10:42:25.330Z,0.13.3,true,true,16.43,false,false,false,false,false,none,1000,1476,1000,1500,1382,1000,0.1,343.9,1660,true,off,1.00,false,false,true,1524,345.7,356.5,121012,,38.876343,-77.046471,false,24.53,15,100,good,24.5,done,80,true,true,-31.57,-3.00,-18.00,23.07,true,MANUAL,true,2.00,1.50,,1500,false,3,false,cooldown,1168,3,false,200,25,5,true,-69,1459,12,3975974454,1.6,1500,1310,true,210.5,5,168.2,3,38.875038,-77.047455,true,38.874722,-77.047371
2026-08-02T10:42:26.347Z,0.13.3,true,true,16.43,false,false,false,false,false,none,1000,1476,1000,1500,1382,1000,0.1,339.6,1660,true,off,1.00,false,false,true,1524,343.9,354.8,121012,,38.876350,-77.046471,false,24.53,15,100,good,24.5,done,80,true,true,-31.57,-3.00,-18.00,23.12,true,MANUAL,true,2.00,1.50,,1500,false,3,false,cooldown,2180,3,false,200,25,2,true,-72,1459,12,3975974454,1.3,1500,1311,true,210.3,5,169.0,3,38.875038,-77.047455,true,38.874722,-77.047371
2026-08-02T10:42:27.347Z,0.13.3,true,true,16.42,false,false,false,false,false,none,1000,1476,1000,1500,1382,1000,0.1,342.0,1660,true,off,1.00,false,false,true,1524,338.2,349.0,121012,,38.876354,-77.046471,false,24.53,15,100,good,24.5,done,80,true,true,-31.57,-3.00,-18.00,22.63,true,MANUAL,true,2.00,1.50,,1500,false,3,false,cooldown,3188,3,false,200,25,7,true,-75,1459,12,3975974454,1.2,1500,1312,true,210.3,5,169.3,3,38.875038,-77.047455,true,38.874722,-77.047371
2026-08-02T10:42:28.347Z,0.13.3,true,true,16.44,false,false,false,false,false,none,1000,1476,1000,1500,1382,1000,0.1,341.6,1660,true,off,1.00,false,false,true,1524,338.4,349.2,121012,,38.876362,-77.046478,false,24.53,15,100,good,24.5,done,80,true,true,-31.57,-3.00,-18.00,22.98,true,MANUAL,true,2.00,1.50,,1500,false,3,false,cooldown,4182,3,false,200,25,2,true,-69,1459,12,3975974454,1.1,1500,1313,true,209.9,5,169.7,3,38.875038,-77.047455,true,38.874722,-77.047371
2026-08-02T10:42:29.347Z,0.13.3,true,true,16.43,false,false,false,false,false,none,1000,1476,1000,1500,1382,1000,0.1,335.0,1660,true,off,1.00,false,false,true,1524,341.1,352.0,121016,,38.876366,-77.046478,false,24.53,15,100,good,24.5,done,80,true,true,-31.57,-3.00,-18.00,24.66,true,MANUAL,true,2.00,1.50,,1500,false,3,false,cooldown,5194,3,false,200,25,4,true,-68,1459,12,3975974454,1.0,1500,1314,true,209.8,5,170.1,3,38.875038,-77.047455,true,38.874722,-77.047371
2026-08-02T10:42:30.364Z,0.13.3,true,true,16.44,false,false,false,false,false,none,1000,1476,1000,1500,1382,1000,0.1,331.5,1660,true,off,1.00,false,false,true,1524,340.3,351.2,121016,,38.876369,-77.046478,false,24.53,15,100,good,24.5,done,80,true,true,-31.57,-3.00,-18.00,20.52,true,MANUAL,true,2.00,1.50,,1500,false,3,false,cooldown,6208,3,false,200,25,1,true,-68,1459,12,3975974454,0.8,1500,1315,true,209.7,5,170.5,3,38.875038,-77.047455,true,38.874722,-77.047371
2026-08-02T10:42:31.364Z,0.13.3,true,true,16.44,false,false,false,false,false,none,1000,1476,1000,1500,1382,1000,0.1,331.6,1660,true,off,1.00,false,false,true,1524,334.9,345.8,121016,,38.876373,-77.046486,false,24.53,15,100,good,24.5,done,80,true,true,-31.57,-3.00,-18.00,19.97,true,MANUAL,true,2.00,1.50,,1500,false,3,false,cooldown,7211,3,false,200,25,3,true,-77,1459,12,3975974454,0.6,1500,1316,true,209.5,5,170.5,3,38.875038,-77.047455,true,38.874722,-77.047371
2026-08-02T10:42:32.381Z,0.13.3,true,true,16.44,false,false,false,false,false,none,1000,1476,1000,1500,1382,1000,0.1,344.4,1660,true,off,1.00,false,false,true,1524,329.1,339.9,121016,,38.876377,-77.046486,false,24.53,15,100,good,24.5,done,80,true,true,-31.57,-3.00,-18.00,22.96,true,MANUAL,true,2.00,1.50,,1500,false,3,false,cooldown,8230,3,false,200,25,6,true,-79,1459,12,3975974454,0.7,1500,1317,true,209.4,5,170.9,3,38.875038,-77.047455,true,38.874722,-77.047371
2026-08-02T10:42:33.398Z,0.13.3,true,true,16.43,false,false,false,false,false,none,1000,1476,1000,1500,1382,1000,0.1,344.4,1660,true,off,1.00,false,false,true,1524,326.8,337.6,121016,,38.876377,-77.046486,false,24.53,15,100,good,24.5,done,80,true,true,-31.57,-3.00,-18.00,27.40,true,MANUAL,true,2.00,1.50,,1500,false,3,false,cooldown,9238,3,false,200,25,4,true,-71,1459,12,3975974454,0.7,1500,1318,true,209.4,5,170.9,3,38.875038,-77.047455,true,38.874722,-77.047371
2026-08-02T10:42:34.415Z,0.13.3,true,true,16.44,false,false,false,false,false,none,1000,1476,1000,1500,1382,1000,0.1,340.9,1660,true,off,1.00,false,false,true,1524,332.7,343.5,121016,,38.876381,-77.046486,false,24.53,15,100,good,24.5,done,80,true,true,-31.57,-3.00,-18.00,24.74,true,MANUAL,true,2.00,1.50,,1500,false,3,false,cooldown,10251,3,false,200,25,2,true,-67,1459,12,3975974454,0.7,1500,1319,true,209.3,5,171.3,3,38.875038,-77.047455,true,38.874722,-77.047371
2026-08-02T10:42:35.415Z,0.13.3,true,true,16.44,false,false,false,false,false,none,1000,1476,1000,1500,1382,1000,0.1,335.6,1660,true,off,1.00,false,false,true,1524,336.1,347.0,121016,,38.876385,-77.046486,false,24.53,15,100,good,24.5,done,80,true,true,-31.57,-3.00,-18.00,21.86,true,MANUAL,true,2.00,1.50,,1500,false,3,false,cooldown,11253,3,false,200,25,4,true,-67,1459,12,3975974454,0.4,1500,1320,true,209.3,5,171.6,3,38.875038,-77.047455,true,38.874722,-77.047371
2026-08-02T10:42:36.431Z,0.13.3,true,true,16.44,false,false,false,false,false,none,1000,1476,1000,1500,1382,1000,0.1,325.7,1660,true,off,1.00,false,false,true,1524,327.9,338.7,121004,,38.876385,-77.046494,false,24.53,15,100,good,24.5,done,80,true,true,-31.57,-3.00,-18.00,21.36,true,MANUAL,true,2.00,1.50,,1500,false,3,false,cooldown,12242,3,false,200,25,7,true,-75,1459,12,3975974454,0.5,1500,1321,true,209.1,5,171.3,3,38.875038,-77.047455,true,38.874722,-77.047371
2026-08-02T10:42:37.398Z,0.13.3,true,true,16.44,false,false,false,false,false,none,1000,1476,1000,1500,1382,1000,0.1,338.0,1660,true,off,1.00,false,false,true,1524,323.2,334.1,121016,,38.876389,-77.046494,false,24.53,15,100,good,24.5,done,80,true,true,-31.57,-3.00,-18.00,23.07,true,MANUAL,true,2.00,1.50,,1500,false,3,false,cooldown,13245,3,false,200,25,1,true,-73,1459,12,3975974454,0.5,1500,1322,true,209.0,5,171.7,3,38.875038,-77.047455,true,38.874722,-77.047371
2026-08-02T10:42:38.432Z,0.13.3,true,true,16.44,false,false,false,false,false,none,1000,1476,1000,1500,1382,1000,0.1,340.5,1660,true,off,1.00,false,false,true,1524,320.3,331.1,121016,,38.876389,-77.046494,false,24.53,15,100,good,24.5,done,80,true,true,-31.57,-3.00,-18.00,24.41,true,MANUAL,true,2.00,1.50,,1500,false,3,false,cooldown,14271,3,false,200,25,3,true,-73,1459,12,3975974454,0.4,1500,1323,true,209.0,5,171.7,3,38.875038,-77.047455,true,38.874722,-77.047371
2026-08-02T10:42:39.432Z,0.13.3,true,true,16.44,false,false,false,false,false,none,1000,1476,1000,1500,1382,1000,0.1,345.5,1660,true,off,1.00,false,false,true,1524,316.5,327.4,121016,,38.876392,-77.046494,false,24.53,15,100,good,24.5,done,80,true,true,-31.57,-3.00,-18.00,22.64,true,MANUAL,true,2.00,1.50,,1500,false,3,false,cooldown,15272,3,false,200,25,2,true,-75,1459,12,3975974454,0.6,1500,1324,true,209.0,5,172.0,3,38.875038,-77.047455,true,38.874722,-77.047371
2026-08-02T10:42:40.449Z,0.13.3,true,true,16.44,false,false,false,false,false,none,1000,1476,1000,1500,1382,1000,0.1,346.5,1660,true,off,1.00,false,false,true,1524,314.8,325.7,121016,,38.876396,-77.046494,false,24.53,15,100,good,24.5,done,80,true,true,-31.57,-3.00,-18.00,23.04,true,MANUAL,true,2.00,1.50,,1500,false,3,false,cooldown,16294,3,false,200,25,1,true,-72,1459,12,3975974454,0.4,1500,1325,true,208.9,5,172.4,3,38.875038,-77.047455,true,38.874722,-77.047371
2026-08-02T10:42:41.432Z,0.13.3,true,true,16.43,false,false,false,false,false,none,1000,1476,1000,1500,1382,1000,0.1,346.5,1660,true,off,1.00,false,false,true,1524,311.2,322.0,121016,,38.876396,-77.046494,false,24.53,15,100,good,24.5,done,80,true,true,-31.57,-3.00,-18.00,24.20,true,MANUAL,true,2.00,1.50,,1500,false,3,false,cooldown,17264,3,false,200,25,0,true,-74,1459,12,3975974454,0.4,1500,1326,true,208.9,5,172.4,3,38.875038,-77.047455,true,38.874722,-77.047371
2026-08-02T10:42:42.449Z,0.13.3,true,true,16.44,false,false,false,false,false,none,1000,1476,1000,1500,1382,1000,0.1,336.1,1660,true,off,1.00,false,false,true,1524,310.3,321.2,121016,,38.876396,-77.046494,false,24.53,15,100,good,24.5,done,80,true,true,-31.57,-3.00,-18.00,25.09,true,MANUAL,true,2.00,1.50,,1500,false,3,false,cooldown,18286,3,false,200,25,6,true,-79,1459,12,3975974454,0.5,1500,1327,true,208.9,5,172.4,3,38.875038,-77.047455,true,38.874722,-77.047371
2026-08-02T10:42:43.483Z,0.13.3,true,true,16.44,false,false,false,false,false,none,1000,1476,1000,1500,1382,1000,0.1,334.7,1660,true,off,1.00,false,false,true,1524,309.4,320.3,121004,,38.876400,-77.046501,false,24.53,15,100,good,24.5,done,80,true,true,-31.57,-3.00,-18.00,22.40,true,MANUAL,true,2.00,1.50,,1500,false,3,false,cooldown,19294,3,false,200,25,6,true,-79,1459,12,3975974454,0.4,1500,1328,true,208.6,5,172.5,3,38.875038,-77.047455,true,38.874722,-77.047371
2026-08-02T10:42:44.466Z,0.13.3,true,true,16.44,false,false,false,false,false,none,1000,1476,1000,1500,1382,1000,0.1,334.7,1660,true,off,1.00,false,false,true,1524,308.4,319.2,121008,,38.876400,-77.046501,false,24.53,15,100,good,24.5,done,80,true,true,-31.57,-3.00,-18.00,19.88,true,MANUAL,true,2.00,1.50,,1500,false,3,false,cooldown,20310,3,false,200,25,6,true,-73,1459,12,3975974454,0.3,1500,1329,true,208.6,5,172.5,3,38.875038,-77.047455,true,38.874722,-77.047371
2026-08-02T10:42:45.466Z,0.13.3,true,true,16.43,false,false,false,false,false,none,1000,1476,1000,1500,1382,1000,0.1,344.0,1660,true,off,1.00,false,false,true,1524,306.8,317.6,121004,,38.876400,-77.046501,false,24.53,15,100,good,24.5,done,80,true,true,-31.57,-3.00,-18.00,24.47,true,MANUAL,true,2.00,1.50,,1500,false,3,false,cooldown,21311,3,false,200,25,5,true,-82,1459,12,3975974454,0.4,1500,1330,true,208.6,5,172.5,3,38.875038,-77.047455,true,38.874722,-77.047371
2026-08-02T10:42:46.483Z,0.13.3,true,true,16.44,false,false,false,false,false,none,1000,1476,1000,1500,1382,1000,0.1,341.3,1660,true,off,1.00,false,false,true,1524,304.5,315.4,121008,,38.876404,-77.046501,false,24.53,15,100,good,24.5,done,80,true,true,-31.57,-3.00,-18.00,23.03,true,MANUAL,true,2.00,1.50,,1500,false,3,false,cooldown,22319,3,false,200,25,4,true,-83,1459,12,3975974454,0.4,1500,1331,true,208.6,5,172.8,3,38.875038,-77.047455,true,38.874722,-77.047371
2026-08-02T10:42:47.500Z,0.13.3,true,true,16.44,false,false,false,false,false,none,1000,1476,1000,1500,1382,1000,0.1,333.9,1660,true,off,1.00,false,false,true,1524,302.3,313.1,121008,,38.876404,-77.046501,false,24.53,15,100,good,24.5,done,80,true,true,-31.57,-3.00,-18.00,20.92,true,MANUAL,true,2.00,1.50,,1500,false,3,false,cooldown,23342,3,false,200,25,3,true,-72,1459,12,3975974454,0.4,1500,1332,true,208.6,5,172.8,3,38.875038,-77.047455,true,38.874722,-77.047371
2026-08-02T10:42:48.467Z,0.13.3,true,true,16.44,false,false,false,false,false,none,1000,1476,1000,1500,1382,1000,0.1,324.9,1660,true,off,1.00,false,false,true,1524,302.1,313.0,121020,,38.876404,-77.046501,false,24.53,15,100,good,24.5,done,80,true,true,-31.57,-3.00,-18.00,27.62,true,MANUAL,true,2.00,1.50,,1500,false,3,false,cooldown,24312,3,false,200,25,3,true,-74,1459,12,3975974454,0.4,1500,1333,true,208.6,5,172.8,3,38.875038,-77.047455,true,38.874722,-77.047371
2026-08-02T10:42:49.483Z,0.13.3,true,true,16.44,false,false,false,false,false,none,1000,1476,1000,1500,1382,1000,0.1,324.9,1660,true,off,1.00,false,false,true,1524,302.8,313.7,121012,,38.876408,-77.046501,false,24.53,15,100,good,24.5,done,80,true,true,-31.57,-3.00,-18.00,24.92,true,MANUAL,true,2.00,1.50,,1500,false,3,false,cooldown,25328,3,false,200,25,2,true,-70,1459,12,3975974454,0.3,1500,1334,true,208.4,5,173.2,3,38.875038,-77.047455,true,38.874722,-77.047371
2026-08-02T10:42:50.500Z,0.13.3,true,true,16.44,false,false,false,false,false,none,1000,1476,1000,1500,1382,1000,0.1,324.9,1660,true,off,1.00,false,false,true,1524,301.8,312.7,121020,,38.876408,-77.046501,false,24.53,15,100,good,24.5,done,80,true,true,-31.57,-3.00,-18.00,22.97,true,MANUAL,true,2.00,1.50,,1500,false,3,false,cooldown,26349,3,false,200,25,7,true,-71,1459,12,3975974454,0.3,1500,1335,true,208.4,5,173.2,3,38.875038,-77.047455,true,38.874722,-77.047371
2026-08-02T10:42:51.500Z,0.13.3,true,true,16.44,false,false,false,false,false,none,1000,1476,1000,1500,1382,1000,0.1,322.5,1660,true,off,1.00,false,false,true,1524,300.2,311.1,121020,,38.876408,-77.046501,false,24.53,15,100,good,24.5,done,80,true,true,-31.57,-3.00,-18.00,23.40,true,MANUAL,true,2.00,1.50,,1500,false,3,false,cooldown,27346,3,false,200,25,4,true,-68,1459,12,3975974454,0.4,1500,1336,true,208.4,5,173.2,3,38.875038,-77.047455,true,38.874722,-77.047371
2026-08-02T10:42:52.500Z,0.13.3,true,true,16.44,false,false,false,false,false,none,1000,1476,1000,1500,1382,1000,0.1,322.5,1660,true,off,1.00,false,false,true,1524,300.9,311.8,121016,,38.876411,-77.046509,false,24.53,15,100,good,24.5,done,80,true,true,-31.57,-3.00,-18.00,24.31,true,MANUAL,true,2.00,1.50,,1500,false,3,false,cooldown,28349,3,false,200,25,5,true,-71,1459,12,3975974454,0.3,1500,1337,true,208.2,5,173.3,3,38.875038,-77.047455,true,38.874722,-77.047371
2026-08-02T10:42:53.517Z,0.13.3,true,true,16.44,false,false,false,false,false,none,1000,1476,1000,1500,1382,1000,0.1,322.5,1660,true,off,1.00,false,false,true,1524,299.1,310.0,120992,,38.876411,-77.046509,false,24.53,15,100,good,24.5,done,80,true,true,-31.57,-3.00,-18.00,24.29,true,MANUAL,true,2.00,1.50,,1500,false,3,false,cooldown,29365,3,false,200,25,4,true,-71,1459,12,3975974454,0.2,1500,1338,true,208.2,5,173.3,3,38.875038,-77.047455,true,38.874722,-77.047371
2026-08-02T10:42:54.551Z,0.13.3,true,true,16.44,false,false,false,false,false,none,1000,1476,1000,1500,1382,1000,0.1,330.9,1660,true,off,1.00,false,false,true,1524,297.2,308.1,121020,,38.876411,-77.046509,false,24.53,15,100,good,24.5,done,80,true,true,-31.57,-3.00,-18.00,24.25,true,MANUAL,true,2.00,1.50,,1500,false,3,false,cooldown,30364,3,false,200,25,4,true,-70,1459,12,3975974454,0.4,1500,1339,true,208.2,5,173.3,3,38.875038,-77.047455,true,38.874722,-77.047371
2026-08-02T10:42:55.517Z,0.13.3,true,true,16.44,false,false,false,false,false,none,1000,1476,1000,1500,1382,1000,0.1,330.9,1660,true,off,1.00,false,false,true,1524,298.7,309.6,121020,,38.876411,-77.046509,false,24.53,15,100,good,24.5,done,80,true,true,-31.57,-3.00,-18.00,22.14,true,MANUAL,true,2.00,1.50,,1500,false,3,false,cooldown,31365,3,false,200,25,2,true,-72,1459,12,3975974454,0.3,1500,1340,true,208.2,5,173.3,3,38.875038,-77.047455,true,38.874722,-77.047371
2026-08-02T10:42:56.534Z,0.13.3,true,true,16.44,false,false,false,false,false,none,1000,1476,1000,1500,1382,1000,0.1,342.9,1660,true,off,1.00,false,false,true,1524,298.4,309.2,121012,,38.876415,-77.046509,false,24.53,15,100,good,24.5,done,80,true,true,-31.57,-3.00,-18.00,21.45,true,MANUAL,true,2.00,1.50,,1500,false,3,false,cooldown,32383,3,false,200,25,4,true,-81,1459,12,3975974454,0.4,1500,1341,true,208.2,5,173.7,3,38.875038,-77.047455,true,38.874722,-77.047371
2026-08-02T10:42:57.552Z,0.13.3,true,true,16.44,false,false,false,false,false,none,1000,1476,1000,1500,1382,1000,0.1,352.0,1660,true,off,1.00,false,false,true,1524,298.0,308.8,121012,,38.876415,-77.046509,false,24.53,15,100,good,24.5,done,80,true,true,-31.57,-3.00,-18.00,23.04,true,MANUAL,true,2.00,1.50,,1500,false,3,false,cooldown,33399,3,false,200,25,5,true,-61,1459,12,3975974454,0.4,1500,1342,true,208.2,5,173.7,3,38.875038,-77.047455,true,38.874722,-77.047371
2026-08-02T10:42:58.568Z,0.13.3,true,true,16.44,false,false,false,false,false,none,1000,1476,1000,1500,1382,1000,0.1,357.3,1660,true,off,1.00,false,false,true,1524,297.8,308.7,121024,,38.876419,-77.046509,false,24.53,15,100,good,24.5,done,80,true,true,-31.57,-3.00,-18.00,23.99,true,MANUAL,true,2.00,1.50,,1500,false,3,false,cooldown,34415,3,false,200,25,4,true,-76,1459,12,3975974454,0.4,1500,1343,true,208.1,5,174.0,3,38.875038,-77.047455,true,38.874722,-77.047371
2026-08-02T10:42:59.573Z,0.13.3,true,true,16.44,false,false,false,false,false,none,1000,1476,1000,1500,1382,1000,0.1,357.3,1660,true,off,1.00,false,false,true,1524,297.2,308.0,121020,,38.876419,-77.046509,false,24.53,15,100,good,24.5,done,80,true,true,-31.57,-3.00,-18.00,23.92,true,MANUAL,true,2.00,1.50,,1500,false,3,false,cooldown,35427,3,false,200,25,7,true,-67,1459,12,3975974454,0.3,1500,1344,true,208.1,5,174.0,3,38.875038,-77.047455,true,38.874722,-77.047371
2026-08-02T10:43:00.572Z,0.13.3,true,true,16.44,false,false,false,false,false,none,1000,1476,1000,1500,1382,1000,0.1,3.2,1660,true,off,1.00,false,false,true,1524,297.3,308.1,121032,,38.876419,-77.046509,false,24.53,15,100,good,24.5,done,80,true,true,-31.57,-3.00,-18.00,22.75,true,MANUAL,true,2.00,1.50,,1500,false,3,false,cooldown,36432,3,false,200,25,4,true,-68,1459,12,3975974454,0.3,1500,1345,true,208.1,5,174.0,3,38.875038,-77.047455,true,38.874722,-77.047371
2026-08-02T10:43:01.623Z,0.13.3,true,true,16.44,false,false,false,false,false,none,1000,1476,1000,1500,1382,1000,0.1,7.2,1660,true,off,1.00,false,false,true,1524,295.7,306.6,121028,,38.876423,-77.046509,false,24.53,15,100,good,24.5,done,80,true,true,-31.57,-3.00,-18.00,23.63,true,MANUAL,true,2.00,1.50,,1500,false,3,false,cooldown,37451,3,false,200,25,6,true,-70,1459,12,3975974454,0.3,1500,1346,true,208.1,5,174.4,3,38.875038,-77.047455,true,38.874722,-77.047371
2026-08-02T10:43:02.623Z,0.13.3,false,true,16.43,false,false,false,false,false,none,1000,1476,1000,1500,1382,1000,0.1,7.2,1660,true,off,1.00,false,false,true,1524,293.6,304.5,121028,,38.876423,-77.046509,false,24.53,15,100,good,24.5,done,80,true,true,-31.57,-3.00,-18.00,26.85,false,MANUAL,true,2.00,1.50,,1500,false,3,false,cooldown,38468,3,false,200,25,7,true,-64,1459,12,3975974454,0.3,1500,1347,true,,0,,0,,,false,,
2026-08-02T10:43:03.640Z,0.13.3,false,true,16.44,false,false,false,false,false,none,1000,1476,1000,1500,1382,1000,0.1,7.2,1660,true,off,1.00,false,false,true,1524,292.7,303.6,121016,,38.876423,-77.046509,false,24.53,15,100,good,24.5,done,80,true,true,-31.57,-3.00,-18.00,26.91,false,MANUAL,true,2.00,1.50,,1500,false,3,false,cooldown,39482,3,false,200,25,3,true,-70,1459,12,3975974454,0.2,1500,1348,true,,0,,0,,,false,,
2026-08-02T10:43:04.640Z,0.13.3,false,true,16.44,false,false,false,false,false,none,1000,1476,1000,1500,1382,1000,0.1,7.2,1660,true,off,1.00,false,false,true,1524,293.6,304.4,121032,,38.876423,-77.046509,false,24.53,15,100,good,24.5,done,80,true,true,-31.57,-3.00,-18.00,24.17,false,MANUAL,true,2.00,1.50,,1500,false,3,false,cooldown,40487,3,false,200,25,0,true,-65,1459,12,3975974454,0.1,1500,1349,true,,0,,0,,,false,,
2026-08-02T10:43:05.657Z,0.13.3,false,true,16.44,false,false,false,false,false,none,1000,1476,1000,1500,1382,1000,0.1,358.8,1660,true,off,1.00,false,false,true,1524,293.6,304.5,121036,,38.876423,-77.046509,false,24.53,15,100,good,24.5,done,80,true,true,-31.57,-3.00,-18.00,23.06,false,MANUAL,true,2.00,1.50,,1500,false,3,false,cooldown,41506,3,false,200,25,3,true,-66,1459,12,3975974454,0.3,1500,1350,true,,0,,0,,,false,,
2026-08-02T10:43:06.657Z,0.13.3,false,true,16.44,false,false,false,false,false,none,1000,1476,1000,1500,1382,1000,0.1,358.8,1660,true,off,1.00,false,false,true,1524,292.4,303.2,121040,,38.876427,-77.046509,false,24.53,15,100,good,24.5,done,80,true,true,-31.57,-3.00,-18.00,24.60,false,MANUAL,true,2.00,1.50,,1500,false,3,false,cooldown,42514,3,false,200,25,0,true,-66,1459,12,3975974454,0.3,1500,1351,true,,0,,0,,,false,,
2026-08-02T10:43:07.640Z,0.13.3,false,true,16.44,false,false,false,false,false,none,1000,1476,1000,1500,1382,1000,0.1,358.8,1660,true,off,1.00,false,false,true,1524,292.0,302.8,121036,,38.876427,-77.046509,false,24.53,15,100,good,24.5,done,80,true,true,-31.57,-3.00,-18.00,23.26,false,MANUAL,true,2.00,1.50,,1500,false,3,false,cooldown,43494,3,false,200,25,4,true,-63,1459,12,3975974454,0.3,1500,1352,true,,0,,0,,,false,,
2026-08-02T10:43:08.674Z,0.13.3,false,true,16.43,false,false,false,false,false,none,1000,1476,1000,1500,1382,1000,0.1,358.8,1660,true,off,1.00,false,false,true,1524,293.8,304.7,121032,,38.876427,-77.046509,false,24.53,15,100,good,24.5,done,80,true,true,-31.57,-3.00,-18.00,24.69,false,MANUAL,true,2.00,1.50,,1500,false,3,false,cooldown,44522,3,false,200,25,1,true,-66,1459,12,3975974454,0.2,1500,1353,true,,0,,0,,,false,,
2026-08-02T10:43:09.674Z,0.13.3,false,true,16.44,false,false,false,false,false,none,1000,1476,1000,1500,1382,1000,0.1,358.8,1660,true,off,1.00,false,false,true,1524,295.3,306.2,121020,,38.876427,-77.046509,false,24.53,15,100,good,24.5,done,80,true,true,-31.57,-3.00,-18.00,26.25,false,MANUAL,true,2.00,1.50,,1500,false,3,false,cooldown,45522,3,false,200,25,5,true,-66,1459,12,3975974454,0.2,1500,1354,true,,0,,0,,,false,,
2026-08-02T10:43:10.708Z,0.13.3,false,true,16.44,false,false,false,false,false,none,1000,1476,1000,1500,1382,1000,0.1,358.8,1660,true,off,1.00,false,false,true,1524,294.2,305.1,121016,,38.876427,-77.046509,false,24.53,15,100,good,24.5,done,80,true,true,-31.57,-3.00,-18.00,21.66,false,MANUAL,true,2.00,1.50,,1500,false,3,false,cooldown,46555,3,false,200,25,0,true,-65,1459,12,3975974454,0.3,1500,1355,true,,0,,0,,,false,,
2026-08-02T10:43:11.691Z,0.13.3,false,true,16.44,false,false,false,false,false,none,1000,1476,1000,1500,1382,1000,0.1,358.8,1660,true,off,1.00,false,false,true,1524,293.0,303.8,121020,,38.876431,-77.046509,false,24.53,15,100,good,24.5,done,80,true,true,-31.57,-3.00,-18.00,19.64,false,MANUAL,true,2.00,1.50,,1500,false,3,false,cooldown,47537,3,false,200,25,5,true,-66,1459,12,3975974454,0.2,1500,1356,true,,0,,0,,,false,,
2026-08-02T10:43:12.708Z,0.13.3,false,true,16.44,false,false,false,false,false,none,1000,1476,1000,1500,1382,1000,0.1,358.8,1660,true,off,1.00,false,false,true,1524,288.4,299.2,121024,,38.876431,-77.046509,false,24.53,15,100,good,24.5,done,80,true,true,-31.57,-3.00,-18.00,22.69,false,MANUAL,true,2.00,1.50,,1500,false,3,false,cooldown,48538,3,false,200,25,5,true,-67,1459,12,3975974454,0.3,1500,1357,true,,0,,0,,,false,,
2026-08-02T10:43:13.708Z,0.13.3,false,true,16.44,false,false,false,false,false,none,1000,1476,1000,1500,1382,1000,0.1,358.8,1660,true,off,1.00,false,false,true,1524,286.5,297.4,121016,,38.876431,-77.046509,false,24.53,15,100,good,24.5,done,80,true,true,-31.57,-3.00,-18.00,24.81,false,MANUAL,true,2.00,1.50,,1500,false,3,false,cooldown,49568,3,false,200,25,2,true,-70,1459,12,3975974454,0.3,1500,1358,true,,0,,0,,,false,,
2026-08-02T10:43:14.708Z,0.13.3,false,true,16.44,false,false,false,false,false,none,1000,1476,1000,1500,1382,1000,0.1,358.8,1660,true,off,1.00,false,false,true,1524,285.9,296.7,121024,,38.876431,-77.046509,false,24.53,15,100,good,24.5,done,80,true,true,-31.57,-3.00,-18.00,24.58,false,MANUAL,true,2.00,1.50,,1500,false,3,false,cooldown,50554,3,false,200,25,3,true,-72,1459,12,3975974454,0.2,1500,1359,true,,0,,0,,,false,,
2026-08-02T10:43:15.742Z,0.13.3,false,true,16.44,false,false,false,false,false,none,1000,1476,1000,1500,1382,1000,0.1,358.8,1660,true,off,1.00,false,false,true,1524,284.7,295.5,121028,,38.876431,-77.046516,false,24.53,15,100,good,24.5,done,80,true,true,-31.57,-3.00,-18.00,21.57,false,MANUAL,true,2.00,1.50,,1500,false,3,false,cooldown,51586,3,false,200,25,3,true,-67,1459,12,3975974454,0.3,1500,1360,true,,0,,0,,,false,,
2026-08-02T10:43:16.725Z,0.13.3,false,true,16.44,false,false,false,false,false,none,1000,1476,1000,1500,1382,1000,0.1,343.6,1660,true,off,1.00,false,false,true,1524,282.0,292.9,121028,,38.876434,-77.046516,false,24.53,15,100,good,24.5,done,80,true,true,-31.57,-3.00,-18.00,20.93,false,MANUAL,true,2.00,1.50,,1500,false,3,false,cooldown,52574,3,false,200,25,5,true,-64,1459,12,3975974454,0.3,1500,1361,true,,0,,0,,,false,,
2026-08-02T10:43:17.759Z,0.13.3,false,true,16.44,false,false,false,false,false,none,1000,1476,1000,1500,1382,1000,0.1,336.9,1660,true,off,1.00,false,false,true,1524,278.3,289.2,121028,,38.876434,-77.046516,false,24.53,15,100,good,24.5,done,80,true,true,-31.57,-3.00,-18.00,19.16,false,MANUAL,true,2.00,1.50,,1500,false,3,false,cooldown,53607,3,false,200,25,7,true,-68,1459,12,3975974454,0.4,1500,1362,true,,0,,0,,,false,,
2026-08-02T10:43:18.742Z,0.13.3,false,true,16.44,false,false,false,false,false,none,1000,1476,1000,1500,1382,1000,0.1,336.9,1660,true,off,1.00,false,false,true,1524,279.5,290.3,121028,,38.876434,-77.046516,false,24.53,15,100,good,24.5,done,80,true,true,-31.57,-3.00,-18.00,21.42,false,MANUAL,true,2.00,1.50,,1500,false,3,false,cooldown,54594,3,false,200,25,1,true,-76,1459,12,3975974454,0.2,1500,1363,true,,0,,0,,,false,,
2026-08-02T10:43:19.759Z,0.13.3,false,true,16.44,false,false,false,false,false,none,1000,1476,1000,1500,1382,1000,0.1,336.9,1660,true,off,1.00,false,false,true,1524,278.6,289.4,121040,,38.876438,-77.046516,false,24.53,15,100,good,24.5,done,80,true,true,-31.57,-3.00,-18.00,26.65,false,MANUAL,true,2.00,1.50,,1500,false,3,false,cooldown,55606,3,false,200,25,3,true,-74,1459,12,3975974454,0.2,1500,1364,true,,0,,0,,,false,,
2026-08-02T10:43:20.793Z,0.13.3,false,true,16.44,false,false,false,false,false,none,1000,1476,1000,1500,1382,1000,0.1,336.9,1660,true,off,1.00,false,false,true,1524,275.3,286.2,121028,,38.876438,-77.046516,false,24.53,15,100,good,24.5,done,80,true,true,-31.57,-3.00,-18.00,24.38,false,MANUAL,true,2.00,1.50,,1500,false,3,false,cooldown,56611,3,false,200,25,8,true,-72,1459,12,3975974454,0.3,1500,1365,true,,0,,0,,,false,,
2026-08-02T10:43:21.793Z,0.13.3,false,true,16.44,false,false,false,false,false,none,1000,1476,1000,1500,1382,1000,0.1,336.8,1660,true,off,1.00,false,false,true,1524,274.4,285.2,121040,,38.876438,-77.046516,false,24.53,15,100,good,24.5,done,80,true,true,-31.57,-3.00,-18.00,17.13,false,MANUAL,true,2.00,1.50,,1500,false,3,false,cooldown,57646,3,false,200,25,4,true,-75,1459,12,3975974454,0.3,1500,1366,true,,0,,0,,,false,,
2026-08-02T10:43:22.793Z,0.13.3,false,true,16.44,false,false,false,false,false,none,1000,1476,1000,1500,1382,1000,0.1,336.8,1660,true,off,1.00,false,false,true,1524,273.9,284.7,121032,,38.876438,-77.046516,false,24.53,15,100,good,24.5,done,80,true,true,-31.57,-3.00,-18.00,22.38,false,MANUAL,true,2.00,1.50,,1500,false,3,false,cooldown,58636,3,false,200,25,1,true,-68,1459,12,3975974454,0.3,1500,1367,true,,0,,0,,,false,,
2026-08-02T10:43:23.843Z,0.13.3,false,true,16.44,false,false,false,false,false,none,1000,1476,1000,1500,1382,1000,0.1,336.8,1660,true,off,1.00,false,false,true,1524,271.8,282.6,121024,,38.876438,-77.046524,false,24.53,15,100,good,24.5,done,80,true,true,-31.57,-3.00,-18.00,28.72,false,MANUAL,true,2.00,1.50,,1500,false,3,false,cooldown,59640,3,false,200,25,4,true,-70,1459,12,3975974454,0.3,1500,1368,true,,0,,0,,,false,,
2026-08-02T10:43:24.793Z,0.13.3,false,true,16.44,false,false,false,false,false,none,1000,1476,1000,1500,1382,1000,0.1,337.7,1660,true,off,1.00,false,false,true,1524,271.9,282.7,121032,,38.876442,-77.046524,false,24.53,15,100,good,24.5,done,80,true,true,-31.57,-3.00,-18.00,23.00,false,MANUAL,true,2.00,1.50,,1500,false,,false,off,,3,false,200,25,2,true,-68,1459,12,3975974454,0.3,1500,1369,true,,0,,0,,,false,,
2026-08-02T10:43:25.793Z,0.13.3,false,true,16.44,false,false,false,false,false,none,1000,1476,1000,1500,1382,1000,0.1,335.4,1660,true,off,1.00,false,false,true,1524,276.2,287.1,121032,,38.876442,-77.046524,false,24.53,15,100,good,24.5,done,80,true,true,-31.57,-3.00,-18.00,18.16,false,MANUAL,true,2.00,1.50,,1500,false,,false,off,,3,false,200,25,2,true,-64,1459,12,3975974454,0.3,1500,1370,true,,0,,0,,,false,,
2026-08-02T10:43:26.827Z,0.13.3,false,true,16.44,false,false,false,false,false,none,1000,1476,1000,1500,1382,1000,0.1,335.4,1660,true,off,1.00,false,false,true,1524,276.3,287.2,121020,,38.876442,-77.046524,false,24.53,15,100,good,24.5,done,80,true,true,-31.57,-3.00,-18.00,24.44,false,MANUAL,true,2.00,1.50,,1500,false,,false,off,,3,false,200,25,6,true,-72,1459,12,3975974454,0.3,1500,1371,true,,0,,0,,,false,,
2026-08-02T10:43:27.844Z,0.13.3,false,true,16.44,false,false,false,false,false,none,1000,1476,1000,1500,1382,1000,0.1,335.4,1660,true,off,1.00,false,false,true,1524,273.4,284.3,121020,,38.876442,-77.046524,false,24.53,15,100,good,24.5,done,80,true,true,-31.57,-3.00,-18.00,25.89,false,MANUAL,true,2.00,1.50,,1500,false,,false,off,,3,false,200,25,6,true,-82,1459,12,3975974454,0.2,1500,1372,true,,0,,0,,,false,,
2026-08-02T10:43:28.844Z,0.13.3,false,true,16.44,false,false,false,false,false,none,1000,1476,1000,1500,1382,1000,0.1,335.4,1660,true,off,1.00,false,false,true,1524,272.9,283.8,121028,,38.876442,-77.046524,false,24.53,15,100,good,24.5,done,80,true,true,-31.57,-3.00,-18.00,22.41,false,MANUAL,true,2.00,1.50,,1500,false,,false,off,,3,false,200,25,0,true,-76,1459,12,3975974454,0.1,1500,1373,true,,0,,0,,,false,,
2026-08-02T10:43:29.827Z,0.13.3,false,true,16.44,false,false,false,false,false,none,1000,1476,1000,1500,1382,1000,0.1,335.4,1660,true,off,1.00,false,false,true,1524,268.4,279.2,121036,,38.876442,-77.046524,false,24.53,15,100,good,24.5,done,80,true,true,-31.57,-3.00,-18.00,20.24,false,MANUAL,true,2.00,1.50,,1500,false,,false,off,,3,false,200,25,8,true,-68,1459,12,3975974454,0.3,1500,1374,true,,0,,0,,,false,,
2026-08-02T10:43:30.844Z,0.13.3,false,true,16.44,false,false,false,false,false,none,1000,1476,1000,1500,1382,1000,0.1,335.4,1660,true,off,1.00,false,false,true,1524,267.2,278.0,121036,,38.876446,-77.046524,false,24.53,15,100,good,24.5,done,80,true,true,-31.57,-3.00,-18.00,21.36,false,MANUAL,true,2.00,1.50,,1500,false,,false,off,,3,false,200,25,1,true,-65,1459,12,3975974454,0.3,1500,1375,true,,0,,0,,,false,,
2026-08-02T10:43:31.844Z,0.13.3,false,true,16.44,false,false,false,false,false,none,1000,1476,1000,1500,1382,1000,0.1,335.4,1660,true,off,1.00,false,false,true,1524,267.4,278.3,121028,,38.876446,-77.046532,false,24.53,15,100,good,24.5,done,80,true,true,-31.57,-3.00,-18.00,22.84,false,MANUAL,true,2.00,1.50,,1500,false,,false,off,,3,false,200,25,3,true,-67,1459,12,3975974454,0.2,1500,1376,true,,0,,0,,,false,,
2026-08-02T10:43:32.861Z,0.13.3,false,true,16.44,false,false,false,false,false,none,1000,1476,1000,1500,1382,1000,0.1,335.4,1660,true,off,1.00,false,false,true,1524,266.5,277.4,121028,,38.876446,-77.046532,false,24.53,15,100,good,24.5,done,80,true,true,-31.57,-3.00,-18.00,21.54,false,MANUAL,true,2.00,1.50,,1500,false,,false,off,,3,false,200,25,1,true,-80,1459,12,3975974454,0.2,1500,1377,true,,0,,0,,,false,,
2026-08-02T10:43:33.861Z,0.13.3,false,true,16.44,false,false,false,false,false,none,1000,1476,1000,1500,1382,1000,0.1,335.4,1660,true,off,1.00,false,false,true,1524,264.6,275.5,121028,,38.876446,-77.046532,false,24.53,15,100,good,24.5,done,80,true,true,-31.57,-3.00,-18.00,22.17,false,MANUAL,true,2.00,1.50,,1500,false,,false,off,,3,false,200,25,1,true,-67,1459,12,3975974454,0.2,1500,1378,true,,0,,0,,,false,,
2026-08-02T10:43:34.895Z,0.13.3,false,true,16.44,false,false,false,false,false,none,1000,1476,1000,1500,1382,1000,0.1,335.4,1660,true,off,1.00,false,false,true,1524,262.3,273.2,121028,,38.876446,-77.046532,false,24.53,15,100,good,24.5,done,80,true,true,-31.57,-3.00,-18.00,26.13,false,MANUAL,true,2.00,1.50,,1500,false,,false,off,,3,false,200,25,1,true,-77,1459,12,3975974454,0.2,1500,1379,true,,0,,0,,,false,,
2026-08-02T10:43:35.862Z,0.13.3,false,true,16.44,false,false,false,false,false,none,1000,1476,1000,1500,1382,1000,0.1,335.4,1660,true,off,1.00,false,false,true,1524,261.7,272.6,121040,,38.876450,-77.046532,false,24.53,15,100,good,24.5,done,80,true,true,-31.57,-3.00,-18.00,17.18,false,MANUAL,true,2.00,1.50,,1500,false,,false,off,,3,false,200,25,6,true,-66,1459,12,3975974454,0.2,1500,1380,true,,0,,0,,,false,,
2026-08-02T10:43:36.862Z,0.13.3,false,true,16.44,false,false,false,false,false,none,1000,1476,1000,1500,1382,1000,0.1,335.4,1660,true,off,1.00,false,false,true,1524,260.7,271.6,121040,,38.876450,-77.046532,false,24.53,15,100,good,24.5,done,80,true,true,-31.57,-3.00,-18.00,19.89,false,MANUAL,true,2.00,1.50,,1500,false,,false,off,,3,false,200,25,3,true,-65,1459,12,3975974454,0.2,1500,1381,true,,0,,0,,,false,,
2026-08-02T10:43:37.879Z,0.13.3,false,true,16.44,false,false,false,false,false,none,1000,1476,1000,1500,1382,1000,0.1,335.4,1660,true,off,1.00,false,false,true,1524,259.4,270.3,121028,,38.876450,-77.046539,false,24.53,15,100,good,24.5,done,80,true,true,-31.57,-3.00,-18.00,24.62,false,MANUAL,true,2.00,1.50,,1500,false,,false,off,,3,false,200,25,3,true,-65,1459,12,3975974454,0.2,1500,1382,true,,0,,0,,,false,,
2026-08-02T10:43:38.879Z,0.13.3,false,true,16.43,false,false,false,false,false,none,1000,1476,1000,1500,1382,1000,0.1,335.4,1660,true,off,1.00,false,false,true,1524,262.3,272.9,121036,,38.876450,-77.046539,false,24.53,15,100,good,24.5,done,80,true,true,-31.57,-3.00,-18.00,25.83,true,MANUAL,true,2.00,1.50,,1500,false,,false,off,,3,false,200,25,7,true,-69,1459,12,3975974454,0.1,1500,1383,true,336.2,4,31.1,0,38.876705,-77.046684,true,,
2026-08-02T10:43:39.879Z,0.13.3,false,true,16.44,false,false,false,false,false,none,1000,1476,1000,1500,1382,1000,0.1,335.4,1660,true,off,1.00,false,false,true,1524,260.1,271.0,121028,,38.876450,-77.046539,false,24.53,15,100,good,24.5,done,80,true,true,-31.57,-3.00,-18.00,28.33,true,MANUAL,true,2.00,1.50,,1500,false,,false,off,,3,false,200,25,6,true,-69,1459,12,3975974454,0.2,1500,1384,true,336.2,4,31.1,0,38.876705,-77.046684,true,,
2026-08-02T10:43:40.879Z,0.13.3,false,true,16.44,false,false,false,false,false,none,1000,1476,1000,1500,1382,1000,0.1,335.4,1660,true,off,1.00,false,false,true,1524,255.4,266.2,121028,,38.876450,-77.046539,false,24.53,15,100,good,24.5,done,80,true,true,-31.57,-3.00,-18.00,24.04,true,MANUAL,true,2.00,1.50,,1500,false,,false,off,,3,false,200,25,6,true,-67,1459,12,3975974454,0.2,1500,1385,true,336.2,4,31.1,0,38.876705,-77.046684,true,,
2026-08-02T10:43:41.896Z,0.13.3,false,true,16.43,false,false,false,false,false,none,1000,1476,1000,1500,1382,1000,0.1,334.8,1660,true,off,1.00,false,false,true,1524,258.1,269.0,121024,,38.876453,-77.046539,false,24.53,15,100,good,24.5,done,80,true,true,-31.57,-3.00,-18.00,20.60,true,MANUAL,true,2.00,1.50,,1500,false,,false,off,,3,false,200,25,1,true,-70,1459,12,3975974454,0.4,1500,1386,true,335.9,4,30.7,0,38.876705,-77.046684,true,,
2026-08-02T10:43:42.896Z,0.13.3,false,true,16.44,false,false,false,false,false,none,1000,1476,1000,1500,1382,1000,0.1,334.8,1660,true,off,1.00,false,false,true,1524,259.1,270.0,121028,,38.876453,-77.046539,false,24.53,15,100,good,24.5,done,80,true,true,-31.57,-3.00,-18.00,21.12,true,MANUAL,true,2.00,1.50,,1500,false,,false,off,,3,false,200,25,5,true,-69,1459,12,3975974454,0.4,1500,1387,true,335.9,4,30.7,0,38.876705,-77.046684,true,,
2026-08-02T10:43:43.896Z,0.13.3,false,true,16.44,false,false,false,false,false,none,1000,1476,1000,1500,1382,1000,0.1,334.8,1660,true,off,1.00,false,false,true,1524,257.2,268.0,121044,,38.876453,-77.046539,false,24.53,15,100,good,24.5,done,80,true,true,-31.57,-3.00,-18.00,24.41,true,MANUAL,true,2.00,1.50,,1500,false,,false,off,,3,false,200,25,1,true,-69,1459,12,3975974454,0.1,1500,1388,true,335.9,4,30.7,0,38.876705,-77.046684,true,,
2026-08-02T10:43:44.913Z,0.13.3,false,true,16.27,false,false,false,false,false,none,1000,1476,2000,1500,1382,1000,0.1,334.8,1660,true,off,1.00,false,false,true,1524,253.8,264.7,121040,,38.876453,-77.046539,false,24.53,15,100,good,24.5,done,80,true,true,-31.57,-3.00,-18.00,26.89,true,AUTO,true,2.00,1.50,,1740,false,,false,off,,3,false,200,25,6,true,-69,1497,12,3975974454,0.1,1580,1389,true,335.9,4,30.7,0,38.876705,-77.046684,true,38.876453,-77.046539
2026-08-02T10:43:45.980Z,0.13.3,false,true,16.24,false,false,false,false,false,none,1000,1476,2000,1500,1382,1000,0.1,310.9,1660,true,off,1.00,false,false,true,1524,249.2,260.1,121048,,38.876453,-77.046547,false,24.53,15,100,good,24.5,done,80,true,true,-31.57,-3.00,-18.00,26.81,true,AUTO,true,2.00,1.50,,1740,false,,false,off,,3,false,200,25,8,true,-72,1587,12,3975974454,0.6,1580,1390,true,337.1,4,30.4,0,38.876705,-77.046684,true,38.876453,-77.046539
2026-08-02T10:43:46.913Z,0.13.3,false,true,16.27,false,false,false,false,false,none,1000,1476,2000,1500,1382,1000,1.7,278.0,1660,true,off,1.00,false,false,true,1524,257.6,266.9,121048,,38.876453,-77.046555,false,24.53,15,100,good,24.5,done,80,true,true,-31.57,-3.00,-18.00,21.32,true,AUTO,true,2.00,1.50,,1740,false,,false,off,,3,false,200,25,7,true,-81,1590,12,3975974454,1.5,1580,1391,true,338.2,4,30.2,0,38.876705,-77.046684,true,38.876453,-77.046539
2026-08-02T10:43:49.214Z,0.13.3,false,true,16.32,false,false,false,false,false,none,1000,1476,2000,1500,1382,1000,1.7,318.9,1660,true,off,1.00,false,false,true,1524,325.4,334.8,121048,,38.876469,-77.046577,false,24.53,15,100,good,24.5,done,80,true,true,-31.57,-3.00,-18.00,24.59,true,AUTO,true,2.00,1.50,,1605,false,,false,off,,3,false,200,25,5,true,-87,1481,12,3975974454,1.3,1715,1394,true,340.6,4,27.9,0,38.876705,-77.046684,true,38.876453,-77.046539
2026-08-02T10:43:50.364Z,0.13.3,false,true,16.38,false,false,false,false,false,none,1000,1476,2000,1500,1382,1000,1.7,335.0,1660,true,off,1.00,false,false,true,1524,346.4,355.7,121028,,38.876472,-77.046577,false,24.53,15,100,good,24.5,done,80,true,true,-31.57,-3.00,-18.00,23.66,true,AUTO,true,2.00,1.50,,1631,false,,false,off,,3,false,200,25,5,true,-83,1488,12,3975974454,1.5,1689,1395,true,340.2,4,27.5,0,38.876705,-77.046684,true,38.876453,-77.046539
2026-08-02T10:43:51.314Z,0.13.3,false,true,16.42,false,false,false,false,false,none,1000,1476,2000,1500,1382,1000,1.1,347.5,1660,true,off,1.00,false,false,true,1524,355.4,5.3,121040,,38.876480,-77.046577,false,24.53,15,100,good,24.5,done,80,true,true,-31.57,-3.00,-18.00,24.10,true,AUTO,true,2.00,1.50,,1630,false,,false,off,,3,false,200,25,7,true,-74,1463,12,3975974454,1.6,1690,1396,true,339.9,4,26.7,0,38.876705,-77.046684,true,38.876453,-77.046539
2026-08-02T10:43:52.314Z,0.13.3,false,true,16.37,false,false,false,false,false,none,1000,1476,2000,1500,1382,1000,1.1,354.6,1660,true,off,1.00,false,false,true,1524,5.4,15.3,121028,,38.876492,-77.046577,false,24.53,15,100,good,24.5,done,80,true,true,-31.57,-3.00,-18.00,21.22,true,AUTO,true,2.00,1.50,,1707,false,,false,off,,3,false,200,25,4,true,-87,1446,12,3975974454,2.0,1613,1397,true,338.7,4,25.5,0,38.876705,-77.046684,true,38.876453,-77.046539
2026-08-02T10:43:53.348Z,0.13.3,false,true,16.40,false,false,false,false,false,none,1000,1476,2000,1500,1382,1000,1.1,359.8,1660,true,off,1.00,false,false,true,1524,7.1,17.0,121040,,38.876499,-77.046577,false,24.53,15,100,good,24.5,done,80,true,true,-31.57,-3.00,-18.00,24.10,true,AUTO,true,2.00,1.50,,1597,false,,false,off,,3,false,200,25,4,true,-82,1455,12,3975974454,1.8,1723,1398,true,338.2,4,24.7,0,38.876705,-77.046684,true,38.876453,-77.046539
2026-08-02T10:43:54.314Z,0.13.3,false,true,16.40,false,false,false,false,false,none,1000,1476,2000,1500,1382,1000,1.1,359.9,1660,true,off,1.00,false,false,true,1524,4.6,14.5,121028,,38.876507,-77.046577,false,24.53,15,100,good,24.5,done,80,true,true,-31.57,-3.00,-18.00,23.22,true,AUTO,true,2.00,1.50,,1610,false,,false,off,,3,false,200,25,1,true,-78,1467,12,3975974454,2.0,1710,1399,true,337.4,4,23.9,0,38.876705,-77.046684,true,38.876453,-77.046539
2026-08-02T10:43:55.431Z,0.13.3,false,true,16.23,false,false,false,false,false,none,1000,1476,2000,1500,1382,1000,0.9,3.0,1660,true,off,1.00,false,false,true,1524,5.7,15.9,121032,,38.876514,-77.046577,false,24.53,15,100,good,24.5,done,80,true,true,-31.57,-3.00,-18.00,25.01,true,AUTO,true,2.00,1.50,,1584,false,,false,off,,3,false,200,25,3,true,-82,1450,12,3975974454,1.9,1736,1400,true,336.5,4,23.1,0,38.876705,-77.046684,true,38.876453,-77.046539
2026-08-02T10:43:56.382Z,0.13.3,false,true,16.35,false,false,false,false,false,none,1000,1476,2000,1500,1382,1000,0.9,4.8,1660,true,off,1.00,false,false,true,1524,3.3,13.5,121032,,38.876526,-77.046570,false,24.53,15,100,good,24.5,done,80,true,true,-31.57,-3.00,-18.00,22.11,true,AUTO,true,2.00,1.50,,1616,false,,false,off,,3,false,200,25,4,true,-82,1460,12,3975974454,2.2,1704,1401,true,334.0,4,22.3,0,38.876705,-77.046684,true,38.876453,-77.046539
2026-08-02T10:43:57.348Z,0.13.3,false,true,16.37,false,false,false,false,false,none,1000,1476,2000,1500,1382,1000,0.9,7.2,1660,true,off,1.00,false,false,true,1524,3.9,14.0,121044,,38.876534,-77.046570,false,24.53,15,100,good,24.5,done,80,true,true,-31.57,-3.00,-18.00,21.35,true,AUTO,true,2.00,1.50,,1580,false,,false,off,,3,false,200,25,3,true,-86,1450,12,3975974454,2.0,1740,1402,true,332.2,4,21.5,0,38.876705,-77.046684,true,38.876453,-77.046539
2026-08-02T10:43:58.398Z,0.13.3,false,true,16.41,false,false,false,false,false,none,1000,1476,2000,1500,1382,1000,1.1,4.3,1660,true,off,1.00,false,false,true,1524,5.0,14.9,121024,,38.876545,-77.046570,false,24.53,15,100,good,24.5,done,80,true,true,-31.57,-3.00,-18.00,22.18,true,AUTO,true,2.00,1.50,,1623,false,,false,off,,3,false,200,25,7,true,-75,1467,12,3975974454,2.2,1697,1403,true,331.0,4,20.4,0,38.876705,-77.046684,true,38.876453,-77.046539
2026-08-02T10:43:59.365Z,0.13.3,false,true,16.39,false,false,false,false,false,none,1000,1476,2000,1500,1382,1000,1.2,4.8,1660,true,off,1.00,false,false,true,1524,3.2,13.0,121040,,38.876553,-77.046570,false,24.53,15,100,good,24.5,done,80,true,true,-31.57,-3.00,-18.00,23.42,true,AUTO,true,2.00,1.50,,1625,false,,false,off,,3,false,200,25,5,true,-77,1436,12,3975974454,1.9,1695,1404,true,329.6,4,19.6,0,38.876705,-77.046684,true,38.876453,-77.046539
2026-08-02T10:44:00.398Z,0.13.3,false,true,16.33,false,false,false,false,false,none,1000,1476,2000,1500,1382,1000,1.4,4.7,1660,true,off,1.00,false,false,true,1524,360.0,9.6,121040,,38.876564,-77.046570,false,24.53,15,100,good,24.5,done,80,true,true,-31.57,-3.00,-18.00,23.41,true,AUTO,true,2.00,1.50,,1623,false,,false,off,,3,false,200,25,1,true,-87,1459,12,3975974454,2.2,1697,1405,true,328.2,4,18.6,0,38.876705,-77.046684,true,38.876453,-77.046539
2026-08-02T10:44:01.382Z,0.13.3,false,true,16.24,false,false,false,false,false,none,1000,1476,2000,1500,1382,1000,1.6,3.4,1660,true,off,1.00,false,false,true,1524,0.4,9.8,121040,,38.876572,-77.046562,false,24.53,15,100,good,24.5,done,80,true,true,-31.57,-3.00,-18.00,22.82,true,AUTO,true,2.00,1.50,,1599,false,,false,off,,3,false,200,25,2,true,-79,1445,12,3975974454,2.0,1721,1406,true,324.5,4,18.2,0,38.876705,-77.046684,true,38.876453,-77.046539
2026-08-02T10:44:02.382Z,0.13.3,false,true,16.37,false,false,false,false,false,none,1000,1476,2000,1500,1382,1000,1.6,359.3,1660,true,off,1.00,false,false,true,1524,357.8,7.2,121032,,38.876583,-77.046562,false,24.53,15,100,good,24.5,done,80,true,true,-31.57,-3.00,-18.00,22.40,true,AUTO,true,2.00,1.50,,1642,false,,false,off,,3,false,200,25,2,true,-83,1455,12,3975974454,2.2,1678,1407,true,321.9,4,17.2,0,38.876705,-77.046684,true,38.876453,-77.046539
2026-08-02T10:44:03.399Z,0.13.3,false,true,16.34,false,false,false,false,false,none,1000,1476,2000,1500,1382,1000,1.8,357.2,1660,true,off,1.00,false,false,true,1524,354.4,3.6,121028,,38.876591,-77.046570,false,24.53,15,100,good,24.5,done,80,true,true,-31.57,-3.00,-18.00,22.96,true,AUTO,true,2.00,1.50,,1604,false,,false,off,,3,false,200,25,11,true,-88,1451,12,3975974454,2.0,1716,1408,true,322.9,4,16.1,0,38.876705,-77.046684,true,38.876453,-77.046539
2026-08-02T10:44:04.416Z,0.13.3,false,true,16.38,false,false,false,false,false,none,1000,1476,2000,1500,1382,1000,1.7,349.3,1660,true,off,1.00,false,false,true,1524,350.9,0.2,121028,,38.876598,-77.046570,false,24.53,15,100,good,24.5,done,80,true,true,-31.57,-3.00,-18.00,22.64,true,AUTO,true,2.00,1.50,,1604,false,,false,off,,3,false,200,25,6,true,-85,1454,12,3975974454,2.0,1716,1409,true,319.5,4,15.5,0,38.876705,-77.046684,true,38.876453,-77.046539
2026-08-02T10:44:05.399Z,0.13.3,false,true,16.40,false,false,false,false,false,none,1000,1476,2000,1500,1382,1000,1.7,349.5,1660,true,off,1.00,false,false,true,1524,349.7,359.0,121028,,38.876610,-77.046570,false,24.53,15,100,good,24.5,done,80,true,true,-31.57,-3.00,-18.00,22.07,true,AUTO,true,2.00,1.50,,1587,false,,false,off,,3,false,200,25,4,true,-79,1440,12,3975974454,2.0,1733,1410,true,317.0,4,14.5,0,38.876705,-77.046684,true,38.876453,-77.046539
2026-08-02T10:44:06.433Z,0.13.3,false,true,16.41,false,false,false,false,false,none,1000,1476,2000,1500,1382,1000,2.0,350.9,1660,true,off,1.00,false,false,true,1524,345.4,354.3,121028,,38.876617,-77.046570,false,24.53,15,100,good,24.5,done,80,true,true,-31.57,-3.00,-18.00,23.67,true,AUTO,true,2.00,1.50,,1613,false,,false,off,,3,false,200,25,3,true,-78,1460,12,3975974454,2.1,1707,1411,true,314.9,4,13.9,0,38.876705,-77.046684,true,38.876453,-77.046539
2026-08-02T10:44:07.450Z,0.13.3,false,true,16.39,false,false,false,false,false,none,1000,1476,2000,1500,1382,1000,2.2,347.5,1660,true,off,1.00,false,false,true,1524,344.0,352.8,121028,,38.876629,-77.046577,false,24.53,15,100,good,24.5,done,80,true,true,-31.57,-3.00,-18.00,24.38,true,AUTO,true,2.00,1.50,,1596,false,,false,off,,3,false,200,25,4,true,-83,1469,12,3975974454,2.2,1724,1412,true,313.4,4,12.5,0,38.876705,-77.046684,true,38.876453,-77.046539
2026-08-02T10:44:08.450Z,0.13.3,false,true,16.37,false,false,false,false,false,none,1000,1476,2000,1500,1382,1000,2.2,345.5,1660,true,off,1.00,false,false,true,1524,345.5,354.3,121028,,38.876637,-77.046577,false,24.53,15,100,good,24.5,done,80,true,true,-31.57,-3.00,-18.00,25.03,true,AUTO,true,2.00,1.50,,1630,false,,false,off,,3,false,200,25,6,true,-82,1461,12,3975974454,2.2,1690,1413,true,309.4,4,12.0,0,38.876705,-77.046684,true,38.876453,-77.046539
2026-08-02T10:44:09.467Z,0.13.3,false,true,16.35,false,false,false,false,false,none,1000,1476,2000,1500,1382,1000,2.2,339.7,1660,true,off,1.00,false,false,true,1524,341.5,350.3,121028,,38.876644,-77.046585,false,24.53,15,100,good,24.5,done,80,true,true,-31.57,-3.00,-18.00,25.63,true,AUTO,true,2.00,1.50,,1643,false,,false,off,,3,false,200,25,8,true,-80,1458,12,3975974454,1.9,1677,1414,true,307.7,4,10.9,0,38.876705,-77.046684,true,38.876453,-77.046539
2026-08-02T10:44:10.450Z,0.13.3,false,true,16.37,false,false,false,false,false,none,1000,1476,2000,1500,1382,1000,2.2,336.0,1660,true,off,1.00,false,false,true,1524,343.0,351.8,120824,,38.876656,-77.046585,false,24.53,15,100,good,24.5,done,80,true,true,-31.57,-3.00,-18.00,20.46,true,AUTO,true,2.00,1.50,,1580,false,,false,off,,3,false,200,25,6,true,-85,1433,12,3975974454,2.2,1740,1415,true,303.6,4,10.2,0,38.876705,-77.046684,true,38.876453,-77.046539
2026-08-02T10:44:11.467Z,0.13.3,true,true,16.37,false,false,false,false,false,none,1000,1476,2000,1500,1382,1000,2.2,336.0,1660,true,off,1.00,false,false,true,1524,335.9,344.7,121020,,38.876663,-77.046593,false,24.53,15,100,good,24.5,done,80,true,true,-31.57,-3.00,-18.00,23.99,true,AUTO,true,2.00,1.50,,1609,false,,false,off,,3,false,200,25,2,true,-79,1455,12,3975974454,2.0,1711,1416,true,302.9,4,9.2,0,38.876705,-77.046684,true,38.876453,-77.046539
2026-08-02T10:44:12.517Z,0.13.3,true,true,16.37,false,false,false,false,false,none,1000,1476,2000,1500,1382,1000,1.9,333.8,1660,true,off,1.00,false,false,true,1524,338.6,347.6,121020,,38.876675,-77.046600,false,24.53,15,100,good,24.5,done,80,true,true,-31.57,-3.00,-18.00,22.29,true,AUTO,true,2.00,1.50,,1604,false,,false,off,,3,false,200,25,5,true,-87,1450,12,3975974454,2.3,1716,1417,true,296.4,4,8.0,0,38.876705,-77.046684,true,38.876453,-77.046539
2026-08-02T10:44:13.801Z,0.13.3,,,16.34,,,,,false,,,,,,,,,332.0,,,,,false,,true,,333.5,,,,38.876682,-77.046608,,,,,,,,,,,,,,,,AUTO,,,,,1638,false,,,,,,,,,,,-91,1465,12,,2.3,,1418,true,,4,7.1,0,38.876705,-77.046684,true,,
2026-08-02T10:44:14.801Z,0.13.3,,,16.40,,,,,false,,,,,,,,,327.2,,,,,false,,true,,325.5,,,,38.876690,-77.046616,,,,,,,,,,,,,,,,AUTO,,,,,1649,false,,,,,,,,,,,-85,1483,12,,1.8,,1419,true,,4,6.2,0,38.876705,-77.046684,true,,
2026-08-02T10:44:15.802Z,0.13.3,,,16.37,,,,,false,,,,,,,,,325.6,,,,,false,,true,,323.5,,,,38.876697,-77.046623,,,,,,,,,,,,,,,,AUTO,,,,,1616,false,,,,,,,,,,,-83,1467,12,,2.1,,1420,true,,4,5.4,0,38.876705,-77.046684,true,,
2026-08-02T10:44:16.518Z,0.13.3,true,true,16.38,false,false,false,false,false,none,1000,1476,2000,1500,1382,1000,1.9,325.9,1660,true,off,1.00,false,false,true,1524,328.3,337.4,121040,,38.876705,-77.046623,false,24.53,15,100,good,24.5,done,80,true,true,-31.57,-3.00,-18.00,23.46,true,AUTO,true,2.00,1.50,t1 n0,1624,false,,false,off,,3,false,200,25,1,true,-90,1456,12,3975974454,1.8,1696,1421,true,270.0,4,5.3,0,38.876705,-77.046684,true,38.876453,-77.046539
2026-08-02T10:44:17.584Z,0.13.3,false,true,16.25,false,false,false,false,false,none,1000,1476,2000,1500,1382,1000,1.9,328.6,1660,true,off,1.00,false,false,true,1524,328.6,337.6,121032,,38.876713,-77.046631,false,24.53,15,100,good,24.5,done,80,true,true,-31.57,-3.00,-18.00,22.77,true,AUTO,true,2.00,1.50,,1740,false,,false,off,,3,false,200,25,4,true,-84,1498,12,3975974454,2.0,1580,1422,true,128.6,4,34.7,1,38.876518,-77.046318,true,38.876713,-77.046631
2026-08-02T10:44:18.535Z,0.13.3,false,true,16.38,false,false,false,false,false,none,1000,1476,2000,1500,1382,1000,1.9,330.7,1660,true,off,1.00,false,false,true,1524,332.1,341.2,121044,,38.876720,-77.046638,false,24.53,15,100,good,24.5,done,80,true,true,-31.57,-3.00,-18.00,23.00,true,AUTO,true,2.00,1.50,,1740,false,,false,off,,3,false,200,25,5,true,-81,1580,12,3975974454,2.2,1580,1423,true,128.9,4,35.7,1,38.876518,-77.046318,true,38.876713,-77.046631
2026-08-02T10:44:19.552Z,0.13.3,false,true,16.22,false,false,false,false,false,none,1000,1476,2000,1500,1382,1000,1.9,343.0,1660,true,off,1.00,false,false,true,1524,338.4,348.1,121020,,38.876732,-77.046638,false,24.53,15,100,good,24.5,done,80,true,true,-31.57,-3.00,-18.00,27.44,true,AUTO,true,2.00,1.50,,1740,false,,false,off,,3,false,200,25,6,true,-85,1658,12,3975974454,2.0,1580,1424,true,130.6,4,36.5,1,38.876518,-77.046318,true,38.876713,-77.046631
2026-08-02T10:44:20.535Z,0.13.3,false,true,16.37,false,false,false,false,false,none,1000,1476,2000,1500,1382,1000,1.3,351.0,1660,true,off,1.00,false,false,true,1524,1.8,11.5,121008,,38.876740,-77.046638,false,24.53,15,100,good,24.5,done,80,true,true,-31.57,-3.00,-18.00,18.80,true,AUTO,true,2.00,1.50,,1740,false,,false,off,,3,false,200,25,7,true,-87,1667,12,3975974454,1.7,1580,1425,true,131.4,4,37.1,1,38.876518,-77.046318,true,38.876713,-77.046631
2026-08-02T10:44:21.585Z,0.13.3,false,true,16.22,false,false,false,false,false,none,1000,1476,2000,1500,1382,1000,1.3,5.8,1660,true,off,1.00,false,false,true,1524,32.9,42.6,121020,,38.876743,-77.046638,false,24.53,15,100,good,24.5,done,80,true,true,-31.57,-3.00,-18.00,26.43,true,AUTO,true,2.00,1.50,,1740,true,1,false,on,196,3,false,200,25,2,true,-84,1609,12,3975974454,1.2,1580,1426,true,131.7,4,37.4,1,38.876518,-77.046318,true,38.876713,-77.046631
2026-08-02T10:44:22.619Z,0.13.3,false,true,16.38,false,false,false,false,false,none,1000,1476,2000,1500,1382,1000,1.3,43.5,1660,true,off,1.00,false,false,true,1524,58.8,68.4,121032,,38.876747,-77.046631,false,24.53,15,100,good,24.5,done,80,true,true,-31.57,-3.00,-18.00,26.22,true,AUTO,true,2.00,1.50,,1740,true,1,false,on,1214,3,false,200,25,4,true,-81,1582,12,3975974454,1.0,1580,1427,true,133.2,4,37.2,1,38.876518,-77.046318,true,38.876713,-77.046631
2026-08-02T10:44:23.702Z,0.13.3,false,true,16.37,false,false,false,false,false,none,1000,1476,2000,1500,1382,1000,1.3,77.2,1660,true,off,1.00,false,false,true,1524,89.3,98.9,121024,,38.876743,-77.046623,false,24.53,15,100,good,24.5,done,80,true,true,-31.57,-3.00,-18.00,23.13,true,AUTO,true,2.00,1.50,,1652,true,1,false,on,2236,3,false,200,25,0,true,-88,1516,12,3975974454,1.1,1668,1428,true,133.1,4,36.4,1,38.876518,-77.046318,true,38.876713,-77.046631
2026-08-02T10:44:24.586Z,0.13.3,false,true,16.38,false,false,false,false,false,none,1000,1476,2000,1500,1382,1000,1.3,97.0,1660,true,off,1.00,false,false,true,1524,117.8,127.4,121016,,38.876740,-77.046616,false,24.53,15,100,good,24.5,done,80,true,true,-31.57,-3.00,-18.00,23.58,true,AUTO,true,2.00,1.50,,1627,true,1,false,on,3205,3,false,200,25,1,true,-80,1470,12,3975974454,1.0,1693,1429,true,133.6,4,35.6,1,38.876518,-77.046318,true,38.876713,-77.046631
2026-08-02T10:44:25.619Z,0.13.3,false,true,16.27,false,false,false,false,false,none,1000,1476,2000,1500,1382,1000,1.3,125.3,1660,true,off,1.00,false,false,true,1524,141.5,151.2,121024,,38.876740,-77.046616,false,24.53,15,100,good,24.5,done,80,true,true,-31.57,-3.00,-18.00,22.97,true,AUTO,true,2.00,1.50,,1618,true,1,false,on,4249,3,false,200,25,5,true,-87,1488,12,3975974454,1.2,1702,1430,true,133.6,4,35.6,1,38.876518,-77.046318,true,38.876713,-77.046631
2026-08-02T10:44:26.603Z,0.13.3,false,true,16.36,false,false,false,false,false,none,1000,1476,2000,1500,1382,1000,1.3,142.5,1660,true,off,1.00,false,false,true,1524,152.3,162.0,121016,,38.876732,-77.046608,false,24.53,15,100,good,24.5,done,80,true,true,-31.57,-3.00,-18.00,23.11,true,AUTO,true,2.00,1.50,,1649,true,1,false,on,5227,3,false,200,25,5,true,-81,1459,12,3975974454,1.5,1671,1431,true,133.4,4,34.6,1,38.876518,-77.046318,true,38.876713,-77.046631
2026-08-02T10:44:27.603Z,0.13.3,false,true,16.26,false,false,false,false,false,none,1000,1476,2000,1500,1382,1000,1.3,151.8,1660,true,off,1.00,false,false,true,1524,166.0,175.7,121020,,38.876724,-77.046608,false,24.53,15,100,good,24.5,done,80,true,true,-31.57,-3.00,-18.00,22.91,true,AUTO,true,2.00,1.50,,1613,false,1,false,pause,234,3,false,200,25,5,true,-85,1438,12,3975974454,1.7,1707,1432,true,132.2,4,34.0,1,38.876518,-77.046318,true,38.876713,-77.046631
2026-08-02T10:44:28.753Z,0.13.3,false,true,16.36,false,false,false,false,false,none,1000,1476,2000,1500,1382,1000,0.9,162.9,1660,true,off,1.00,false,false,true,1524,174.0,184.1,121020,,38.876717,-77.046608,false,24.53,15,100,good,24.5,done,80,true,true,-31.57,-3.00,-18.00,23.88,true,AUTO,true,2.00,1.50,,1580,false,1,false,pause,1245,3,false,200,25,0,true,-85,1409,12,3975974454,1.9,1740,1433,true,131.0,4,33.4,1,38.876518,-77.046318,true,38.876713,-77.046631
2026-08-02T10:44:29.620Z,0.13.3,false,true,16.40,false,false,false,false,false,none,1000,1476,2000,1500,1382,1000,0.5,172.6,1660,true,off,1.00,false,false,true,1524,176.9,187.4,121024,,38.876705,-77.046608,false,24.53,15,100,good,24.5,done,80,true,true,-31.57,-3.00,-18.00,24.72,true,AUTO,true,2.00,1.50,,1601,false,1,false,pause,2265,3,false,200,25,5,true,-83,1433,12,3975974454,2.3,1719,1434,true,129.8,4,32.6,1,38.876518,-77.046318,true,38.876713,-77.046631
2026-08-02T10:44:30.653Z,0.13.3,false,true,16.36,false,false,false,false,false,none,1000,1476,2000,1500,1382,1000,-0.0,168.5,1660,true,off,1.00,false,false,true,1524,179.6,190.6,121024,,38.876694,-77.046600,false,24.53,15,100,good,24.5,done,80,true,true,-31.57,-3.00,-18.00,22.71,true,AUTO,true,2.00,1.50,,1580,false,1,false,pause,3260,3,false,200,25,6,true,-83,1422,12,3975974454,2.3,1740,1435,true,128.4,4,31.3,1,38.876518,-77.046318,true,38.876713,-77.046631
2026-08-02T10:44:32.123Z,0.13.3,false,true,16.39,false,false,false,false,false,none,1000,1476,2000,1500,1382,1000,-0.0,164.0,1660,true,off,1.00,false,false,true,1524,168.6,179.6,121024,,38.876686,-77.046600,false,24.53,15,100,good,24.5,done,80,true,true,-31.57,-3.00,-18.00,20.15,true,AUTO,true,2.00,1.50,,1616,false,1,false,pause,4300,3,false,200,25,6,true,-77,1449,12,3975974454,2.1,1704,1436,true,127.3,4,30.7,1,38.876518,-77.046318,true,38.876713,-77.046631
2026-08-02T10:44:32.670Z,0.13.3,false,true,16.31,false,false,false,false,false,none,1000,1476,2000,1500,1382,1000,-0.0,157.8,1660,true,off,1.00,false,false,true,1524,164.7,175.7,121024,,38.876678,-77.046593,false,24.53,15,100,good,24.5,done,80,true,true,-31.57,-3.00,-18.00,23.93,true,AUTO,true,2.00,1.50,,1653,false,1,false,pause,5302,3,false,200,25,8,true,-84,1458,12,3975974454,2.0,1667,1437,true,126.3,4,29.7,1,38.876518,-77.046318,true,38.876713,-77.046631
2026-08-02T10:44:33.654Z,0.13.3,false,true,16.22,false,false,false,false,false,none,1000,1476,2000,1500,1382,1000,-0.0,151.8,1660,true,off,1.00,false,false,true,1524,162.5,173.5,121024,,38.876671,-77.046593,false,24.53,15,100,good,24.5,done,80,true,true,-31.57,-3.00,-18.00,22.68,true,AUTO,true,2.00,1.50,,1580,true,2,false,on,279,3,false,200,25,5,true,-85,1449,12,3975974454,2.0,1740,1438,true,125.7,4,29.2,1,38.876518,-77.046318,true,38.876713,-77.046631
2026-08-02T10:44:34.637Z,0.13.3,false,true,16.34,false,false,false,false,false,none,1000,1476,2000,1500,1382,1000,-0.2,145.1,1660,true,off,1.00,false,false,true,1524,148.2,159.5,121020,,38.876663,-77.046585,false,24.53,15,100,good,24.5,done,80,true,true,-31.57,-3.00,-18.00,21.67,true,AUTO,true,2.00,1.50,,1629,true,2,false,on,1274,3,false,200,25,8,true,-85,1475,12,3975974454,1.9,1691,1439,true,124.3,4,28.2,1,38.876518,-77.046318,true,38.876713,-77.046631
2026-08-02T10:44:35.654Z,0.13.3,false,true,16.35,false,false,false,false,false,none,1000,1476,2000,1500,1382,1000,-0.3,141.6,1660,true,off,1.00,false,false,true,1524,143.3,154.6,121016,,38.876656,-77.046577,false,24.53,15,100,good,24.5,done,80,true,true,-31.57,-3.00,-18.00,22.46,true,AUTO,true,2.00,1.50,,1613,true,2,false,on,2293,3,false,200,25,2,true,-87,1467,12,3975974454,1.9,1707,1440,true,123.7,4,27.2,1,38.876518,-77.046318,true,38.876713,-77.046631
2026-08-02T10:44:36.688Z,0.13.3,false,true,16.34,false,false,false,false,false,none,1000,1476,2000,1500,1382,1000,-0.3,144.8,1660,true,off,1.00,false,false,true,1524,147.7,159.0,121024,,38.876648,-77.046570,false,24.53,15,100,good,24.5,done,80,true,true,-31.57,-3.00,-18.00,21.05,true,AUTO,true,2.00,1.50,,1619,true,2,false,on,3312,3,false,200,25,4,true,-80,1464,12,3975974454,1.7,1701,1441,true,122.8,4,26.1,1,38.876518,-77.046318,true,38.876713,-77.046631
2026-08-02T10:44:37.654Z,0.13.3,false,true,16.29,false,false,false,false,false,none,1000,1476,2000,1500,1382,1000,-0.3,146.6,1660,true,off,1.00,false,false,true,1524,154.9,166.2,121032,,38.876640,-77.046562,false,24.53,15,100,good,24.5,done,80,true,true,-31.57,-3.00,-18.00,22.95,true,AUTO,true,2.00,1.50,,1620,true,2,false,on,4301,3,false,200,25,0,true,-83,1448,12,3975974454,1.9,1700,1442,true,123.3,4,25.1,1,38.876518,-77.046318,true,38.876713,-77.046631
2026-08-02T10:44:38.688Z,0.13.3,false,true,16.32,false,false,false,false,false,none,1000,1476,2000,1500,1382,1000,-0.3,153.4,1660,true,off,1.00,false,false,true,1524,161.5,172.9,121036,,38.876633,-77.046562,false,24.53,15,100,good,24.5,done,80,true,true,-31.57,-3.00,-18.00,22.30,true,AUTO,true,2.00,1.50,,1597,true,2,false,on,5324,3,false,200,25,7,true,-89,1427,12,3975974454,1.9,1723,1443,true,121.0,4,24.7,1,38.876518,-77.046318,true,38.876713,-77.046631
2026-08-02T10:44:39.705Z,0.13.3,false,true,16.36,false,false,false,false,false,none,1000,1476,2000,1500,1382,1000,-0.3,151.0,1660,true,off,1.00,false,false,true,1524,160.7,172.0,121012,,38.876621,-77.046555,false,24.53,15,100,good,24.5,done,80,true,true,-31.57,-3.00,-18.00,21.81,true,AUTO,true,2.00,1.50,,1613,false,2,false,pause,318,3,false,200,25,1,true,-81,1427,12,3975974454,2.1,1707,1444,true,119.1,4,23.5,1,38.876518,-77.046318,true,38.876713,-77.046631
2026-08-02T10:44:40.705Z,0.13.3,false,true,16.32,false,false,false,false,false,none,1000,1476,2000,1500,1382,1000,-0.7,150.0,1660,true,off,1.00,false,false,true,1524,153.9,165.7,121044,,38.876614,-77.046547,false,24.53,15,100,good,24.5,done,80,true,true,-31.57,-3.00,-18.00,22.06,true,AUTO,true,2.00,1.50,,1584,false,2,false,pause,1327,3,false,200,25,3,true,-79,1446,12,3975974454,2.1,1736,1445,true,118.6,4,22.5,1,38.876518,-77.046318,true,38.876713,-77.046631
2026-08-02T10:44:41.688Z,0.13.3,false,true,16.32,false,false,false,false,false,none,1000,1476,2000,1500,1382,1000,-0.7,147.8,1660,true,off,1.00,false,false,true,1524,152.4,164.1,121036,,38.876606,-77.046539,false,24.53,15,100,good,24.5,done,80,true,true,-31.57,-3.00,-18.00,21.97,true,AUTO,true,2.00,1.50,,1606,false,2,false,pause,2318,3,false,200,25,0,true,-77,1451,12,3975974454,1.9,1714,1446,true,116.8,4,21.5,1,38.876518,-77.046318,true,38.876713,-77.046631
2026-08-02T10:44:42.705Z,0.13.3,false,true,16.37,false,false,false,false,false,none,1000,1476,2000,1500,1382,1000,-0.7,146.2,1660,true,off,1.00,false,false,true,1524,143.7,155.4,120824,,38.876598,-77.046539,false,24.53,15,100,good,24.5,done,80,true,true,-31.57,-3.00,-18.00,22.57,true,AUTO,true,2.00,1.50,,1628,false,2,false,pause,3350,3,false,200,25,7,true,-84,1463,12,3975974454,1.9,1692,1447,true,115.9,4,21.1,1,38.876518,-77.046318,true,38.876713,-77.046631
2026-08-02T10:44:43.722Z,0.13.3,false,true,16.40,false,false,false,false,false,none,1000,1476,2000,1500,1382,1000,-0.5,144.4,1660,true,off,1.00,false,false,true,1524,142.5,154.1,121036,,38.876591,-77.046532,false,24.53,15,100,good,24.5,done,80,true,true,-31.57,-3.00,-18.00,22.76,true,AUTO,true,2.00,1.50,,1581,false,2,false,pause,4367,3,false,200,25,1,true,-80,1455,12,3975974454,1.9,1739,1448,true,112.8,4,20.2,1,38.876518,-77.046318,true,38.876713,-77.046631
2026-08-02T10:44:44.722Z,0.13.3,false,true,16.33,false,false,false,false,false,none,1000,1476,2000,1500,1382,1000,-0.5,143.7,1660,true,off,1.00,false,false,true,1524,148.5,160.1,121020,,38.876583,-77.046524,false,24.53,15,100,good,24.5,done,80,true,true,-31.57,-3.00,-18.00,20.65,true,AUTO,true,2.00,1.50,,1643,false,2,false,pause,5374,3,false,200,25,6,true,-78,1444,12,3975974454,1.9,1677,1449,true,112.0,4,19.2,1,38.876518,-77.046318,true,38.876713,-77.046631
2026-08-02T10:44:45.722Z,0.13.3,false,true,16.33,false,false,false,false,false,none,1000,1476,2000,1500,1382,1000,-0.6,141.5,1660,true,off,1.00,false,false,true,1524,143.6,155.2,121008,,38.876579,-77.046516,false,24.53,15,100,good,24.5,done,80,true,true,-31.57,-3.00,-18.00,21.40,true,AUTO,true,2.00,1.50,,1629,true,3,false,on,367,3,false,200,25,6,true,-82,1461,12,3975974454,2.0,1691,1450,true,111.7,4,18.5,1,38.876518,-77.046318,true,38.876713,-77.046631
2026-08-02T10:44:46.756Z,0.13.3,false,true,16.34,false,false,false,false,false,none,1000,1476,2000,1500,1382,1000,-0.9,140.4,1660,true,off,1.00,false,false,true,1524,146.8,158.7,121008,,38.876572,-77.046509,false,24.53,15,100,good,24.5,done,80,true,true,-31.57,-3.00,-18.00,24.98,true,AUTO,true,2.00,1.50,,1580,true,3,false,on,1387,3,false,200,25,2,true,-72,1440,12,3975974454,2.0,1740,1451,true,109.6,4,17.5,1,38.876518,-77.046318,true,38.876713,-77.046631
2026-08-02T10:44:47.839Z,0.13.3,false,true,16.39,false,false,false,false,false,none,1000,1476,2000,1500,1382,1000,-1.5,138.4,1660,true,off,1.00,false,false,true,1524,146.7,159.2,121020,,38.876564,-77.046501,false,24.53,15,100,good,24.5,done,80,true,true,-31.57,-3.00,-18.00,22.67,true,AUTO,true,2.00,1.50,,1619,true,3,false,on,2385,3,false,200,25,5,true,-76,1453,12,3975974454,2.0,1701,1452,true,107.3,4,16.6,1,38.876518,-77.046318,true,38.876713,-77.046631
2026-08-02T10:44:48.756Z,0.13.3,false,true,16.36,false,false,false,false,false,none,1000,1476,2000,1500,1382,1000,-1.5,138.1,1660,true,off,1.00,false,false,true,1524,143.0,155.5,121028,,38.876553,-77.046494,false,24.53,15,100,good,24.5,done,80,true,true,-31.57,-3.00,-18.00,23.21,true,AUTO,true,2.00,1.50,,1663,true,3,false,on,3401,3,false,200,25,7,true,-73,1453,12,3975974454,2.0,1657,1453,true,104.0,4,15.7,1,38.876518,-77.046318,true,38.876713,-77.046631
2026-08-02T10:44:49.773Z,0.13.3,false,true,16.33,false,false,false,false,false,none,1000,1476,2000,1500,1382,1000,-1.5,136.1,1660,true,off,1.00,false,false,true,1524,138.3,150.7,121032,,38.876545,-77.046486,false,24.53,15,100,good,24.5,done,80,true,true,-31.57,-3.00,-18.00,23.72,true,AUTO,true,2.00,1.50,,1621,true,3,false,on,4413,3,false,200,25,2,true,-70,1458,12,3975974454,1.9,1699,1454,true,101.1,4,14.8,1,38.876518,-77.046318,true,38.876713,-77.046631
2026-08-02T10:44:50.806Z,0.13.3,false,true,16.31,false,false,false,false,false,none,1000,1476,2000,1500,1382,1000,-1.7,133.9,1660,true,off,1.00,false,false,true,1524,133.8,146.4,121028,,38.876541,-77.046478,false,24.53,15,100,good,24.5,done,80,true,true,-31.57,-3.00,-18.00,25.25,true,AUTO,true,2.00,1.50,,1599,true,3,false,on,5441,3,false,200,25,5,true,-73,1447,12,3975974454,1.9,1721,1455,true,100.1,4,14.1,1,38.876518,-77.046318,true,38.876713,-77.046631
2026-08-02T10:44:51.790Z,0.13.3,false,true,16.39,false,false,false,false,false,none,1000,1476,2000,1500,1382,1000,-1.6,131.9,1660,true,off,1.00,false,false,true,1524,126.0,138.6,121016,,38.876534,-77.046471,false,24.53,15,100,good,24.5,done,80,true,true,-31.57,-3.00,-18.00,25.09,true,AUTO,true,2.00,1.50,,1631,false,3,false,pause,423,3,false,200,25,2,true,-71,1465,12,3975974454,1.9,1689,1456,true,98.2,4,13.3,1,38.876518,-77.046318,true,38.876713,-77.046631
2026-08-02T10:44:52.773Z,0.13.3,false,true,16.37,false,false,false,false,false,none,1000,1476,2000,1500,1382,1000,-1.6,129.0,1660,true,off,1.00,false,false,true,1524,122.0,134.6,121020,,38.876530,-77.046463,false,24.53,15,100,good,24.5,done,80,true,true,-31.57,-3.00,-18.00,23.74,true,AUTO,true,2.00,1.50,,1637,false,3,false,pause,1419,3,false,200,25,4,true,-66,1453,12,3975974454,1.9,1683,1457,true,94.3,4,12.6,1,38.876518,-77.046318,true,38.876713,-77.046631
2026-08-02T10:44:53.790Z,0.13.3,false,true,16.20,false,false,false,false,false,none,1000,1476,2000,1500,1382,1000,-1.5,125.9,1660,true,off,1.00,false,false,true,1524,123.5,136.0,121000,,38.876522,-77.046455,false,24.53,15,100,good,24.5,done,80,true,true,-31.57,-3.00,-18.00,23.06,true,AUTO,true,2.00,1.50,,1629,false,3,false,pause,2438,3,false,200,25,7,true,-67,1447,12,3975974454,1.8,1691,1458,true,91.8,4,11.9,1,38.876518,-77.046318,true,38.876713,-77.046631
2026-08-02T10:44:54.790Z,0.13.3,false,true,16.26,false,false,false,false,false,none,1000,1476,2000,1500,1382,1000,-1.5,124.8,1660,true,off,1.00,false,false,true,1524,120.3,132.8,121020,,38.876518,-77.046448,false,24.53,15,100,good,24.5,done,80,true,true,-31.57,-3.00,-18.00,23.37,true,AUTO,true,2.00,1.50,,1728,false,3,false,pause,3438,3,false,200,25,7,true,-76,1453,12,3975974454,2.0,1592,1459,true,90.0,4,11.2,1,38.876518,-77.046318,true,38.876713,-77.046631
2026-08-02T10:44:55.807Z,0.13.3,true,true,16.36,false,false,false,false,false,none,1000,1476,2000,1500,1382,1000,-1.5,121.9,1660,true,off,1.00,false,false,true,1524,118.4,130.9,121016,,38.876514,-77.046432,false,24.53,15,100,good,24.5,done,80,true,true,-31.57,-3.00,-18.00,22.78,true,AUTO,true,2.00,1.50,,1677,false,3,false,pause,4453,3,false,200,25,5,true,-72,1451,12,3975974454,2.0,1643,1460,true,87.8,4,9.9,1,38.876518,-77.046318,true,38.876713,-77.046631
2026-08-02T10:44:56.807Z,0.13.3,true,true,16.20,false,false,false,false,false,none,1000,1476,2000,1500,1382,1000,-1.5,121.2,1660,true,off,1.00,false,false,true,1524,121.7,134.2,121016,,38.876507,-77.046425,false,24.53,15,100,good,24.5,done,80,true,true,-31.57,-3.00,-18.00,20.43,true,AUTO,true,2.00,1.50,,1580,false,3,false,pause,5452,3,false,200,25,3,true,-75,1441,12,3975974454,2.0,1740,1461,true,80.7,4,9.3,1,38.876518,-77.046318,true,38.876713,-77.046631
2026-08-02T10:44:57.858Z,0.13.3,true,true,16.38,false,false,false,false,false,none,1000,1476,2000,1500,1382,1000,-1.5,118.1,1660,true,off,1.00,false,false,true,1524,114.4,126.9,121016,,38.876503,-77.046417,false,24.53,15,100,good,24.5,done,80,true,true,-31.57,-3.00,-18.00,24.02,true,AUTO,true,2.00,1.50,,1630,false,3,false,cooldown,494,3,false,200,25,6,true,-79,1465,12,3975974454,1.9,1690,1462,true,80.0,4,8.8,1,38.876518,-77.046318,true,38.876713,-77.046631
2026-08-02T10:44:58.841Z,0.13.3,true,true,16.36,false,false,false,false,false,none,1000,1476,2000,1500,1382,1000,-1.4,115.2,1660,true,off,1.00,false,false,true,1524,112.2,124.6,121028,,38.876499,-77.046410,false,24.53,15,100,good,24.5,done,80,true,true,-31.57,-3.00,-18.00,22.18,true,AUTO,true,2.00,1.50,,1631,false,3,false,cooldown,1490,3,false,200,25,1,true,-77,1462,12,3975974454,1.9,1689,1463,true,72.7,4,8.2,1,38.876518,-77.046318,true,38.876713,-77.046631
2026-08-02T10:44:59.858Z,0.13.3,true,true,16.33,false,false,false,false,false,none,1000,1476,2000,1500,1382,1000,-1.4,114.4,1660,true,off,1.00,false,false,true,1524,109.0,121.3,121028,,38.876495,-77.046394,false,24.53,15,100,good,24.5,done,80,true,true,-31.57,-3.00,-18.00,23.73,true,AUTO,true,2.00,1.50,,1651,false,3,false,cooldown,2496,3,false,200,25,6,true,-75,1478,12,3975974454,1.9,1669,1464,true,66.7,4,7.1,1,38.876518,-77.046318,true,38.876713,-77.046631
2026-08-02T10:45:00.841Z,0.13.3,true,true,16.32,false,false,false,false,false,none,1000,1476,2000,1500,1382,1000,-1.4,112.5,1660,true,off,1.00,false,false,true,1524,111.9,124.3,121012,,38.876495,-77.046387,false,24.53,15,100,good,24.5,done,80,true,true,-31.57,-3.00,-18.00,22.52,true,AUTO,true,2.00,1.50,,1622,false,3,false,cooldown,3487,3,false,200,25,4,true,-81,1461,12,3975974454,1.6,1698,1465,true,64.4,4,6.5,1,38.876518,-77.046318,true,38.876713,-77.046631
2026-08-02T10:45:01.875Z,0.13.3,true,true,16.39,false,false,false,false,false,none,1000,1476,2000,1500,1382,1000,-1.4,109.0,1660,true,off,1.00,false,false,true,1524,109.4,121.8,121004,,38.876492,-77.046379,false,24.53,15,100,good,24.5,done,80,true,true,-31.57,-3.00,-18.00,22.90,true,AUTO,true,2.00,1.50,,1612,false,3,false,cooldown,4514,3,false,200,25,5,true,-81,1469,12,3975974454,1.7,1708,1466,true,61.7,4,6.1,1,38.876518,-77.046318,true,38.876713,-77.046631
2026-08-02T10:45:02.875Z,0.13.3,true,true,16.38,false,false,false,false,false,none,1000,1476,2000,1500,1382,1000,-0.9,111.6,1660,true,off,1.00,false,false,true,1524,105.5,117.5,121032,,38.876488,-77.046371,false,24.53,15,100,good,24.5,done,80,true,true,-31.57,-3.00,-18.00,22.73,true,AUTO,true,2.00,1.50,,1600,false,3,false,cooldown,5515,3,false,200,25,7,true,-86,1458,12,3975974454,1.5,1720,1467,true,52.0,4,5.7,1,38.876518,-77.046318,true,38.876713,-77.046631
2026-08-02T10:45:03.880Z,0.13.3,true,true,16.36,false,false,false,false,false,none,1000,1476,2000,1500,1382,1000,-0.3,116.4,1660,true,off,1.00,false,false,true,1524,106.8,118.1,121036,,38.876488,-77.046364,false,24.53,15,100,good,24.5,done,80,true,true,-31.57,-3.00,-18.00,26.76,true,AUTO,true,2.00,1.50,,1614,false,3,false,cooldown,6522,3,false,200,25,4,true,-82,1453,12,3975974454,1.6,1706,1468,true,47.7,4,5.2,1,38.876518,-77.046318,true,38.876713,-77.046631
2026-08-02T10:45:04.925Z,0.13.3,false,true,16.22,false,false,false,false,false,none,1000,1476,2000,1500,1382,1000,-0.3,117.7,1660,true,off,1.00,false,false,true,1524,113.5,124.8,121028,,38.876480,-77.046356,false,24.53,15,100,good,24.5,done,80,true,true,-31.57,-3.00,-18.00,23.79,true,AUTO,true,2.00,1.50,,1580,false,3,false,cooldown,7569,3,false,200,25,4,true,-84,1386,12,3975974454,1.8,1740,1469,true,347.4,4,45.2,2,38.876877,-77.046471,true,38.876480,-77.046356
2026-08-02T10:45:05.892Z,0.13.3,false,true,16.22,false,false,false,false,false,none,1000,1476,2000,1500,1382,1000,-0.4,113.6,1660,true,off,1.00,false,false,true,1524,118.0,129.4,121028,,38.876476,-77.046341,false,24.53,15,100,good,24.5,done,80,true,true,-31.57,-3.00,-18.00,20.78,true,AUTO,true,2.00,1.50,,1580,false,3,false,cooldown,8538,3,false,200,25,4,true,-85,1330,12,3975974454,2.1,1740,1470,true,345.9,4,45.9,2,38.876877,-77.046471,true,38.876480,-77.046356
2026-08-02T10:45:06.909Z,0.13.3,false,true,16.25,false,false,false,false,false,none,1000,1476,2000,1500,1382,1000,-0.4,105.6,1660,true,off,1.00,false,false,true,1524,103.6,115.1,121028,,38.876476,-77.046333,false,24.53,15,100,good,24.5,done,80,true,true,-31.57,-3.00,-18.00,18.93,true,AUTO,true,2.00,1.50,,1580,false,3,false,cooldown,9545,3,false,200,25,1,true,-80,1354,12,3975974454,2.0,1740,1471,true,345.1,4,46.1,2,38.876877,-77.046471,true,38.876480,-77.046356
2026-08-02T10:45:07.909Z,0.13.3,false,true,16.30,false,false,false,false,false,none,1000,1476,2000,1500,1382,1000,-0.4,93.5,1660,true,off,1.00,false,false,true,1524,75.9,87.3,121028,,38.876476,-77.046318,false,24.53,15,100,good,24.5,done,80,true,true,-31.57,-3.00,-18.00,22.50,true,AUTO,true,2.00,1.50,,1580,false,3,false,cooldown,10563,3,false,200,25,3,true,-77,1403,12,3975974454,2.0,1740,1472,true,343.5,4,46.5,2,38.876877,-77.046471,true,38.876480,-77.046356
2026-08-02T10:45:08.909Z,0.13.3,false,true,16.33,false,false,false,false,false,none,1000,1476,2000,1500,1382,1000,-0.4,67.3,1660,true,off,1.00,false,false,true,1524,48.4,59.9,121024,,38.876480,-77.046310,false,24.53,15,100,good,24.5,done,80,true,true,-31.57,-3.00,-18.00,20.30,true,AUTO,true,2.00,1.50,,1615,false,3,false,cooldown,11558,3,false,200,25,5,true,-79,1436,12,3975974454,2.0,1705,1473,true,342.7,4,46.2,2,38.876877,-77.046471,true,38.876480,-77.046356
2026-08-02T10:45:09.943Z,0.13.3,false,true,16.39,false,false,false,false,false,none,1000,1476,2000,1500,1382,1000,-0.4,49.9,1660,true,off,1.00,false,false,true,1524,29.9,41.3,121036,,38.876488,-77.046303,false,24.53,15,100,good,24.5,done,80,true,true,-31.57,-3.00,-18.00,23.94,true,AUTO,true,2.00,1.50,,1617,false,3,false,cooldown,12586,3,false,200,25,0,true,-86,1444,12,3975974454,1.8,1730,1474,true,341.5,4,45.6,2,38.876877,-77.046471,true,38.876480,-77.046356
2026-08-02T10:45:10.926Z,0.13.3,false,true,16.38,false,false,false,false,false,none,1000,1476,2000,1500,1382,1000,-0.3,33.9,1660,true,off,1.00,false,false,true,1524,21.9,33.2,121036,,38.876495,-77.046303,false,24.53,15,100,good,24.5,done,80,true,true,-31.57,-3.00,-18.00,23.60,true,AUTO,true,2.00,1.50,,1626,false,3,false,cooldown,13573,3,false,200,25,3,true,-86,1466,12,3975974454,1.9,1694,1475,true,341.3,4,44.8,2,38.876877,-77.046471,true,38.876480,-77.046356
2026-08-02T10:45:11.993Z,0.13.3,false,true,16.31,false,false,false,false,false,none,1000,1476,2000,1500,1382,1000,-0.0,26.2,1660,true,off,1.00,false,false,true,1524,16.9,28.0,121036,,38.876507,-77.046295,false,24.53,15,100,good,24.5,done,80,true,true,-31.57,-3.00,-18.00,20.54,true,AUTO,true,2.00,1.50,,1638,false,3,false,cooldown,14625,3,false,200,25,7,true,-87,1464,12,3975974454,2.0,1682,1476,true,339.8,4,43.9,2,38.876877,-77.046471,true,38.876480,-77.046356
2026-08-02T10:45:12.964Z,0.13.3,false,true,16.34,false,false,false,false,false,none,1000,1476,2000,1500,1382,1000,-0.0,21.7,1660,true,off,1.00,false,false,true,1524,13.7,24.7,121036,,38.876514,-77.046288,false,24.53,15,100,good,24.5,done,80,true,true,-31.57,-3.00,-18.00,21.22,true,AUTO,true,2.00,1.50,,1638,false,3,false,cooldown,15592,3,false,200,25,4,true,-89,1453,12,3975974454,1.9,1682,1477,true,338.6,4,43.3,2,38.876877,-77.046471,true,38.876480,-77.046356
2026-08-02T10:45:13.960Z,0.13.3,false,true,16.34,false,false,false,false,false,none,1000,1476,2000,1500,1382,1000,0.4,19.5,1660,true,off,1.00,false,false,true,1524,17.3,28.0,121036,,38.876522,-77.046288,false,24.53,15,100,good,24.5,done,80,true,true,-31.57,-3.00,-18.00,23.56,true,AUTO,true,2.00,1.50,,1583,false,3,false,cooldown,16596,3,false,200,25,6,true,-86,1432,12,3975974454,2.2,1737,1478,true,338.2,4,42.5,2,38.876877,-77.046471,true,38.876480,-77.046356
2026-08-02T10:45:14.960Z,0.13.3,false,true,16.32,false,false,false,false,false,none,1000,1476,2000,1500,1382,1000,0.4,17.1,1660,true,off,1.00,false,false,true,1524,16.9,27.6,121024,,38.876534,-77.046280,false,24.53,15,100,good,24.5,done,80,true,true,-31.57,-3.00,-18.00,23.48,true,AUTO,true,2.00,1.50,,1580,false,3,false,cooldown,17606,3,false,200,25,0,true,-91,1433,12,3975974454,2.1,1740,1479,true,336.6,4,41.6,2,38.876877,-77.046471,true,38.876480,-77.046356
2026-08-02T10:45:15.977Z,0.13.3,false,true,16.27,false,false,false,false,false,none,1000,1476,2000,1500,1382,1000,0.4,11.3,1660,true,off,1.00,false,false,true,1524,14.4,25.0,121020,,38.876545,-77.046280,false,24.53,15,100,good,24.5,done,80,true,true,-31.57,-3.00,-18.00,27.13,true,AUTO,true,2.00,1.50,,1580,false,3,false,cooldown,18624,3,false,200,25,2,true,-88,1446,12,3975974454,2.2,1740,1480,true,335.9,4,40.4,2,38.876877,-77.046471,true,38.876480,-77.046356
2026-08-02T10:45:18.728Z,0.13.3,false,true,16.37,false,false,false,false,false,none,1000,1476,2000,1500,1382,1000,0.4,7.3,1660,true,off,1.00,false,false,true,1524,8.0,18.7,121032,,38.876553,-77.046280,false,24.53,15,100,good,24.5,done,80,true,true,-31.57,-3.00,-18.00,24.53,true,AUTO,true,2.00,1.50,,1611,false,3,false,cooldown,19646,3,false,200,25,8,true,-92,1451,12,3975974454,2.0,1709,1481,true,335.4,4,39.7,2,38.876877,-77.046471,true,38.876480,-77.046356
2026-08-02T10:45:18.794Z,0.13.3,false,true,16.20,false,false,false,false,false,none,1000,1476,2000,1500,1382,1000,0.1,5.9,1660,true,off,1.00,false,false,true,1524,11.6,22.5,121012,,38.876572,-77.046272,false,24.53,15,100,good,24.5,done,80,true,true,-31.57,-3.00,-18.00,23.64,true,AUTO,true,2.00,1.50,,1580,false,3,false,cooldown,21444,3,false,200,25,2,true,-84,1434,12,3975974454,2.3,1740,1483,true,333.2,4,38.0,2,38.876877,-77.046471,true,38.876480,-77.046356
2026-08-02T10:45:19.811Z,0.13.3,false,true,16.33,false,false,false,false,false,none,1000,1476,2000,1500,1382,1000,-0.1,5.7,1660,true,off,1.00,false,false,true,1524,2.9,14.0,121028,,38.876583,-77.046272,false,24.53,15,100,good,24.5,done,80,true,true,-31.57,-3.00,-18.00,21.84,true,AUTO,true,2.00,1.50,,1624,false,3,false,cooldown,22459,3,false,200,25,2,true,-87,1474,12,3975974454,2.0,1696,1484,true,332.3,4,36.9,2,38.876877,-77.046471,true,38.876480,-77.046356
2026-08-02T10:45:20.978Z,0.13.3,false,true,16.36,false,false,false,false,false,none,1000,1476,2000,1500,1382,1000,-0.1,3.1,1660,true,off,1.00,false,false,true,1524,3.7,14.8,121032,,38.876591,-77.046272,false,24.53,15,100,good,24.5,done,80,true,true,-31.57,-3.00,-18.00,22.83,true,AUTO,true,2.00,1.50,,1634,false,3,false,cooldown,23476,3,false,200,25,2,true,-80,1457,12,3975974454,2.0,1686,1485,true,331.8,4,36.2,2,38.876877,-77.046471,true,38.876480,-77.046356
2026-08-02T10:45:21.811Z,0.13.3,false,true,16.36,false,false,false,false,false,none,1000,1476,2000,1500,1382,1000,-0.0,4.2,1660,true,off,1.00,false,false,true,1524,8.5,19.5,121020,,38.876602,-77.046272,false,24.53,15,100,good,24.5,done,80,true,true,-31.57,-3.00,-18.00,21.21,true,AUTO,true,2.00,1.50,,1625,false,3,false,cooldown,24462,3,false,200,25,4,true,-88,1439,12,3975974454,2.0,1695,1486,true,330.7,4,35.0,2,38.876877,-77.046471,true,38.876480,-77.046356
2026-08-02T10:45:22.811Z,0.13.3,false,true,16.37,false,false,false,false,false,none,1000,1476,2000,1500,1382,1000,0.1,3.4,1660,true,off,1.00,false,false,true,1524,5.6,16.5,121032,,38.876610,-77.046272,false,24.53,15,100,good,24.5,done,80,true,true,-31.57,-3.00,-18.00,23.41,true,AUTO,true,2.00,1.50,,1580,false,3,false,cooldown,25464,3,false,200,25,5,true,-86,1434,12,3975974454,2.1,1740,1487,true,329.9,4,34.3,2,38.876877,-77.046471,true,38.876480,-77.046356
2026-08-02T10:45:23.828Z,0.13.3,false,true,16.33,false,false,false,false,false,none,1000,1476,2000,1500,1382,1000,0.1,3.8,1660,true,off,1.00,false,false,true,1524,3.4,14.2,121032,,38.876621,-77.046272,false,24.53,15,100,good,24.5,done,80,true,true,-31.57,-3.00,-18.00,24.53,true,AUTO,true,2.00,1.50,,1580,false,3,false,cooldown,26481,3,false,200,25,5,true,-84,1438,12,3975974454,2.2,1740,1488,true,329.1,4,33.2,2,38.876877,-77.046471,true,38.876480,-77.046356
2026-08-02T10:45:24.878Z,0.13.3,false,true,16.38,false,false,false,false,false,none,1000,1476,2000,1500,1382,1000,-0.3,359.0,1660,true,off,1.00,false,false,true,1524,0.7,12.0,121028,,38.876633,-77.046272,false,24.53,15,100,good,24.5,done,80,true,true,-31.57,-3.00,-18.00,23.40,true,AUTO,true,2.00,1.50,,1644,false,3,false,cooldown,27476,3,false,200,25,6,true,-81,1464,12,3975974454,2.0,1676,1489,true,327.7,4,32.1,2,38.876877,-77.046471,true,38.876480,-77.046356
2026-08-02T10:45:25.845Z,0.13.3,false,true,16.36,false,false,false,false,false,none,1000,1476,2000,1500,1382,1000,-0.3,359.3,1660,true,off,1.00,false,false,true,1524,2.7,14.0,121036,,38.876640,-77.046272,false,24.53,15,100,good,24.5,done,80,true,true,-31.57,-3.00,-18.00,22.25,true,AUTO,true,2.00,1.50,,1624,false,3,false,cooldown,28494,3,false,200,25,0,true,-81,1446,12,3975974454,2.1,1696,1490,true,326.8,4,31.4,2,38.876877,-77.046471,true,38.876480,-77.046356
2026-08-02T10:45:26.845Z,0.13.3,false,true,16.30,false,false,false,false,false,none,1000,1476,2000,1500,1382,1000,-0.3,353.5,1660,true,off,1.00,false,false,true,1524,356.0,7.3,121036,,38.876652,-77.046272,false,24.53,15,100,good,24.5,done,80,true,true,-31.57,-3.00,-18.00,24.12,true,AUTO,true,2.00,1.50,,1615,false,3,false,cooldown,29494,3,false,200,25,8,true,-83,1454,12,3975974454,2.2,1705,1491,true,326.0,4,30.4,2,38.876877,-77.046471,true,38.876480,-77.046356
2026-08-02T10:45:27.896Z,0.13.3,false,true,16.33,false,false,false,false,false,none,1000,1476,2000,1500,1382,1000,-0.3,351.7,1660,true,off,1.00,false,false,true,1524,354.8,6.1,121036,,38.876659,-77.046272,false,24.53,15,100,good,24.5,done,80,true,true,-31.57,-3.00,-18.00,23.69,true,AUTO,true,2.00,1.50,,1618,false,3,false,cooldown,30538,3,false,200,25,4,true,-82,1462,12,3975974454,2.0,1702,1492,true,324.8,4,29.7,2,38.876877,-77.046471,true,38.876480,-77.046356
2026-08-02T10:45:28.912Z,0.13.3,false,true,16.37,false,false,false,false,false,none,1000,1476,2000,1500,1382,1000,-0.6,347.4,1660,true,off,1.00,false,false,true,1524,350.0,1.6,121036,,38.876667,-77.046272,false,24.53,15,100,good,24.5,done,80,true,true,-31.57,-3.00,-18.00,22.99,true,AUTO,true,2.00,1.50,,1620,false,3,false,cooldown,31535,3,false,200,25,7,true,-83,1462,12,3975974454,2.0,1700,1493,true,323.7,4,29.0,2,38.876877,-77.046471,true,38.876480,-77.046356
2026-08-02T10:45:29.913Z,0.13.3,false,true,16.39,false,false,false,false,false,none,1000,1476,2000,1500,1382,1000,-1.0,346.4,1660,true,off,1.00,false,false,true,1524,349.1,1.0,121036,,38.876678,-77.046280,false,24.53,15,100,good,24.5,done,80,true,true,-31.57,-3.00,-18.00,23.61,true,AUTO,true,2.00,1.50,,1607,false,3,false,cooldown,32557,3,false,200,25,5,true,-81,1463,12,3975974454,1.9,1713,1494,true,323.6,4,27.6,2,38.876877,-77.046471,true,38.876480,-77.046356
2026-08-02T10:45:30.896Z,0.13.3,false,true,16.38,false,false,false,false,false,none,1000,1476,2000,1500,1382,1000,-1.0,347.7,1660,true,off,1.00,false,false,true,1524,353.7,5.7,121036,,38.876686,-77.046280,false,24.53,15,100,good,24.5,done,80,true,true,-31.57,-3.00,-18.00,24.50,true,AUTO,true,2.00,1.50,,1665,false,3,false,cooldown,33546,3,false,200,25,1,true,-84,1456,12,3975974454,2.0,1655,1495,true,322.4,4,26.9,2,38.876877,-77.046471,true,38.876480,-77.046356
2026-08-02T10:45:31.879Z,0.13.3,false,true,16.36,false,false,false,false,false,none,1000,1476,2000,1500,1382,1000,-1.0,351.3,1660,true,off,1.00,false,false,true,1524,353.6,5.6,121036,,38.876694,-77.046280,false,24.53,15,100,good,24.5,done,80,true,true,-31.57,-3.00,-18.00,22.86,true,AUTO,true,2.00,1.50,,1622,false,3,false,cooldown,34534,3,false,200,25,5,true,-81,1447,12,3975974454,2.0,1698,1496,true,321.4,4,26.2,2,38.876877,-77.046471,true,38.876480,-77.046356
2026-08-02T10:45:32.896Z,0.13.3,false,true,16.21,false,false,false,false,false,none,1000,1476,2000,1500,1382,1000,-1.0,352.6,1660,true,off,1.00,false,false,true,1524,354.7,6.6,121036,,38.876701,-77.046280,false,24.53,15,100,good,24.5,done,80,true,true,-31.57,-3.00,-18.00,23.40,true,AUTO,true,2.00,1.50,,1585,false,3,false,cooldown,35544,3,false,200,25,4,true,-78,1439,12,3975974454,2.1,1735,1497,true,319.6,4,25.6,2,38.876877,-77.046471,true,38.876480,-77.046356
2026-08-02T10:45:33.913Z,0.13.3,false,true,16.34,false,false,false,false,false,none,1000,1476,2000,1500,1382,1000,-1.3,347.7,1660,true,off,1.00,false,false,true,1524,350.7,3.0,121036,,38.876713,-77.046288,false,24.53,15,100,good,24.5,done,80,true,true,-31.57,-3.00,-18.00,23.52,true,AUTO,true,2.00,1.50,,1627,false,3,false,cooldown,36548,3,false,200,25,0,true,-82,1460,12,3975974454,2.2,1693,1498,true,319.3,4,24.2,2,38.876877,-77.046471,true,38.876480,-77.046356
2026-08-02T10:45:34.930Z,0.13.3,false,true,16.39,false,false,false,false,false,none,1000,1476,2000,1500,1382,1000,-1.4,351.2,1660,true,off,1.00,false,false,true,1524,355.3,7.7,121036,,38.876724,-77.046288,false,24.53,15,100,good,24.5,done,80,true,true,-31.57,-3.00,-18.00,21.48,true,AUTO,true,2.00,1.50,,1580,false,3,false,cooldown,37570,3,false,200,25,7,true,-78,1435,12,3975974454,1.9,1740,1499,true,317.5,4,23.2,2,38.876877,-77.046471,true,38.876480,-77.046356
2026-08-02T10:45:35.947Z,0.13.3,false,true,16.30,false,false,false,false,false,none,1000,1476,2000,1500,1382,1000,-1.2,352.3,1660,true,off,1.00,false,false,true,1524,356.7,8.9,121036,,38.876732,-77.046288,false,24.53,15,100,good,24.5,done,80,true,true,-31.57,-3.00,-18.00,23.15,true,AUTO,true,2.00,1.50,,1580,false,3,false,cooldown,38594,3,false,200,25,6,true,-78,1425,12,3975974454,2.1,1740,1500,true,315.5,4,22.6,2,38.876877,-77.046471,true,38.876480,-77.046356
2026-08-02T10:45:36.947Z,0.13.3,false,true,16.38,false,false,false,false,false,none,1000,1476,2000,1500,1382,1000,-1.7,348.5,1660,true,off,1.00,false,false,true,1524,348.1,0.7,121036,,38.876743,-77.046288,false,24.53,15,100,good,24.5,done,80,true,true,-31.57,-3.00,-18.00,25.64,true,AUTO,true,2.00,1.50,,1618,false,3,false,cooldown,39587,3,false,200,25,5,true,-81,1466,12,3975974454,2.2,1702,1501,true,313.4,4,21.7,2,38.876877,-77.046471,true,38.876480,-77.046356
2026-08-02T10:45:37.947Z,0.13.3,false,true,16.32,false,false,false,false,false,none,1000,1476,2000,1500,1382,1000,-1.7,346.5,1660,true,off,1.00,false,false,true,1524,347.3,359.9,121036,,38.876751,-77.046295,false,24.53,15,100,good,24.5,done,80,true,true,-31.57,-3.00,-18.00,22.48,true,AUTO,true,2.00,1.50,,1631,false,3,false,cooldown,40581,3,false,200,25,6,true,-86,1462,12,3975974454,1.8,1689,1502,true,312.8,4,20.7,2,38.876877,-77.046471,true,38.876480,-77.046356
2026-08-02T10:45:39.014Z,0.13.3,false,true,16.38,false,false,false,false,false,none,1000,1476,2000,1500,1382,1000,-1.7,345.3,1660,true,off,1.00,false,false,true,1524,339.8,352.5,121036,,38.876759,-77.046295,false,24.53,15,100,good,24.5,done,80,true,true,-31.57,-3.00,-18.00,23.38,true,AUTO,true,2.00,1.50,,1647,false,3,false,cooldown,41601,3,false,200,25,3,true,-79,1478,12,3975974454,2.3,1673,1503,true,311.6,4,20.1,2,38.876877,-77.046471,true,38.876480,-77.046356
2026-08-02T10:45:39.948Z,0.13.3,false,true,16.37,false,false,false,false,false,none,1000,1476,2000,1500,1382,1000,-1.5,342.5,1660,true,off,1.00,false,false,true,1524,339.2,351.7,121036,,38.876770,-77.046303,false,24.53,15,100,good,24.5,done,80,true,true,-31.57,-3.00,-18.00,22.85,true,AUTO,true,2.00,1.50,,1580,false,3,false,cooldown,42596,3,false,200,25,4,true,-80,1453,12,3975974454,1.8,1740,1504,true,309.9,4,18.8,2,38.876877,-77.046471,true,38.876480,-77.046356
2026-08-02T10:45:40.981Z,0.13.3,false,true,16.33,false,false,false,false,false,none,1000,1476,2000,1500,1382,1000,-1.5,342.9,1660,true,off,1.00,false,false,true,1524,344.4,356.9,121036,,38.876778,-77.046303,false,24.53,15,100,good,24.5,done,80,true,true,-31.57,-3.00,-18.00,23.88,true,AUTO,true,2.00,1.50,,1645,false,3,false,cooldown,43613,3,false,200,25,4,true,-83,1446,12,3975974454,2.2,1675,1505,true,307.2,4,18.2,2,38.876877,-77.046471,true,38.876480,-77.046356
2026-08-02T10:45:41.998Z,0.13.3,false,true,16.16,false,false,false,false,false,none,1000,1476,2000,1500,1382,1000,-1.4,343.7,1660,true,off,1.00,false,false,true,1524,345.5,357.9,121036,,38.876789,-77.046310,false,24.53,15,100,good,24.5,done,80,true,true,-31.57,-3.00,-18.00,22.55,true,AUTO,true,2.00,1.50,,1580,false,3,false,cooldown,44630,3,false,200,25,6,true,-87,1435,12,3975974454,1.8,1740,1506,true,306.5,4,17.0,2,38.876877,-77.046471,true,38.876480,-77.046356
2026-08-02T10:45:44.381Z,0.13.3,false,true,16.38,false,false,false,false,false,none,1000,1476,2000,1500,1382,1000,-1.3,343.2,1660,true,off,1.00,false,false,true,1524,341.6,354.0,120880,,38.876816,-77.046318,false,24.53,15,100,good,24.5,done,80,true,true,-31.57,-3.00,-18.00,23.83,true,AUTO,true,2.00,1.50,,1580,false,3,false,cooldown,46958,3,false,200,25,7,true,-82,1429,12,3975974454,2.3,1740,1509,true,298.0,4,14.9,2,38.876877,-77.046471,true,38.876480,-77.046356
2026-08-02T10:45:47.149Z,0.13.3,false,true,16.25,false,false,false,false,false,none,1000,1476,2000,1500,1382,1000,-0.9,336.0,1660,true,off,1.00,false,false,true,1524,325.8,337.7,120884,,38.876839,-77.046326,false,24.53,15,100,good,24.5,done,80,true,true,-31.57,-3.00,-18.00,23.16,true,AUTO,true,2.00,1.50,,1609,false,3,false,cooldown,48988,3,false,200,25,5,true,-84,1451,12,3975974454,2.0,1711,1511,true,289.2,4,13.2,2,38.876877,-77.046471,true,38.876480,-77.046356
2026-08-02T10:45:47.332Z,0.13.3,false,true,16.26,false,false,false,false,false,none,1000,1476,2000,1500,1382,1000,-0.4,330.1,1660,true,off,1.00,false,false,true,1524,329.2,340.6,120880,,38.876846,-77.046333,false,24.53,15,100,good,24.5,done,80,true,true,-31.57,-3.00,-18.00,23.77,true,AUTO,true,2.00,1.50,,1604,false,3,false,cooldown,49989,3,false,200,25,5,true,-87,1443,12,3975974454,2.3,1716,1512,true,286.0,4,12.4,2,38.876877,-77.046471,true,38.876480,-77.046356
2026-08-02T10:45:48.349Z,0.13.3,false,true,16.33,false,false,false,false,false,none,1000,1476,2000,1500,1382,1000,-0.4,327.8,1660,true,off,1.00,false,false,true,1524,326.5,337.8,120880,,38.876854,-77.046341,false,24.53,15,100,good,24.5,done,80,true,true,-31.57,-3.00,-18.00,24.11,true,AUTO,true,2.00,1.50,,1635,false,3,false,cooldown,50983,3,false,200,25,6,true,-89,1451,12,3975974454,2.3,1685,1513,true,284.2,4,11.5,2,38.876877,-77.046471,true,38.876480,-77.046356
2026-08-02T10:45:49.382Z,0.13.3,false,true,16.24,false,false,false,false,false,none,1000,1476,2000,1500,1382,1000,-0.4,325.9,1660,true,off,1.00,false,false,true,1524,324.8,336.1,120880,,38.876865,-77.046349,false,24.53,15,100,good,24.5,done,80,true,true,-31.57,-3.00,-18.00,22.92,true,AUTO,true,2.00,1.50,,1590,false,3,false,cooldown,52034,3,false,200,25,1,true,-87,1429,12,3975974454,2.1,1730,1514,true,277.2,4,10.6,2,38.876877,-77.046471,true,38.876480,-77.046356
2026-08-02T10:45:50.901Z,0.13.3,,,16.30,,,,,false,,,,,,,,,322.7,,,,,false,,true,,325.3,,,,38.876873,-77.046364,,,,,,,,,,,,,,,,AUTO,,,,,1585,false,,,,,,,,,,,-87,1427,12,,2.5,,1515,true,,4,9.3,2,38.876877,-77.046471,true,,
2026-08-02T10:45:51.901Z,0.13.3,,,16.37,,,,,false,,,,,,,,,318.1,,,,,false,,true,,313.6,,,,38.876881,-77.046372,,,,,,,,,,,,,,,,AUTO,,,,,1609,false,,,,,,,,,,,-90,1452,12,,2.2,,1516,true,,4,8.6,2,38.876877,-77.046471,true,,
2026-08-02T10:45:52.901Z,0.13.3,,,16.38,,,,,false,,,,,,,,,314.2,,,,,false,,true,,306.3,,,,38.876888,-77.046379,,,,,,,,,,,,,,,,AUTO,,,,,1620,false,,,,,,,,,,,-90,1454,12,,2.0,,1517,true,,4,8.0,2,38.876877,-77.046471,true,,
2026-08-02T10:45:53.901Z,0.13.3,,,16.32,,,,,false,,,,,,,,,312.1,,,,,false,,true,,308.4,,,,38.876896,-77.046387,,,,,,,,,,,,,,,,AUTO,,,,,1580,false,,,,,,,,,,,-90,1418,12,,2.2,,1518,true,,4,47.7,3,38.876476,-77.046501,true,,
2026-08-02T10:45:54.901Z,0.13.3,,,16.31,,,,,false,,,,,,,,,311.0,,,,,false,,true,,310.4,,,,38.876903,-77.046394,,,,,,,,,,,,,,,,AUTO,,,,,1580,false,,,,,,,,,,,-90,1333,12,,2.1,,1519,true,,4,48.4,3,38.876476,-77.046501,true,,
2026-08-02T10:45:55.901Z,0.13.3,,,16.25,,,,,false,,,,,,,,,306.1,,,,,false,,true,,307.1,,,,38.876907,-77.046410,,,,,,,,,,,,,,,,AUTO,,,,,1580,false,,,,,,,,,,,-89,1334,12,,2.1,,1520,true,,4,48.6,3,38.876476,-77.046501,true,,
2026-08-02T10:45:56.901Z,0.13.3,,,16.22,,,,,false,,,,,,,,,291.1,,,,,false,,true,,291.9,,,,38.876911,-77.046417,,,,,,,,,,,,,,,,AUTO,,,,,1580,false,,,,,,,,,,,-91,1381,12,,2.1,,1521,true,,4,48.9,3,38.876476,-77.046501,true,,
2026-08-02T10:45:57.567Z,0.13.3,false,true,16.21,false,false,false,false,false,none,1000,1476,2000,1500,1382,1000,0.3,278.6,1660,true,off,1.00,false,false,true,1524,278.4,289.1,120880,,38.876911,-77.046432,false,24.53,15,100,good,24.5,done,80,true,true,-31.57,-3.00,-18.00,32.98,true,AUTO,true,2.00,1.50,t2 n0,1580,false,,false,off,,3,false,200,25,1,true,-91,1380,12,3975974454,1.6,1740,1522,true,187.1,4,48.7,3,38.876476,-77.046501,true,38.876896,-77.046387
2026-08-02T10:45:58.885Z,0.13.3,,,16.28,,,,,false,,,,,,,,,250.3,,,,,false,,true,,259.3,,,,38.876907,-77.046440,,,,,,,,,,,,,,,,AUTO,,,,,1598,false,,,,,,,,,,,-91,1426,12,,2.3,,1523,true,,4,48.2,3,38.876476,-77.046501,true,,
2026-08-02T10:45:59.885Z,0.13.3,,,16.34,,,,,false,,,,,,,,,240.2,,,,,false,,true,,246.0,,,,38.876900,-77.046455,,,,,,,,,,,,,,,,AUTO,,,,,1587,false,,,,,,,,,,,-91,1425,12,,2.0,,1524,true,,4,47.2,3,38.876476,-77.046501,true,,
2026-08-02T10:46:00.886Z,0.13.3,,,16.33,,,,,false,,,,,,,,,223.0,,,,,false,,true,,232.9,,,,38.876892,-77.046463,,,,,,,,,,,,,,,,AUTO,,,,,1580,false,,,,,,,,,,,-91,1441,12,,2.2,,1525,true,,4,46.4,3,38.876476,-77.046501,true,,
2026-08-02T10:46:01.551Z,0.13.3,false,true,16.38,false,false,false,false,false,none,1000,1476,2000,1500,1382,1000,-0.9,214.9,1660,true,off,1.00,false,false,true,1524,221.4,233.2,120856,,38.876884,-77.046471,false,24.53,15,100,good,24.5,done,80,true,true,-31.57,-3.00,-18.00,25.03,true,AUTO,true,2.00,1.50,t1 n0,1614,false,,false,off,,3,false,200,25,7,true,-85,1461,12,3975974454,2.2,1706,1526,true,183.3,4,45.5,3,38.876476,-77.046501,true,38.876896,-77.046387
2026-08-02T10:46:02.953Z,0.13.3,,,16.37,,,,,false,,,,,,,,,210.4,,,,,false,,true,,223.2,,,,38.876873,-77.046471,,,,,,,,,,,,,,,,AUTO,,,,,1624,false,,,,,,,,,,,-88,1445,12,,2.1,,1527,true,,4,44.2,3,38.876476,-77.046501,true,,
2026-08-02T10:46:03.953Z,0.13.3,,,16.26,,,,,false,,,,,,,,,210.2,,,,,false,,true,,218.2,,,,38.876865,-77.046478,,,,,,,,,,,,,,,,AUTO,,,,,1622,false,,,,,,,,,,,-88,1451,12,,2.0,,1528,true,,4,43.3,3,38.876476,-77.046501,true,,
2026-08-02T10:46:04.953Z,0.13.3,,,16.20,,,,,false,,,,,,,,,212.7,,,,,false,,true,,222.2,,,,38.876858,-77.046486,,,,,,,,,,,,,,,,AUTO,,,,,1592,false,,,,,,,,,,,-83,1431,12,,2.0,,1529,true,,4,42.4,3,38.876476,-77.046501,true,,
2026-08-02T10:46:05.618Z,0.13.3,false,true,16.27,false,false,false,false,false,none,1000,1476,2000,1500,1382,1000,-1.4,210.2,1660,true,off,1.00,false,false,true,1524,219.1,231.5,115992,,38.876850,-77.046494,false,24.53,15,100,good,24.5,done,80,true,true,-31.57,-3.00,-18.00,26.04,true,AUTO,true,2.00,1.50,t1 n0,1604,false,,false,off,,3,false,200,25,1,true,-84,1441,12,3975974454,2.1,1716,1530,true,180.9,4,41.6,3,38.876476,-77.046501,true,38.876896,-77.046387
2026-08-02T10:46:07.068Z,0.13.3,false,true,16.24,false,false,false,false,false,none,1000,1476,2000,1500,1382,1000,-1.8,205.1,1660,true,off,1.00,false,false,true,1524,215.3,228.1,109888,,38.876842,-77.046494,false,24.53,15,100,good,24.5,done,80,true,true,-31.57,-3.00,-18.00,28.45,true,AUTO,true,2.00,1.50,,1593,false,,false,off,,3,false,200,25,4,true,-88,1448,12,3975974454,2.0,1727,1531,true,180.9,4,40.7,3,38.876476,-77.046501,true,38.876896,-77.046387
2026-08-02T10:46:07.818Z,0.13.3,false,true,16.37,false,false,false,false,false,none,1000,1476,2000,1500,1382,1000,-1.9,203.1,1660,true,off,1.00,false,false,true,1524,204.7,217.6,120868,,38.876831,-77.046501,false,24.53,15,100,good,24.5,done,80,true,true,-31.57,-3.00,-18.00,21.85,true,AUTO,true,2.00,1.50,,1634,true,1,false,on,398,3,false,200,25,2,true,-90,1481,12,3975974454,1.9,1686,1532,true,180.0,4,39.4,3,38.876476,-77.046501,true,38.876896,-77.046387
2026-08-02T10:46:08.552Z,0.13.3,false,true,16.32,false,false,false,false,false,none,1000,1476,2000,1500,1382,1000,-2.2,207.8,1660,true,off,1.00,false,false,true,1524,213.0,226.2,120868,,38.876823,-77.046509,false,24.53,15,100,good,24.5,done,80,true,true,-31.57,-3.00,-18.00,22.90,true,AUTO,true,2.00,1.50,,1599,true,1,false,on,1423,3,false,200,25,4,true,-90,1442,12,3975974454,1.9,1721,1533,true,179.0,4,38.6,3,38.876476,-77.046501,true,38.876896,-77.046387
2026-08-02T10:46:09.985Z,0.13.3,false,true,16.21,false,false,false,false,false,none,1000,1476,2000,1500,1382,1000,-2.0,215.1,1660,true,off,1.00,false,false,true,1524,211.7,224.7,120864,,38.876820,-77.046516,false,24.53,15,100,good,24.5,done,80,true,true,-31.57,-3.00,-18.00,28.50,true,AUTO,true,2.00,1.50,,1619,true,1,false,on,2398,3,false,200,25,0,true,-87,1440,12,3975974454,1.9,1701,1534,true,178.0,4,38.2,3,38.876476,-77.046501,true,38.876896,-77.046387
2026-08-02T10:46:10.652Z,0.13.3,false,true,16.28,false,false,false,false,false,none,1000,1476,2000,1500,1382,1000,-2.0,213.0,1660,true,off,1.00,false,false,true,1524,216.0,229.0,120864,,38.876808,-77.046524,false,24.53,15,100,good,24.5,done,80,true,true,-31.57,-3.00,-18.00,28.69,true,AUTO,true,2.00,1.50,,1580,true,1,false,on,3493,3,false,200,25,2,true,-92,1428,12,3975974454,2.1,1740,1535,true,176.9,4,37.0,3,38.876476,-77.046501,true,38.876896,-77.046387
2026-08-02T10:46:11.635Z,0.13.3,false,true,16.35,false,false,false,false,false,none,1000,1476,2000,1500,1382,1000,-2.0,208.4,1660,true,off,1.00,false,false,true,1524,218.4,231.4,120860,,38.876801,-77.046524,false,24.53,15,100,good,24.5,done,80,true,true,-31.57,-3.00,-18.00,25.66,true,AUTO,true,2.00,1.50,,1606,true,1,false,on,4434,3,false,200,25,4,true,-88,1444,12,3975974454,2.1,1714,1536,true,176.8,4,36.1,3,38.876476,-77.046501,true,38.876896,-77.046387
2026-08-02T10:46:12.869Z,0.13.3,false,true,16.28,false,false,false,false,false,none,1000,1476,2000,1500,1382,1000,-2.7,204.4,1660,true,off,1.00,false,false,true,1524,217.3,231.0,120860,,38.876793,-77.046532,false,24.53,15,100,good,24.5,done,80,true,true,-31.57,-3.00,-18.00,27.20,true,AUTO,true,2.00,1.50,,1580,true,1,false,on,5433,3,false,200,25,1,true,-86,1431,12,3975974454,2.0,1740,1537,true,175.7,4,35.3,3,38.876476,-77.046501,true,38.876896,-77.046387
2026-08-02T10:46:15.336Z,0.13.3,false,true,16.31,false,false,false,false,false,none,1000,1476,2000,1500,1382,1000,-3.3,204.5,1660,true,off,1.00,false,false,true,1524,214.6,228.9,120860,,38.876781,-77.046539,false,24.53,15,100,good,24.5,done,80,true,true,-31.57,-3.00,-18.00,22.85,true,AUTO,true,2.00,1.50,,1618,false,1,false,pause,501,3,false,200,25,2,true,-89,1452,12,3975974454,2.2,1702,1538,true,174.4,4,34.1,3,38.876476,-77.046501,true,38.876896,-77.046387
2026-08-02T10:46:17.303Z,0.13.3,false,true,16.25,false,false,false,false,false,none,1000,1476,2000,1500,1382,1000,-3.8,205.4,1660,true,off,1.00,false,false,true,1524,209.1,223.9,120860,,38.876766,-77.046547,false,24.53,15,100,good,24.5,done,80,true,true,-31.57,-3.00,-18.00,21.70,true,AUTO,true,2.00,1.50,,1632,false,1,false,pause,2339,3,false,200,25,6,true,-88,1452,12,3975974454,2.2,1688,1540,true,173.0,4,32.5,3,38.876476,-77.046501,true,38.876896,-77.046387
2026-08-02T10:46:17.803Z,0.13.3,false,true,16.38,false,false,false,false,false,none,1000,1476,2000,1500,1382,1000,-4.3,201.8,1660,true,off,1.00,false,false,true,1524,200.7,216.0,120860,,38.876747,-77.046555,false,24.53,15,100,good,24.5,done,80,true,true,-31.57,-3.00,-18.00,21.45,true,AUTO,true,2.00,1.50,,1657,false,1,false,pause,4342,3,false,200,25,1,true,-89,1475,12,3975974454,2.2,1663,1542,true,171.2,4,30.5,3,38.876476,-77.046501,true,38.876896,-77.046387
2026-08-02T10:46:18.408Z,0.13.3,false,true,16.34,false,false,false,false,false,none,1000,1476,2000,1500,1382,1000,-4.3,202.6,1660,true,off,1.00,false,false,true,1524,206.4,221.7,120852,,38.876740,-77.046562,false,24.53,15,100,good,24.5,done,80,true,true,-31.57,-3.00,-18.00,22.37,true,AUTO,true,2.00,1.50,,1627,false,1,false,pause,5305,3,false,200,25,0,true,-90,1439,12,3975974454,1.9,1693,1543,true,169.8,4,29.7,3,38.876476,-77.046501,true,38.876896,-77.046387
2026-08-02T10:46:19.520Z,0.13.3,false,true,16.19,false,false,false,false,false,none,1000,1476,2000,1500,1382,1000,-4.5,203.3,1660,true,off,1.00,false,false,true,1524,201.6,217.1,120864,,38.876728,-77.046562,false,24.53,15,100,good,24.5,done,80,true,true,-31.57,-3.00,-18.00,27.92,true,AUTO,true,2.00,1.50,,1603,true,2,false,on,321,3,false,200,25,1,true,-85,1455,12,3975974454,2.0,1717,1544,true,169.1,4,28.5,3,38.876476,-77.046501,true,38.876896,-77.046387
2026-08-02T10:46:20.620Z,0.13.3,false,true,16.27,false,false,false,false,false,none,1000,1476,2000,1500,1382,1000,-4.7,199.6,1660,true,off,1.00,false,false,true,1524,205.9,221.6,120856,,38.876720,-77.046570,false,24.53,15,100,good,24.5,done,80,true,true,-31.57,-3.00,-18.00,27.20,true,AUTO,true,2.00,1.50,,1591,true,2,false,on,1334,3,false,200,25,6,true,-86,1437,12,3975974454,2.0,1729,1545,true,167.6,4,27.8,3,38.876476,-77.046501,true,38.876896,-77.046387
2026-08-02T10:46:21.737Z,0.13.3,false,true,16.34,false,false,false,false,false,none,1000,1476,2000,1500,1382,1000,-5.1,201.4,1660,true,off,1.00,false,false,true,1524,207.9,224.0,120864,,38.876713,-77.046577,false,24.53,15,100,good,24.5,done,80,true,true,-31.57,-3.00,-18.00,24.88,true,AUTO,true,2.00,1.50,,1589,true,2,false,on,2338,3,false,200,25,0,true,-85,1442,12,3975974454,2.2,1731,1546,true,165.9,4,27.1,3,38.876476,-77.046501,true,38.876896,-77.046387
2026-08-02T10:46:24.321Z,0.13.3,false,true,16.36,false,false,false,false,false,none,1000,1476,2000,1500,1382,1000,-5.1,200.8,1660,true,off,1.00,false,false,true,1524,211.2,227.3,120864,,38.876701,-77.046577,false,24.53,15,100,good,24.5,done,80,true,true,-31.57,-3.00,-18.00,24.61,true,AUTO,true,2.00,1.50,,1630,true,2,false,on,3356,3,false,200,25,1,true,-81,1431,12,3975974454,2.1,1690,1547,true,165.2,4,25.9,3,38.876476,-77.046501,true,38.876896,-77.046387
2026-08-02T10:46:24.688Z,0.13.3,false,true,16.28,false,false,false,false,false,none,1000,1476,2000,1500,1382,1000,-5.5,201.9,1660,true,off,1.00,false,false,true,1524,209.7,226.1,120872,,38.876682,-77.046585,false,24.53,15,100,good,24.5,done,80,true,true,-31.57,-3.00,-18.00,21.52,true,AUTO,true,2.00,1.50,,1580,true,2,false,on,5313,3,false,200,25,2,true,-83,1416,12,3975974454,2.2,1740,1549,true,162.2,4,24.0,3,38.876476,-77.046501,true,38.876896,-77.046387
2026-08-02T10:46:25.438Z,0.13.3,false,true,16.30,false,false,false,false,false,none,1000,1476,2000,1500,1382,1000,-5.5,200.6,1660,true,off,1.00,false,false,true,1524,204.4,220.8,120876,,38.876675,-77.046593,false,24.53,15,100,good,24.5,done,80,true,true,-31.57,-3.00,-18.00,24.45,true,AUTO,true,2.00,1.50,,1580,false,2,false,pause,322,3,false,200,25,4,true,-83,1424,12,3975974454,2.0,1740,1550,true,160.2,4,23.4,3,38.876476,-77.046501,true,38.876896,-77.046387
2026-08-02T10:46:26.555Z,0.13.3,false,true,16.19,false,false,false,false,false,none,1000,1476,2000,1500,1382,1000,-5.5,193.1,1660,true,off,1.00,false,false,true,1524,195.6,212.1,120880,,38.876667,-77.046593,false,24.53,15,100,good,24.5,done,80,true,true,-31.57,-3.00,-18.00,26.51,true,AUTO,true,2.00,1.50,,1580,false,2,false,pause,1342,3,false,200,25,8,true,-79,1449,12,3975974454,2.0,1740,1551,true,159.7,4,22.6,3,38.876476,-77.046501,true,38.876896,-77.046387
2026-08-02T10:46:27.655Z,0.13.3,false,true,16.32,false,false,false,false,false,none,1000,1476,2000,1500,1382,1000,-5.5,185.3,1660,true,off,1.00,false,false,true,1524,185.9,202.3,120884,,38.876656,-77.046593,false,24.53,15,100,good,24.5,done,80,true,true,-31.57,-3.00,-18.00,23.43,true,AUTO,true,2.00,1.50,,1596,false,2,false,pause,2362,3,false,200,25,2,true,-84,1464,12,3975974454,1.8,1724,1552,true,158.1,4,21.5,3,38.876476,-77.046501,true,38.876896,-77.046387
2026-08-02T10:46:28.672Z,0.13.3,false,true,16.36,false,false,false,false,false,none,1000,1476,2000,1500,1382,1000,-5.5,184.2,1660,true,off,1.00,false,false,true,1524,183.5,199.9,120872,,38.876648,-77.046593,false,24.53,15,100,good,24.5,done,80,true,true,-31.57,-3.00,-18.00,22.23,true,AUTO,true,2.00,1.50,,1627,false,2,false,pause,3370,3,false,200,25,2,true,-85,1473,12,3975974454,1.9,1693,1553,true,156.9,4,20.7,3,38.876476,-77.046501,true,38.876896,-77.046387
2026-08-02T10:46:31.339Z,0.13.3,false,true,16.36,false,false,false,false,false,none,1000,1476,2000,1500,1382,1000,-5.5,185.8,1660,true,off,1.00,false,false,true,1524,190.6,207.0,120876,,38.876640,-77.046593,false,24.53,15,100,good,24.5,done,80,true,true,-31.57,-3.00,-18.00,21.45,true,AUTO,true,2.00,1.50,,1641,false,2,false,pause,4372,3,false,200,25,2,true,-85,1451,12,3975974454,1.9,1679,1554,true,156.5,4,19.9,3,38.876476,-77.046501,true,38.876896,-77.046387
2026-08-02T10:46:31.639Z,0.13.3,false,true,16.25,false,false,false,false,false,none,1000,1476,2000,1500,1382,1000,-5.5,194.9,1660,true,off,1.00,false,false,true,1524,194.9,211.4,120884,,38.876621,-77.046600,false,24.53,15,100,good,24.5,done,80,true,true,-31.57,-3.00,-18.00,25.53,true,AUTO,true,2.00,1.50,,1580,true,3,false,on,329,3,false,200,25,4,true,-87,1428,12,3975974454,2.2,1740,1556,true,151.7,4,18.3,3,38.876476,-77.046501,true,38.876896,-77.046387
2026-08-02T10:46:32.822Z,0.13.3,false,true,16.27,false,false,false,false,false,none,1000,1476,2000,1500,1382,1000,-5.7,190.1,1660,true,off,1.00,false,false,true,1524,194.5,211.2,120860,,38.876614,-77.046608,false,24.53,15,100,good,24.5,done,80,true,true,-31.57,-3.00,-18.00,23.07,true,AUTO,true,2.00,1.50,,1580,true,3,false,on,1352,3,false,200,25,3,true,-83,1434,12,3975974454,2.1,1740,1557,true,149.0,4,17.9,3,38.876476,-77.046501,true,38.876896,-77.046387
2026-08-02T10:46:33.472Z,0.13.3,false,true,16.22,false,false,false,false,false,none,1000,1476,2000,1500,1382,1000,-6.1,191.4,1660,true,off,1.00,false,false,true,1524,199.9,217.0,120880,,38.876602,-77.046608,false,24.53,15,100,good,24.5,done,80,true,true,-31.57,-3.00,-18.00,24.39,true,AUTO,true,2.00,1.50,,1580,true,3,false,on,2339,3,false,200,25,4,true,-80,1412,12,3975974454,2.2,1740,1558,true,146.7,4,16.8,3,38.876476,-77.046501,true,38.876896,-77.046387
2026-08-02T10:46:34.539Z,0.13.3,false,true,16.32,false,false,false,false,false,none,1000,1476,2000,1500,1382,1000,-6.1,186.8,1660,true,off,1.00,false,false,true,1524,196.7,213.9,120872,,38.876591,-77.046608,false,24.53,15,100,good,24.5,done,80,true,true,-31.57,-3.00,-18.00,23.67,true,AUTO,true,2.00,1.50,,1580,true,3,false,on,3340,3,false,200,25,4,true,-82,1430,12,3975974454,2.1,1740,1559,true,143.6,4,15.7,3,38.876476,-77.046501,true,38.876896,-77.046387
2026-08-02T10:46:35.573Z,0.13.3,false,true,16.33,false,false,false,false,false,none,1000,1476,2000,1500,1382,1000,-6.3,181.2,1660,true,off,1.00,false,false,true,1524,185.3,202.6,120880,,38.876583,-77.046608,false,24.53,15,100,good,24.5,done,80,true,true,-31.57,-3.00,-18.00,23.59,true,AUTO,true,2.00,1.50,,1589,true,3,false,on,4364,3,false,200,25,4,true,-88,1445,12,3975974454,2.1,1731,1560,true,142.3,4,15.1,3,38.876476,-77.046501,true,38.876896,-77.046387
2026-08-02T10:46:36.689Z,0.13.3,false,true,16.35,false,false,false,false,false,none,1000,1476,2000,1500,1382,1000,-6.3,173.4,1660,true,off,1.00,false,false,true,1524,177.5,194.9,120872,,38.876572,-77.046608,false,24.53,15,100,good,24.5,done,80,true,true,-31.57,-3.00,-18.00,22.49,true,AUTO,true,2.00,1.50,,1648,true,3,false,on,5380,3,false,200,25,3,true,-93,1471,12,3975974454,2.0,1672,1561,true,139.0,4,14.1,3,38.876476,-77.046501,true,38.876896,-77.046387
2026-08-02T10:46:37.790Z,0.13.3,false,true,16.37,false,false,false,false,false,none,1000,1476,2000,1500,1382,1000,-6.3,172.5,1660,true,off,1.00,false,false,true,1524,173.8,191.1,120880,,38.876564,-77.046608,false,24.53,15,100,good,24.5,done,80,true,true,-31.57,-3.00,-18.00,24.99,true,AUTO,true,2.00,1.50,,1696,false,3,false,pause,372,3,false,200,25,2,true,-85,1451,12,3975974454,1.7,1624,1562,true,135.8,4,13.4,3,38.876476,-77.046501,true,38.876896,-77.046387
2026-08-02T10:46:38.623Z,0.13.3,false,true,16.31,false,false,false,false,false,none,1000,1476,2000,1500,1382,1000,-6.3,170.6,1660,true,off,1.00,false,false,true,1524,171.2,188.5,120872,,38.876556,-77.046600,false,24.53,15,100,good,24.5,done,80,true,true,-31.57,-3.00,-18.00,21.52,true,AUTO,true,2.00,1.50,,1612,false,3,false,pause,1376,3,false,200,25,6,true,-88,1448,12,3975974454,1.7,1708,1563,true,134.9,4,12.4,3,38.876476,-77.046501,true,38.876896,-77.046387
2026-08-02T10:46:39.590Z,0.13.3,false,true,16.29,false,false,false,false,false,none,1000,1476,2000,1500,1382,1000,-6.3,163.9,1660,true,off,1.00,false,false,true,1524,162.8,180.1,120884,,38.876549,-77.046600,false,24.53,15,100,good,24.5,done,80,true,true,-31.57,-3.00,-18.00,22.17,true,AUTO,true,2.00,1.50,,1601,false,3,false,pause,2391,3,false,200,25,4,true,-82,1461,12,3975974454,1.8,1719,1564,true,133.6,4,11.8,3,38.876476,-77.046501,true,38.876896,-77.046387
2026-08-02T10:46:40.507Z,0.13.3,false,true,16.36,false,false,false,false,false,none,1000,1476,2000,1500,1382,1000,-6.4,159.5,1660,true,off,1.00,false,false,true,1524,161.6,179.0,120880,,38.876541,-77.046593,false,24.53,15,100,good,24.5,done,80,true,true,-31.57,-3.00,-18.00,23.58,true,AUTO,true,2.00,1.50,,1612,false,3,false,pause,3390,3,false,200,25,2,true,-75,1457,12,3975974454,2.0,1708,1565,true,132.3,4,10.7,3,38.876476,-77.046501,true,38.876896,-77.046387
2026-08-02T10:46:41.574Z,0.13.3,false,true,16.36,false,false,false,false,false,none,1000,1476,2000,1500,1382,1000,-6.8,156.1,1660,true,off,1.00,false,false,true,1524,163.7,181.5,120876,,38.876534,-77.046593,false,24.53,15,100,good,24.5,done,80,true,true,-31.57,-3.00,-18.00,22.95,true,AUTO,true,2.00,1.50,,1580,false,3,false,pause,4402,3,false,200,25,6,true,-85,1451,12,3975974454,1.8,1740,1566,true,129.2,4,10.2,3,38.876476,-77.046501,true,38.876896,-77.046387
2026-08-02T10:46:42.590Z,0.13.3,true,true,16.34,false,false,false,false,false,none,1000,1476,2000,1500,1382,1000,-6.8,161.8,1660,true,off,1.00,false,false,true,1524,169.9,187.7,120652,,38.876526,-77.046585,false,24.53,15,100,good,24.5,done,80,true,true,-31.57,-3.00,-18.00,23.51,true,AUTO,true,2.00,1.50,,1597,false,3,false,pause,5407,3,false,200,25,1,true,-89,1423,12,3975974454,2.1,1723,1567,true,125.2,4,9.1,3,38.876476,-77.046501,true,38.876896,-77.046387
2026-08-02T10:46:43.590Z,0.13.3,true,true,16.27,false,false,false,false,false,none,1000,1476,2000,1500,1382,1000,-7.0,167.2,1660,true,off,1.00,false,false,true,1524,170.5,188.5,120860,,38.876514,-77.046585,false,24.53,15,100,good,24.5,done,80,true,true,-31.57,-3.00,-18.00,24.92,true,AUTO,true,2.00,1.50,,1603,false,3,false,cooldown,434,3,false,200,25,5,true,-82,1432,12,3975974454,2.2,1717,1568,true,118.8,4,8.4,3,38.876476,-77.046501,true,38.876896,-77.046387
2026-08-02T10:46:44.690Z,0.13.3,true,true,16.36,false,false,false,false,false,none,1000,1476,2000,1500,1382,1000,-7.0,168.3,1660,true,off,1.00,false,false,true,1524,168.5,186.5,120864,,38.876507,-77.046585,false,24.53,15,100,good,24.5,done,80,true,true,-31.57,-3.00,-18.00,24.74,true,AUTO,true,2.00,1.50,,1605,false,3,false,cooldown,1424,3,false,200,25,2,true,-85,1444,12,3975974454,1.9,1715,1569,true,114.0,4,8.0,3,38.876476,-77.046501,true,38.876896,-77.046387
2026-08-02T10:46:45.791Z,0.13.3,true,true,16.26,false,false,false,false,false,none,1000,1476,2000,1500,1382,1000,-7.0,162.6,1660,true,off,1.00,false,false,true,1524,164.0,181.9,120884,,38.876499,-77.046585,false,24.53,15,100,good,24.5,done,80,true,true,-31.57,-3.00,-18.00,23.74,true,AUTO,true,2.00,1.50,,1645,false,3,false,cooldown,2426,3,false,200,25,2,true,-72,1452,12,3975974454,1.8,1675,1570,true,106.0,4,7.7,3,38.876476,-77.046501,true,38.876896,-77.046387
2026-08-02T10:46:48.258Z,0.13.3,true,true,16.38,false,false,false,false,true,crossing,1000,1476,2000,1500,1382,1000,-7.0,156.2,1660,true,off,1.00,false,false,true,1524,155.0,173.0,120864,,38.876488,-77.046577,false,24.53,15,100,good,24.5,done,80,true,true,-31.57,-3.00,-18.00,21.29,false,AUTO,true,2.00,1.50,,1500,false,3,false,cooldown,3450,3,false,200,25,2,true,-77,1500,12,3975974454,2.0,1500,1571,true,0.0,4,0.0,3,38.876476,-77.046501,true,38.876896,-77.046387
2026-08-02T10:46:48.441Z,0.13.3,true,true,16.39,false,false,false,false,true,crossing,1000,1476,2000,1500,1382,1000,-7.0,158.4,1660,true,off,1.00,false,false,true,1524,146.8,164.8,120880,,38.876480,-77.046570,false,24.53,15,100,good,24.5,done,80,true,true,-31.57,-3.00,-18.00,23.68,false,AUTO,true,2.00,1.50,,1500,false,3,false,cooldown,5254,3,false,200,25,4,true,-72,1500,12,3975974454,1.2,1500,1573,true,0.0,4,0.0,3,38.876476,-77.046501,true,38.876896,-77.046387
2026-08-02T10:46:49.492Z,0.13.3,true,true,16.38,false,false,false,false,true,crossing,1000,1476,2000,1500,1382,1000,-7.0,163.6,1660,true,off,1.00,false,false,true,1524,151.9,169.9,120880,,38.876472,-77.046570,false,24.53,15,100,good,24.5,done,80,true,true,-31.57,-3.00,-18.00,22.05,false,AUTO,true,2.00,1.50,,1500,false,3,false,cooldown,6309,3,false,200,25,3,true,-73,1500,12,3975974454,1.0,1500,1574,true,0.0,4,0.0,3,38.876476,-77.046501,true,38.876896,-77.046387
2026-08-02T10:46:50.425Z,0.13.3,true,true,16.38,false,false,false,false,true,crossing,1000,1476,2000,1500,1382,1000,-7.0,165.3,1660,true,off,1.00,false,false,true,1524,157.9,175.9,120852,,38.876469,-77.046570,false,24.53,15,100,good,24.5,done,80,true,true,-31.57,-3.00,-18.00,23.52,false,AUTO,true,2.00,1.50,,1500,false,3,false,cooldown,7275,3,false,200,25,1,true,-70,1500,12,3975974454,0.9,1500,1575,true,0.0,4,0.0,3,38.876476,-77.046501,true,38.876896,-77.046387
2026-08-02T10:46:53.242Z,0.13.3,true,true,16.39,false,false,false,false,true,crossing,1000,1476,2000,1500,1382,1000,-7.0,185.0,1660,true,off,1.00,false,false,true,1524,160.0,178.0,120860,,38.876465,-77.046570,false,24.53,15,100,good,24.5,done,80,true,true,-31.57,-3.00,-18.00,22.02,false,AUTO,true,2.00,1.50,,1500,false,3,false,cooldown,8276,3,false,200,25,7,true,-71,1500,12,3975974454,1.2,1500,1576,true,0.0,4,0.0,3,38.876476,-77.046501,true,38.876896,-77.046387
2026-08-02T10:46:53.409Z,0.13.3,true,true,16.39,false,false,false,false,true,crossing,1000,1476,2000,1500,1382,1000,-7.0,178.2,1660,true,off,1.00,false,false,true,1524,169.4,187.4,120852,,38.876457,-77.046570,false,24.53,15,100,good,24.5,done,80,true,true,-31.57,-3.00,-18.00,20.74,false,AUTO,true,2.00,1.50,,1500,false,3,false,cooldown,10235,3,false,200,25,4,true,-67,1500,12,3975974454,0.6,1500,1578,true,0.0,4,0.0,3,38.876476,-77.046501,true,38.876896,-77.046387
2026-08-02T10:46:54.359Z,0.13.3,true,true,16.40,false,false,false,false,true,crossing,1000,1476,2000,1500,1382,1000,-7.0,186.5,1660,true,off,1.00,false,false,true,1524,181.0,199.0,120860,,38.876457,-77.046570,false,24.53,15,100,good,24.5,done,80,true,true,-31.57,-3.00,-18.00,24.36,false,AUTO,true,2.00,1.50,,1500,false,3,false,cooldown,11243,3,false,200,25,3,true,-67,1500,12,3975974454,0.5,1500,1579,true,0.0,4,0.0,3,38.876476,-77.046501,true,38.876896,-77.046387
2026-08-02T10:46:55.376Z,0.13.3,true,true,16.40,false,false,false,false,true,crossing,1000,1476,2000,1500,1382,1000,-7.0,186.5,1660,true,off,1.00,false,false,true,1524,187.5,205.5,120852,,38.876453,-77.046570,false,24.53,15,100,good,24.5,done,80,true,true,-31.57,-3.00,-18.00,24.94,false,AUTO,true,2.00,1.50,,1500,false,3,false,cooldown,12258,3,false,200,25,1,true,-68,1500,12,3975974454,0.3,1500,1580,true,0.0,4,0.0,3,38.876476,-77.046501,true,38.876896,-77.046387
2026-08-02T10:46:56.392Z,0.13.3,true,true,16.39,false,false,false,false,true,crossing,1000,1476,2000,1500,1382,1000,-7.0,189.9,1660,true,off,1.00,false,false,true,1524,185.5,203.5,120860,,38.876453,-77.046570,false,24.53,15,100,good,24.5,done,80,true,true,-31.57,-3.00,-18.00,22.31,false,AUTO,true,2.00,1.50,,1500,false,3,false,cooldown,13263,3,false,200,25,5,true,-68,1500,12,3975974454,0.3,1500,1581,true,0.0,4,0.0,3,38.876476,-77.046501,true,38.876896,-77.046387
2026-08-02T10:46:57.376Z,0.13.3,true,true,16.39,false,false,false,false,true,crossing,1000,1476,2000,1500,1382,1000,-7.0,194.2,1660,true,off,1.00,false,false,true,1524,191.9,209.9,120852,,38.876450,-77.046570,false,24.53,15,100,good,24.5,done,80,true,true,-31.57,-3.00,-18.00,18.51,false,AUTO,true,2.00,1.50,,1500,false,3,false,cooldown,14278,3,false,200,25,5,true,-66,1500,12,3975974454,0.3,1500,1582,true,0.0,4,0.0,3,38.876476,-77.046501,true,38.876896,-77.046387
2026-08-02T10:46:58.493Z,0.13.3,true,true,16.39,false,false,false,false,true,crossing,1000,1476,2000,1500,1382,1000,-7.0,194.2,1660,true,off,1.00,false,false,true,1524,201.9,219.9,120860,,38.876450,-77.046570,false,24.53,15,100,good,24.5,done,80,true,true,-31.57,-3.00,-18.00,20.04,false,AUTO,true,2.00,1.50,,1500,false,3,false,cooldown,15274,3,false,200,25,7,true,-68,1500,12,3975974454,0.4,1500,1583,true,0.0,4,0.0,3,38.876476,-77.046501,true,38.876896,-77.046387
2026-08-02T10:46:59.426Z,0.13.3,true,true,16.39,false,false,false,false,true,crossing,1000,1476,2000,1500,1382,1000,-7.0,194.2,1660,true,off,1.00,false,false,true,1524,206.0,223.9,120852,,38.876450,-77.046577,false,24.53,15,100,good,24.5,done,80,true,true,-31.57,-3.00,-18.00,27.56,false,AUTO,true,2.00,1.50,,1500,false,3,false,cooldown,16315,3,false,200,25,8,true,-73,1500,12,3975974454,0.2,1500,1584,true,0.0,4,0.0,3,38.876476,-77.046501,true,38.876896,-77.046387
2026-08-02T10:47:00.426Z,0.13.3,true,true,16.39,false,false,false,false,true,crossing,1000,1476,2000,1500,1382,1000,-7.0,194.2,1660,true,off,1.00,false,false,true,1524,196.9,214.9,120860,,38.876446,-77.046577,false,24.53,15,100,good,24.5,done,80,true,true,-31.57,-3.00,-18.00,27.67,false,AUTO,true,2.00,1.50,,1500,false,3,false,cooldown,17292,3,false,200,25,7,true,-69,1500,12,3975974454,0.3,1500,1585,true,0.0,4,0.0,3,38.876476,-77.046501,true,38.876896,-77.046387
2026-08-02T10:47:01.410Z,0.13.3,true,true,16.40,false,false,false,false,true,crossing,1000,1476,2000,1500,1382,1000,-7.0,194.2,1660,true,off,1.00,false,false,true,1524,196.6,214.6,120864,,38.876446,-77.046577,false,24.53,15,100,good,24.5,done,80,true,true,-31.57,-3.00,-18.00,22.60,false,AUTO,true,2.00,1.50,,1500,false,3,false,cooldown,18311,3,false,200,25,2,true,-68,1500,12,3975974454,0.2,1500,1586,true,0.0,4,0.0,3,38.876476,-77.046501,true,38.876896,-77.046387
2026-08-02T10:47:02.427Z,0.13.3,true,true,16.40,false,false,false,false,true,crossing,1000,1476,2000,1500,1382,1000,-7.0,194.2,1660,true,off,1.00,false,false,true,1524,201.4,219.3,120872,,38.876446,-77.046577,false,24.53,15,100,good,24.5,done,80,true,true,-31.57,-3.00,-18.00,20.70,false,AUTO,true,2.00,1.50,,1500,false,3,false,cooldown,19321,3,false,200,25,4,true,-69,1500,12,3975974454,0.2,1500,1587,true,0.0,4,0.0,3,38.876476,-77.046501,true,38.876896,-77.046387
2026-08-02T10:47:03.493Z,0.13.3,true,true,16.40,false,false,false,false,true,crossing,1000,1476,2000,1500,1382,1000,-7.0,194.2,1660,true,off,1.00,false,false,true,1524,208.1,226.1,120880,,38.876446,-77.046577,false,24.53,15,100,good,24.5,done,80,true,true,-31.57,-3.00,-18.00,21.61,false,AUTO,true,2.00,1.50,,1500,false,3,false,cooldown,20311,3,false,200,25,1,true,-70,1500,12,3975974454,0.4,1500,1588,true,0.0,4,0.0,3,38.876476,-77.046501,true,38.876896,-77.046387
2026-08-02T10:47:04.460Z,0.13.3,true,true,16.39,false,false,false,false,true,crossing,1000,1476,2000,1500,1382,1000,-7.0,194.2,1660,true,off,1.00,false,false,true,1524,210.6,228.6,120880,,38.876446,-77.046577,false,24.53,15,100,good,24.5,done,80,true,true,-31.57,-3.00,-18.00,24.13,false,AUTO,true,2.00,1.50,,1500,false,3,false,cooldown,21332,3,false,200,25,4,true,-78,1500,12,3975974454,0.3,1500,1589,true,0.0,4,0.0,3,38.876476,-77.046501,true,38.876896,-77.046387
2026-08-02T10:47:05.444Z,0.13.3,true,true,16.39,false,false,false,false,true,crossing,1000,1476,2000,1500,1382,1000,-7.0,194.2,1660,true,off,1.00,false,false,true,1524,206.0,224.0,120860,,38.876446,-77.046585,false,24.53,15,100,good,24.5,done,80,true,true,-31.57,-3.00,-18.00,26.99,false,AUTO,true,2.00,1.50,,1500,false,3,false,cooldown,22334,3,false,200,25,6,true,-73,1500,12,3975974454,0.2,1500,1590,true,0.0,4,0.0,3,38.876476,-77.046501,true,38.876896,-77.046387
2026-08-02T10:47:06.427Z,0.13.3,false,true,16.40,false,false,false,false,false,none,1000,1476,2000,1500,1382,1000,-7.0,194.2,1660,true,off,1.00,false,false,true,1524,199.9,217.9,120864,,38.876442,-77.046585,false,24.53,15,100,good,24.5,done,80,true,true,-31.57,-3.00,-18.00,22.07,false,AUTO,true,2.00,1.50,,1500,false,3,false,cooldown,23327,3,false,200,25,5,true,-73,1500,12,3975974454,0.2,1500,1591,true,,0,,0,,,false,,
2026-08-02T10:47:07.444Z,0.13.3,false,true,16.39,false,false,false,false,false,none,1000,1476,2000,1500,1382,1000,-7.0,194.2,1660,true,off,1.00,false,false,true,1524,200.4,218.3,120880,,38.876442,-77.046585,false,24.53,15,100,good,24.5,done,80,true,true,-31.57,-3.00,-18.00,20.95,false,AUTO,true,2.00,1.50,,1500,false,3,false,cooldown,24347,3,false,200,25,1,true,-75,1500,12,3975974454,0.3,1500,1592,true,,0,,0,,,false,,
2026-08-02T10:47:08.511Z,0.13.3,false,true,16.39,false,false,false,false,false,none,1000,1476,2000,1500,1382,1000,-7.0,242.0,1660,true,off,1.00,false,false,true,1524,202.6,220.6,120880,,38.876442,-77.046585,false,24.53,15,100,good,24.5,done,80,true,true,-31.57,-3.00,-18.00,20.77,false,AUTO,true,2.00,1.50,,1500,false,3,false,cooldown,25378,3,false,200,25,0,true,-73,1500,12,3975974454,0.5,1500,1593,true,,0,,0,,,false,,
2026-08-02T10:47:09.544Z,0.13.3,false,true,16.40,false,false,false,false,false,none,1000,1476,2000,1500,1382,1000,-7.0,242.0,1660,true,off,1.00,false,false,true,1524,203.3,221.3,120880,,38.876442,-77.046593,false,24.53,15,100,good,24.5,done,80,true,true,-31.57,-3.00,-18.00,20.98,false,AUTO,true,2.00,1.50,,1500,false,3,false,cooldown,26363,3,false,200,25,1,true,-75,1500,12,3975974454,0.3,1500,1594,true,,0,,0,,,false,,
2026-08-02T10:47:10.511Z,0.13.3,false,true,16.40,false,false,false,false,false,none,1000,1476,2000,1500,1382,1000,-7.0,242.0,1660,true,off,1.00,false,false,true,1524,203.0,220.9,120880,,38.876442,-77.046593,false,24.53,15,100,good,24.5,done,80,true,true,-31.57,-3.00,-18.00,22.31,false,AUTO,true,2.00,1.50,,1500,false,3,false,cooldown,27385,3,false,200,25,5,true,-71,1500,12,3975974454,0.2,1500,1595,true,,0,,0,,,false,,
2026-08-02T10:47:11.545Z,0.13.3,false,true,16.39,false,false,false,false,false,none,1000,1476,2000,1500,1382,1000,-7.0,242.0,1660,true,off,1.00,false,false,true,1524,206.4,224.4,120880,,38.876442,-77.046593,false,24.53,15,100,good,24.5,done,80,true,true,-31.57,-3.00,-18.00,22.18,false,AUTO,true,2.00,1.50,,1500,false,3,false,cooldown,28380,3,false,200,25,7,true,-72,1500,12,3975974454,0.1,1500,1596,true,,0,,0,,,false,,
2026-08-02T10:47:12.612Z,0.13.3,false,true,16.40,false,false,false,false,false,none,1000,1476,2000,1500,1382,1000,-7.0,242.0,1660,true,off,1.00,false,false,true,1524,212.1,230.1,120872,,38.876442,-77.046593,false,24.53,15,100,good,24.5,done,80,true,true,-31.57,-3.00,-18.00,25.44,false,AUTO,true,2.00,1.50,,1500,false,3,false,cooldown,29424,3,false,200,25,5,true,-71,1500,12,3975974454,0.1,1500,1597,true,,0,,0,,,false,,
2026-08-02T10:47:13.578Z,0.13.3,false,true,16.39,false,false,false,false,false,none,1000,1476,2000,1500,1382,1000,-7.0,242.0,1660,true,off,1.00,false,false,true,1524,209.1,227.1,120884,,38.876446,-77.046593,false,24.53,15,100,good,24.5,done,80,true,true,-31.57,-3.00,-18.00,26.68,false,AUTO,true,2.00,1.50,,1500,false,3,false,cooldown,30394,3,false,200,25,4,true,-72,1500,12,3975974454,0.1,1500,1598,true,,0,,0,,,false,,
2026-08-02T10:47:14.562Z,0.13.3,false,true,16.40,false,false,false,false,false,none,1000,1476,2000,1500,1382,1000,-7.0,242.0,1660,true,off,1.00,false,false,true,1524,208.9,226.9,120868,,38.876446,-77.046593,false,24.53,15,100,good,24.5,done,80,true,true,-31.57,-3.00,-18.00,19.92,false,AUTO,true,2.00,1.50,,1500,false,3,false,cooldown,31434,3,false,200,25,4,true,-72,1500,12,3975974454,0.3,1500,1599,true,,0,,0,,,false,,
2026-08-02T10:47:15.745Z,0.13.3,false,true,16.39,false,false,false,false,false,none,1000,1476,2000,1500,1382,1000,-7.0,274.6,1660,true,off,1.00,false,false,true,1524,214.3,232.3,120676,,38.876446,-77.046600,false,24.53,15,100,good,24.5,done,80,true,true,-31.57,-3.00,-18.00,17.91,false,AUTO,true,2.00,1.50,,1500,false,3,false,cooldown,32423,3,false,200,25,1,true,-72,1500,12,3975974454,0.5,1500,1600,true,,0,,0,,,false,,
2026-08-02T10:47:16.562Z,0.13.3,false,true,16.40,false,false,false,false,false,none,1000,1476,2000,1500,1382,1000,-7.0,274.6,1660,true,off,1.00,false,false,true,1524,219.4,237.4,120880,,38.876446,-77.046600,false,24.53,15,100,good,24.5,done,80,true,true,-31.57,-3.00,-18.00,23.59,false,AUTO,true,2.00,1.50,,1500,false,3,false,cooldown,33428,3,false,200,25,4,true,-71,1500,12,3975974454,0.3,1500,1601,true,,0,,0,,,false,,
2026-08-02T10:47:17.695Z,0.13.3,false,true,16.22,false,false,false,false,false,none,1000,1476,2000,1500,1382,1000,-7.0,274.6,1660,true,off,1.00,false,false,true,1524,221.5,239.5,120856,,38.876446,-77.046600,false,24.53,15,100,good,24.5,done,80,true,true,-31.57,-3.00,-18.00,29.54,true,AUTO,true,2.00,1.50,,1580,false,3,false,cooldown,34472,3,false,200,25,2,true,-74,1438,12,3975974454,0.2,1740,1602,true,146.2,1,11.4,0,38.876362,-77.046524,true,38.876446,-77.046600
2026-08-02T10:47:18.562Z,0.13.3,false,true,16.22,false,false,false,false,false,none,1000,1476,2000,1500,1382,1000,-6.6,231.1,1660,true,off,1.00,false,false,true,1524,225.8,243.4,120868,,38.876446,-77.046608,false,24.53,15,100,good,24.5,done,80,true,true,-31.57,-3.00,-18.00,26.44,true,AUTO,true,2.00,1.50,,1580,false,3,false,cooldown,35447,3,false,200,25,6,true,-75,1379,12,3975974454,1.1,1740,1603,true,143.7,1,11.8,0,38.876362,-77.046524,true,38.876446,-77.046600
2026-08-02T10:47:19.562Z,0.13.3,false,true,16.19,false,false,false,false,false,none,1000,1476,2000,1500,1382,1000,-6.6,230.5,1660,true,off,1.00,false,false,true,1524,232.0,249.7,120860,,38.876438,-77.046616,false,24.53,15,100,good,24.5,done,80,true,true,-31.57,-3.00,-18.00,22.03,true,AUTO,true,2.00,1.50,,1580,false,3,false,cooldown,36455,3,false,200,25,6,true,-77,1330,12,3975974454,1.7,1740,1604,true,101.3,1,17.5,0,38.876408,-77.046417,true,38.876446,-77.046608
2026-08-02T10:47:20.596Z,0.13.3,false,true,16.20,false,false,false,false,false,none,1000,1476,2000,1500,1382,1000,-7.1,223.3,1660,true,off,1.00,false,false,true,1524,230.6,248.7,120856,,38.876434,-77.046623,false,24.53,15,100,good,24.5,done,80,true,true,-31.57,-3.00,-18.00,24.54,true,AUTO,true,2.00,1.50,,1580,false,3,false,cooldown,37465,3,false,200,25,7,true,-75,1333,12,3975974454,2.0,1740,1605,true,97.9,1,18.1,0,38.876408,-77.046417,true,38.876446,-77.046608
2026-08-02T10:47:21.598Z,0.13.3,false,true,16.22,false,false,false,false,false,none,1000,1476,2000,1500,1382,1000,-7.1,210.7,1660,true,off,1.00,false,false,true,1524,221.9,240.0,120856,,38.876427,-77.046623,false,24.53,15,100,good,24.5,done,80,true,true,-31.57,-3.00,-18.00,22.90,true,AUTO,true,2.00,1.50,,1580,false,3,false,cooldown,38463,3,false,200,25,4,true,-72,1330,12,3975974454,1.8,1740,1606,true,96.1,1,18.0,0,38.876408,-77.046417,true,38.876446,-77.046608
2026-08-02T10:47:24.297Z,0.13.3,false,true,16.22,false,false,false,false,false,none,1000,1476,2000,1500,1382,1000,-7.8,190.5,1660,true,off,1.00,false,false,true,1524,204.5,223.4,120856,,38.876419,-77.046623,false,24.53,15,100,good,24.5,done,80,true,true,-31.57,-3.00,-18.00,21.43,true,AUTO,true,2.00,1.50,,1580,false,3,false,cooldown,39481,3,false,200,25,6,true,-74,1354,12,3975974454,1.7,1740,1607,true,93.0,1,17.9,0,38.876408,-77.046417,true,38.876446,-77.046608
2026-08-02T10:47:24.430Z,0.13.3,false,true,16.36,false,false,false,false,false,none,1000,1476,2000,1500,1382,1000,-7.8,148.3,1660,true,off,1.00,false,false,true,1524,152.3,171.2,120856,,38.876404,-77.046608,false,24.53,15,100,good,24.5,done,80,true,true,-31.57,-3.00,-18.00,21.70,true,AUTO,true,2.00,1.50,,1625,false,3,false,cooldown,41284,3,false,200,25,7,true,-74,1440,12,3975974454,1.7,1695,1609,true,88.7,1,16.5,0,38.876408,-77.046417,true,38.876446,-77.046608
2026-08-02T10:47:25.397Z,0.13.3,false,true,16.36,false,false,false,false,false,none,1000,1476,2000,1500,1382,1000,-7.8,134.9,1660,true,off,1.00,false,false,true,1524,126.5,145.4,120868,,38.876400,-77.046600,false,24.53,15,100,good,24.5,done,80,true,true,-31.57,-3.00,-18.00,21.61,true,AUTO,true,2.00,1.50,,1634,false,3,false,cooldown,42302,3,false,200,25,7,true,-73,1473,12,3975974454,1.6,1686,1610,true,85.9,1,15.9,0,38.876408,-77.046417,true,38.876446,-77.046608
2026-08-02T10:47:26.447Z,0.13.3,false,true,16.38,false,false,false,false,false,none,1000,1476,2000,1500,1382,1000,-7.8,122.4,1660,true,off,1.00,false,false,true,1524,111.3,130.1,120656,,38.876396,-77.046593,false,24.53,15,100,good,24.5,done,80,true,true,-31.57,-3.00,-18.00,21.47,false,AUTO,true,2.00,1.50,,1500,false,3,false,cooldown,43347,3,false,200,25,5,true,-72,1500,12,3975974454,1.6,1500,1611,true,,0,,0,,,false,,
2026-08-02T10:47:27.447Z,0.13.3,false,true,16.39,false,false,false,false,false,none,1000,1476,2000,1500,1382,1000,-7.8,118.0,1660,true,off,1.00,false,false,true,1524,107.7,126.5,120868,,38.876396,-77.046585,false,24.53,15,100,good,24.5,done,80,true,true,-31.57,-3.00,-18.00,23.10,false,AUTO,true,2.00,1.50,,1500,false,3,false,cooldown,44315,3,false,200,25,4,true,-69,1500,12,3975974454,1.3,1500,1612,true,,0,,0,,,false,,
2026-08-02T10:47:28.497Z,0.13.3,false,true,16.39,false,false,false,false,false,none,1000,1476,2000,1500,1382,1000,-7.8,117.7,1660,true,off,1.00,false,false,true,1524,110.5,129.3,120868,,38.876392,-77.046577,false,24.53,15,100,good,24.5,done,80,true,true,-31.57,-3.00,-18.00,23.81,false,AUTO,true,2.00,1.50,,1500,false,3,false,cooldown,45314,3,false,200,25,1,true,-66,1500,12,3975974454,1.1,1500,1613,true,,0,,0,,,false,,
2026-08-02T10:47:29.482Z,0.13.3,false,true,16.38,false,false,false,false,false,none,1000,1476,2000,1500,1382,1000,-7.8,116.0,1660,true,off,1.00,false,false,true,1524,115.6,134.4,120864,,38.876392,-77.046577,false,24.53,15,100,good,24.5,done,80,true,true,-31.57,-3.00,-18.00,24.94,false,AUTO,true,2.00,1.50,,1500,false,3,false,cooldown,46330,3,false,200,25,1,true,-67,1500,12,3975974454,0.8,1500,1614,true,,0,,0,,,false,,
2026-08-02T10:47:30.448Z,0.13.3,false,true,16.39,false,false,false,false,false,none,1000,1476,2000,1500,1382,1000,-7.8,113.5,1660,true,off,1.00,false,false,true,1524,124.9,143.7,120896,,38.876389,-77.046570,false,24.53,15,100,good,24.5,done,80,true,true,-31.57,-3.00,-18.00,24.40,false,AUTO,true,2.00,1.50,,1500,false,3,false,cooldown,47334,3,false,200,25,4,true,-70,1500,12,3975974454,0.7,1500,1615,true,,0,,0,,,false,,
2026-08-02T10:47:31.431Z,0.13.3,false,true,16.39,false,false,false,false,false,none,1000,1476,2000,1500,1382,1000,-7.8,132.3,1660,true,off,1.00,false,false,true,1524,131.6,150.5,120876,,38.876385,-77.046570,false,24.53,15,100,good,24.5,done,80,true,true,-31.57,-3.00,-18.00,24.85,false,AUTO,true,2.00,1.50,,1500,false,3,false,cooldown,48334,3,false,200,25,2,true,-70,1500,12,3975974454,0.6,1500,1616,true,,0,,0,,,false,,
2026-08-02T10:47:32.448Z,0.13.3,false,true,16.38,false,false,false,false,false,none,1000,1476,2000,1500,1382,1000,-7.8,157.2,1660,true,off,1.00,false,false,true,1524,141.6,160.4,120872,,38.876385,-77.046570,false,24.53,15,100,good,24.5,done,80,true,true,-31.57,-3.00,-18.00,23.21,false,AUTO,true,2.00,1.50,,1500,false,3,false,cooldown,49351,3,false,200,25,3,true,-72,1500,12,3975974454,0.6,1500,1617,true,,0,,0,,,false,,
2026-08-02T10:47:33.532Z,0.13.3,false,true,16.39,false,false,false,false,false,none,1000,1476,2000,1500,1382,1000,-7.8,157.2,1660,true,off,1.00,false,false,true,1524,145.6,164.4,120884,,38.876381,-77.046570,false,24.53,15,100,good,24.5,done,80,true,true,-31.57,-3.00,-18.00,22.78,false,AUTO,true,2.00,1.50,,1500,false,3,false,cooldown,50367,3,false,200,25,3,true,-72,1500,12,3975974454,0.4,1500,1618,true,,0,,0,,,false,,
2026-08-02T10:47:34.515Z,0.13.3,false,true,16.39,false,false,false,false,false,none,1000,1476,2000,1500,1382,1000,-7.8,157.2,1660,true,off,1.00,false,false,true,1524,147.0,165.9,120872,,38.876381,-77.046570,false,24.53,15,100,good,24.5,done,80,true,true,-31.57,-3.00,-18.00,21.00,false,AUTO,true,2.00,1.50,,1500,false,3,false,cooldown,51373,3,false,200,25,1,true,-70,1500,12,3975974454,0.4,1500,1619,true,,0,,0,,,false,,
2026-08-02T10:47:35.565Z,0.13.3,false,true,16.39,false,false,false,false,false,none,1000,1476,2000,1500,1382,1000,-7.8,157.2,1660,true,off,1.00,false,false,true,1524,153.7,172.5,120884,,38.876381,-77.046562,false,24.53,15,100,good,24.5,done,80,true,true,-31.57,-3.00,-18.00,23.13,false,AUTO,true,2.00,1.50,,1500,false,3,false,cooldown,52392,3,false,200,25,4,true,-72,1500,12,3975974454,0.4,1500,1620,true,,0,,0,,,false,,
2026-08-02T10:47:36.915Z,0.13.3,false,true,16.40,false,false,false,false,false,none,1000,1476,2000,1500,1382,1000,-7.8,157.2,1660,true,off,1.00,false,false,true,1524,159.4,178.2,120876,,38.876377,-77.046562,false,24.53,15,100,good,24.5,done,80,true,true,-31.57,-3.00,-18.00,23.52,false,AUTO,true,2.00,1.50,,1500,false,3,false,cooldown,53396,3,false,200,25,5,true,-73,1500,12,3975974454,0.3,1500,1621,true,,0,,0,,,false,,
2026-08-02T10:47:37.599Z,0.13.3,false,true,16.40,false,false,false,false,false,none,1000,1476,2000,1500,1382,1000,-7.8,177.5,1660,true,off,1.00,false,false,true,1524,167.8,186.7,120876,,38.876377,-77.046570,false,24.53,15,100,good,24.5,done,80,true,true,-31.57,-3.00,-18.00,23.40,false,AUTO,true,2.00,1.50,,1500,false,3,false,cooldown,54417,3,false,200,25,2,true,-74,1500,12,3975974454,0.4,1500,1622,true,,0,,0,,,false,,
2026-08-02T10:47:38.549Z,0.13.3,false,true,16.39,false,false,false,false,false,none,1000,1476,2000,1500,1382,1000,-7.8,198.6,1660,true,off,1.00,false,false,true,1524,172.1,190.9,120876,,38.876377,-77.046570,false,24.53,15,100,good,24.5,done,80,true,true,-31.57,-3.00,-18.00,21.46,false,AUTO,true,2.00,1.50,,1500,false,3,false,cooldown,55403,3,false,200,25,3,true,-72,1500,12,3975974454,0.4,1500,1623,true,,0,,0,,,false,,
2026-08-02T10:47:39.499Z,0.13.3,false,true,16.40,false,false,false,false,false,none,1000,1476,2000,1500,1382,1000,-7.8,198.6,1660,true,off,1.00,false,false,true,1524,177.0,195.9,120884,,38.876377,-77.046570,false,24.53,15,100,good,24.5,done,80,true,true,-31.57,-3.00,-18.00,23.55,false,AUTO,true,2.00,1.50,,1500,false,3,false,cooldown,56401,3,false,200,25,0,true,-67,1500,12,3975974454,0.2,1500,1624,true,,0,,0,,,false,,
2026-08-02T10:47:40.616Z,0.13.3,false,true,16.39,false,false,false,false,false,none,1000,1476,2000,1500,1382,1000,-7.8,198.6,1660,true,off,1.00,false,false,true,1524,180.9,199.7,120872,,38.876373,-77.046570,false,24.53,15,100,good,24.5,done,80,true,true,-31.57,-3.00,-18.00,22.70,false,AUTO,true,2.00,1.50,,1500,false,3,false,cooldown,57421,3,false,200,25,5,true,-70,1500,12,3975974454,0.2,1500,1625,true,,0,,0,,,false,,
2026-08-02T10:47:41.532Z,0.13.3,false,true,16.39,false,false,false,false,false,none,1000,1476,2000,1500,1382,1000,-7.8,198.6,1660,true,off,1.00,false,false,true,1524,183.7,202.5,120868,,38.876373,-77.046570,false,24.53,15,100,good,24.5,done,80,true,true,-31.57,-3.00,-18.00,24.70,false,AUTO,true,2.00,1.50,,1500,false,3,false,cooldown,58416,3,false,200,25,5,true,-71,1500,12,3975974454,0.1,1500,1626,true,,0,,0,,,false,,
2026-08-02T10:47:42.583Z,0.13.3,false,true,16.39,false,false,false,false,false,none,1000,1476,2000,1500,1382,1000,-7.8,198.6,1660,true,off,1.00,false,false,true,1524,181.1,199.9,120664,,38.876373,-77.046570,false,24.53,15,100,good,24.5,done,80,true,true,-31.57,-3.00,-18.00,24.13,false,AUTO,true,2.00,1.50,,1500,false,3,false,cooldown,59434,3,false,200,25,7,true,-65,1500,12,3975974454,0.2,1500,1627,true,,0,,0,,,false,,
2026-08-02T10:47:43.633Z,0.13.3,false,true,16.39,false,false,false,false,false,none,1000,1476,2000,1500,1382,1000,-7.8,198.6,1660,true,off,1.00,false,false,true,1524,183.4,202.3,120868,,38.876373,-77.046570,false,24.53,15,100,good,24.5,done,80,true,true,-31.57,-3.00,-18.00,23.32,false,AUTO,true,2.00,1.50,,1500,false,,false,off,,3,false,200,25,5,true,-62,1500,12,3975974454,0.3,1500,1628,true,,0,,0,,,false,,
2026-08-02T10:47:44.817Z,0.13.3,false,true,16.34,false,false,false,false,false,none,1000,1476,2000,1500,1382,1000,-7.8,198.6,1660,true,off,1.00,false,false,true,1524,184.9,203.8,120860,,38.876373,-77.046570,false,24.53,15,100,good,24.5,done,80,true,true,-31.57,-3.00,-18.00,22.39,true,AUTO,true,2.00,1.50,,1740,false,,false,off,,3,false,200,25,6,true,-65,1532,12,3975974454,0.1,1580,1629,true,352.2,4,24.4,0,38.876591,-77.046608,true,38.876373,-77.046570
2026-08-02T10:47:45.567Z,0.13.3,false,true,16.22,false,false,false,false,false,none,1000,1476,2000,1500,1382,1000,-7.8,212.2,1660,true,off,1.00,false,false,true,1524,186.4,205.2,120872,,38.876369,-77.046570,false,24.53,15,100,good,24.5,done,80,true,true,-31.57,-3.00,-18.00,20.93,true,AUTO,true,2.00,1.50,,1740,true,1,false,on,286,3,false,200,25,3,true,-66,1619,12,3975974454,0.7,1580,1630,true,352.3,4,24.8,0,38.876591,-77.046608,true,38.876373,-77.046570
2026-08-02T10:47:46.567Z,0.13.3,false,true,16.28,false,false,false,false,false,none,1000,1476,2000,1500,1382,1000,-6.2,226.5,1660,true,off,1.00,false,false,true,1524,197.5,214.6,120864,,38.876369,-77.046577,false,24.53,15,100,good,24.5,done,80,true,true,-31.57,-3.00,-18.00,22.75,true,AUTO,true,2.00,1.50,,1740,true,1,false,on,1299,3,false,200,25,7,true,-64,1670,12,3975974454,1.1,1580,1631,true,353.8,4,24.7,0,38.876591,-77.046608,true,38.876373,-77.046570
2026-08-02T10:47:47.650Z,0.13.3,false,true,16.28,false,false,false,false,false,none,1000,1476,2000,1500,1382,1000,-6.2,236.9,1660,true,off,1.00,false,false,true,1524,213.6,230.8,120876,,38.876366,-77.046577,false,24.53,15,100,good,24.5,done,80,true,true,-31.57,-3.00,-18.00,22.87,true,AUTO,true,2.00,1.50,,1740,true,1,false,on,2298,3,false,200,25,6,true,-69,1669,12,3975974454,1.0,1580,1632,true,353.9,4,25.2,0,38.876591,-77.046608,true,38.876373,-77.046570
2026-08-02T10:47:48.584Z,0.13.3,false,true,16.24,false,false,false,false,false,none,1000,1476,2000,1500,1382,1000,-6.2,258.5,1660,true,off,1.00,false,false,true,1524,238.3,255.5,120868,,38.876366,-77.046585,false,24.53,15,100,good,24.5,done,80,true,true,-31.57,-3.00,-18.00,21.83,true,AUTO,true,2.00,1.50,,1740,true,1,false,on,3302,3,false,200,25,8,true,-66,1642,12,3975974454,1.1,1580,1633,true,355.4,4,25.1,0,38.876591,-77.046608,true,38.876373,-77.046570
2026-08-02T10:47:49.617Z,0.13.3,false,true,16.34,false,false,false,false,false,none,1000,1476,2000,1500,1382,1000,-6.2,277.1,1660,true,off,1.00,false,false,true,1524,272.0,289.2,120876,,38.876369,-77.046593,false,24.53,15,100,good,24.5,done,80,true,true,-31.57,-3.00,-18.00,22.52,true,AUTO,true,2.00,1.50,,1710,true,1,false,on,4306,3,false,200,25,3,true,-62,1576,12,3975974454,0.9,1610,1634,true,356.9,4,24.6,0,38.876591,-77.046608,true,38.876373,-77.046570
2026-08-02T10:47:50.684Z,0.13.3,false,true,16.32,false,false,false,false,false,none,1000,1476,2000,1500,1382,1000,-6.2,311.2,1660,true,off,1.00,false,false,true,1524,311.8,329.0,120856,,38.876373,-77.046593,false,24.53,15,100,good,24.5,done,80,true,true,-31.57,-3.00,-18.00,25.12,true,AUTO,true,2.00,1.50,,1642,true,1,false,on,5302,3,false,200,25,6,true,-62,1505,12,3975974454,1.0,1678,1635,true,356.9,4,24.2,0,38.876591,-77.046608,true,38.876373,-77.046570
2026-08-02T10:47:51.718Z,0.13.3,false,true,16.33,false,false,false,false,false,none,1000,1476,2000,1500,1382,1000,-6.2,332.6,1660,true,off,1.00,false,false,true,1524,344.4,1.5,120868,,38.876377,-77.046593,false,24.53,15,100,good,24.5,done,80,true,true,-31.57,-3.00,-18.00,22.41,true,AUTO,true,2.00,1.50,,1625,false,1,false,pause,319,3,false,200,25,6,true,-59,1469,12,3975974454,0.8,1695,1636,true,356.8,4,23.8,0,38.876591,-77.046608,true,38.876373,-77.046570
2026-08-02T10:47:52.651Z,0.13.3,false,true,16.34,false,false,false,false,false,none,1000,1476,2000,1500,1382,1000,-6.2,354.4,1660,true,off,1.00,false,false,true,1524,8.3,25.4,120856,,38.876381,-77.046593,false,24.53,15,100,good,24.5,done,80,true,true,-31.57,-3.00,-18.00,22.57,true,AUTO,true,2.00,1.50,,1650,false,1,false,pause,1320,3,false,200,25,8,true,-60,1473,12,3975974454,1.2,1670,1637,true,356.7,4,23.4,0,38.876591,-77.046608,true,38.876373,-77.046570
2026-08-02T10:47:53.651Z,0.13.3,false,true,16.32,false,true,false,false,false,none,1000,1476,2000,1500,1382,1000,-6.2,10.8,1660,true,off,1.00,false,false,true,1524,16.9,34.1,120872,,38.876385,-77.046593,false,24.53,15,100,good,24.5,done,80,true,true,-31.57,-3.00,-18.00,24.68,true,AUTO,true,2.00,1.50,,1580,false,1,false,pause,2340,3,false,200,25,3,true,-60,1444,12,3975974454,1.4,1740,1638,true,356.7,4,22.9,0,38.876591,-77.046608,true,38.876373,-77.046570
2026-08-02T10:47:54.685Z,0.13.3,false,true,16.34,false,false,false,false,false,none,1000,1476,2000,1500,1382,1000,-6.2,25.1,1660,true,off,1.00,false,false,true,1524,20.4,37.6,120872,,38.876392,-77.046593,false,24.53,15,100,good,24.5,done,80,true,true,-31.57,-3.00,-18.00,26.79,true,AUTO,true,2.00,1.50,,1599,false,1,false,pause,3334,3,false,200,25,4,true,-58,1448,12,3975974454,1.6,1721,1639,true,356.5,4,22.1,0,38.876591,-77.046608,true,38.876373,-77.046570
2026-08-02T10:47:55.635Z,0.13.3,false,true,16.36,false,false,false,false,false,none,1000,1476,2000,1500,1382,1000,-5.6,32.4,1660,true,off,1.00,false,false,true,1524,25.0,41.6,120868,,38.876400,-77.046585,false,24.53,15,100,good,24.5,done,80,true,true,-31.57,-3.00,-18.00,27.52,true,AUTO,true,2.00,1.50,,1580,false,1,false,pause,4352,3,false,200,25,5,true,-58,1444,12,3975974454,1.8,1740,1640,true,354.6,4,21.3,0,38.876591,-77.046608,true,38.876373,-77.046570
2026-08-02T10:47:56.618Z,0.13.3,false,true,16.37,false,false,false,false,false,none,1000,1476,2000,1500,1382,1000,-5.6,32.3,1660,true,off,1.00,false,false,true,1524,22.9,39.6,120868,,38.876404,-77.046577,false,24.53,15,100,good,24.5,done,80,true,true,-31.57,-3.00,-18.00,22.53,true,AUTO,true,2.00,1.50,,1626,false,1,false,pause,5350,3,false,200,25,2,true,-58,1466,12,3975974454,1.9,1694,1641,true,352.7,4,21.0,0,38.876591,-77.046608,true,38.876373,-77.046570
2026-08-02T10:47:57.685Z,0.13.3,false,true,16.35,false,false,false,false,false,none,1000,1476,2000,1500,1382,1000,-5.8,29.7,1660,true,off,1.00,false,false,true,1524,31.6,48.4,120872,,38.876415,-77.046570,false,24.53,15,100,good,24.5,done,80,true,true,-31.57,-3.00,-18.00,21.84,true,AUTO,true,2.00,1.50,,1652,true,2,false,on,368,3,false,200,25,3,true,-63,1440,12,3975974454,1.9,1668,1642,true,350.4,4,19.8,0,38.876591,-77.046608,true,38.876373,-77.046570
2026-08-02T10:47:58.785Z,0.13.3,false,true,16.35,false,false,false,false,false,none,1000,1476,2000,1500,1382,1000,-5.8,34.5,1660,true,off,1.00,false,false,true,1524,23.3,40.1,120868,,38.876423,-77.046562,false,24.53,15,100,good,24.5,done,80,true,true,-31.57,-3.00,-18.00,25.52,true,AUTO,true,2.00,1.50,,1655,true,2,false,on,1370,3,false,200,25,4,true,-64,1448,12,3975974454,2.2,1665,1643,true,348.1,4,19.1,0,38.876591,-77.046608,true,38.876373,-77.046570
2026-08-02T10:47:59.669Z,0.13.3,false,true,16.33,false,false,false,false,false,none,1000,1476,2000,1500,1382,1000,-5.1,35.3,1660,true,off,1.00,false,false,true,1524,26.5,42.7,120876,,38.876431,-77.046555,false,24.53,15,100,good,24.5,done,80,true,true,-31.57,-3.00,-18.00,26.79,true,AUTO,true,2.00,1.50,,1580,true,2,false,on,2391,3,false,200,25,2,true,-64,1440,12,3975974454,2.1,1740,1644,true,345.6,4,18.4,0,38.876591,-77.046608,true,38.876373,-77.046570
2026-08-02T10:48:00.652Z,0.13.3,false,true,16.34,false,false,false,false,false,none,1000,1476,2000,1500,1382,1000,-4.7,35.8,1660,true,off,1.00,false,false,true,1524,29.7,45.4,120872,,38.876438,-77.046547,false,24.53,15,100,good,24.5,done,80,true,true,-31.57,-3.00,-18.00,20.09,true,AUTO,true,2.00,1.50,,1580,true,2,false,on,3384,3,false,200,25,1,true,-69,1450,12,3975974454,2.1,1740,1645,true,342.3,4,17.8,0,38.876591,-77.046608,true,38.876373,-77.046570
2026-08-02T10:48:01.702Z,0.13.3,false,true,16.19,false,false,false,false,false,none,1000,1476,2000,1500,1382,1000,-4.6,27.7,1660,true,off,1.00,false,false,true,1524,23.9,39.6,120876,,38.876446,-77.046547,false,24.53,15,100,good,24.5,done,80,true,true,-31.57,-3.00,-18.00,23.70,true,AUTO,true,2.00,1.50,,1630,true,2,false,on,4401,3,false,200,25,1,true,-69,1444,12,3975974454,2.2,1690,1646,true,341.3,4,17.0,0,38.876591,-77.046608,true,38.876373,-77.046570
2026-08-02T10:48:02.786Z,0.13.3,false,true,16.28,false,false,false,false,false,none,1000,1476,2000,1500,1381,1000,-4.5,23.8,1660,true,off,1.00,false,false,true,1524,21.4,36.8,120872,,38.876457,-77.046539,false,24.53,15,100,good,24.5,done,80,true,true,-31.57,-3.00,-18.00,22.03,true,AUTO,true,2.00,1.50,,1582,true,2,false,on,5412,3,false,200,25,4,true,-68,1436,12,3975974454,2.1,1738,1647,true,338.1,4,16.0,0,38.876591,-77.046608,true,38.876373,-77.046570
2026-08-02T10:48:03.720Z,0.13.3,false,true,16.31,false,false,false,false,false,none,1000,1476,2000,1500,1381,1000,-4.5,20.5,1660,true,off,1.00,false,false,true,1524,13.6,29.0,120876,,38.876465,-77.046539,false,24.53,15,100,good,24.5,done,80,true,true,-31.57,-3.00,-18.00,21.47,true,AUTO,true,2.00,1.50,,1633,false,2,false,pause,420,3,false,200,25,2,true,-75,1470,12,3975974454,2.1,1687,1648,true,337.3,4,15.2,0,38.876591,-77.046608,true,38.876373,-77.046570
2026-08-02T10:48:04.736Z,0.13.3,false,true,16.34,false,false,false,false,false,none,1000,1476,2000,1500,1381,1000,-4.5,18.9,1660,true,off,1.00,false,false,true,1524,14.8,30.3,120876,,38.876476,-77.046532,false,24.53,15,100,good,24.5,done,80,true,true,-31.57,-3.00,-18.00,20.75,true,AUTO,true,2.00,1.50,,1666,false,2,false,pause,1439,3,false,200,25,6,true,-69,1432,12,3975974454,1.9,1654,1649,true,332.2,4,14.3,0,38.876591,-77.046608,true,38.876373,-77.046570
2026-08-02T10:48:05.870Z,0.13.3,false,true,16.26,false,false,false,false,false,none,1000,1476,2000,1500,1381,1000,-4.5,18.7,1660,true,off,1.00,false,false,true,1524,15.9,31.4,120872,,38.876484,-77.046532,false,24.53,15,100,good,24.5,done,80,true,true,-31.57,-3.00,-18.00,23.14,true,AUTO,true,2.00,1.50,,1580,false,2,false,pause,2442,3,false,200,25,7,true,-71,1436,12,3975974454,1.9,1740,1650,true,331.1,4,13.6,0,38.876591,-77.046608,true,38.876373,-77.046570
2026-08-02T10:48:06.736Z,0.13.3,false,true,16.33,false,false,false,false,false,none,1000,1476,2000,1500,1381,1000,-4.5,16.3,1660,true,off,1.00,false,false,true,1524,7.8,23.2,120876,,38.876495,-77.046524,false,24.53,15,100,good,24.5,done,80,true,true,-31.57,-3.00,-18.00,23.42,true,AUTO,true,2.00,1.50,,1585,false,2,false,pause,3435,3,false,200,25,7,true,-73,1437,12,3975974454,2.1,1735,1651,true,326.1,4,12.9,0,38.876591,-77.046608,true,38.876373,-77.046570
2026-08-02T10:48:07.720Z,0.13.3,false,true,16.34,false,false,false,false,false,none,1000,1476,2000,1500,1381,1000,-3.8,13.5,1660,true,off,1.00,false,false,true,1524,2.9,17.7,120868,,38.876503,-77.046524,false,24.53,15,100,good,24.5,done,80,true,true,-31.57,-3.00,-18.00,22.24,true,AUTO,true,2.00,1.50,,1583,false,2,false,pause,4439,3,false,200,25,2,true,-72,1429,12,3975974454,2.1,1737,1652,true,321.4,4,12.2,0,38.876591,-77.046608,true,38.876373,-77.046570
2026-08-02T10:48:09.237Z,0.13.3,false,true,16.32,false,false,false,false,false,none,1000,1476,2000,1500,1381,1000,-3.8,6.6,1660,true,off,1.00,false,false,true,1524,1.5,16.3,120868,,38.876514,-77.046524,false,24.53,15,100,good,24.5,done,80,true,true,-31.57,-3.00,-18.00,21.37,true,AUTO,true,2.00,1.50,,1609,false,2,false,pause,5478,3,false,200,25,3,true,-73,1451,12,3975974454,2.1,1711,1653,true,319.0,4,11.2,0,38.876591,-77.046608,true,38.876373,-77.046570
2026-08-02T10:48:09.770Z,0.13.3,false,true,16.32,false,false,false,false,false,none,1000,1476,2000,1500,1381,1000,-3.4,4.2,1660,true,off,1.00,false,false,true,1524,357.8,12.2,120876,,38.876522,-77.046524,false,24.53,15,100,good,24.5,done,80,true,true,-31.57,-3.00,-18.00,22.67,true,AUTO,true,2.00,1.50,,1589,true,3,false,on,484,3,false,200,25,7,true,-75,1436,12,3975974454,2.2,1731,1654,true,316.3,4,10.5,0,38.876591,-77.046608,true,38.876373,-77.046570
2026-08-02T10:48:10.754Z,0.13.3,true,true,16.35,false,false,false,false,false,none,1000,1476,2000,1500,1381,1000,-3.4,356.5,1660,true,off,1.00,false,false,true,1524,351.9,6.3,120868,,38.876534,-77.046524,false,24.53,15,100,good,24.5,done,80,true,true,-31.57,-3.00,-18.00,23.44,true,AUTO,true,2.00,1.50,,1603,true,3,false,on,1479,3,false,200,25,9,true,-82,1443,12,3975974454,2.3,1717,1655,true,309.0,4,9.7,0,38.876591,-77.046608,true,38.876373,-77.046570
2026-08-02T10:48:12.037Z,0.13.3,true,true,16.32,false,false,false,false,false,none,1000,1476,2000,1500,1381,1000,-3.0,356.2,1660,true,off,1.00,false,false,true,1524,357.5,11.6,120856,,38.876541,-77.046524,false,24.53,15,100,good,24.5,done,80,true,true,-31.57,-3.00,-18.00,25.19,true,AUTO,true,2.00,1.50,,1580,true,3,false,on,2472,3,false,200,25,1,true,-79,1424,12,3975974454,1.9,1740,1656,true,306.2,4,9.1,0,38.876591,-77.046608,true,38.876373,-77.046570
2026-08-02T10:48:12.837Z,0.13.3,true,true,16.32,false,false,false,false,false,none,1000,1476,2000,1500,1381,1000,-2.8,354.9,1660,true,off,1.00,false,false,true,1524,351.3,5.2,120884,,38.876553,-77.046524,false,24.53,15,100,good,24.5,done,80,true,true,-31.57,-3.00,-18.00,23.15,true,AUTO,true,2.00,1.50,,1580,true,3,false,on,3490,3,false,200,25,3,true,-84,1445,12,3975974454,2.2,1740,1657,true,298.8,4,8.4,0,38.876591,-77.046608,true,38.876373,-77.046570
2026-08-02T10:48:13.888Z,0.13.3,true,true,16.31,false,false,false,false,false,none,1000,1476,2000,1500,1381,1000,-2.8,349.4,1660,true,off,1.00,false,false,true,1524,344.3,358.1,120880,,38.876564,-77.046532,false,24.53,15,100,good,24.5,done,80,true,true,-31.57,-3.00,-18.00,21.27,true,AUTO,true,2.00,1.50,,1603,true,3,false,on,4499,3,false,200,25,2,true,-78,1457,12,3975974454,2.1,1717,1658,true,294.7,4,7.2,0,38.876591,-77.046608,true,38.876373,-77.046570
2026-08-02T10:48:14.871Z,0.13.3,true,true,16.31,false,false,false,false,false,none,1000,1476,2000,1500,1381,1000,-2.8,347.6,1660,true,off,1.00,false,false,true,1524,344.3,358.1,120872,,38.876572,-77.046532,false,24.53,15,100,good,24.5,done,80,true,true,-31.57,-3.00,-18.00,23.89,true,AUTO,true,2.00,1.50,,1618,true,3,false,on,5498,3,false,200,25,0,true,-80,1455,12,3975974454,2.0,1702,1659,true,286.0,4,6.9,0,38.876591,-77.046608,true,38.876373,-77.046570
2026-08-02T10:48:15.805Z,0.13.3,true,true,16.23,false,false,false,false,false,none,1000,1476,2000,1500,1381,1000,-2.8,347.6,1660,true,off,1.00,false,false,true,1524,351.0,4.7,120660,,38.876579,-77.046532,false,24.53,15,100,good,24.5,done,80,true,true,-31.57,-3.00,-18.00,21.37,true,AUTO,true,2.00,1.50,,1615,false,3,false,pause,505,3,false,200,25,7,true,-80,1425,12,3975974454,2.3,1705,1660,true,278.2,4,6.7,0,38.876591,-77.046608,true,38.876373,-77.046570
2026-08-02T10:48:16.805Z,0.13.3,true,true,16.31,false,false,false,false,false,none,1000,1476,2000,1500,1381,1000,-2.5,344.7,1660,true,off,1.00,false,false,true,1524,339.8,353.3,120864,,38.876591,-77.046539,false,24.53,15,100,good,24.5,done,80,true,true,-31.57,-3.00,-18.00,22.84,true,AUTO,true,2.00,1.50,,1606,false,3,false,pause,1530,3,false,200,25,1,true,-84,1455,12,3975974454,2.2,1714,1661,true,270.0,4,5.9,0,38.876591,-77.046608,true,38.876373,-77.046570
2026-08-02T10:48:17.905Z,0.13.3,false,true,16.21,false,false,false,false,false,none,1000,1476,2000,1500,1381,1000,-2.3,343.2,1660,true,off,1.00,false,false,true,1524,338.9,352.2,120852,,38.876598,-77.046539,false,24.53,15,100,good,24.5,done,80,true,true,-31.57,-3.00,-18.00,22.61,true,AUTO,true,2.00,1.50,,1580,false,3,false,pause,2511,3,false,200,25,3,true,-82,1405,12,3975974454,1.9,1740,1662,true,187.2,4,26.1,1,38.876366,-77.046577,true,38.876598,-77.046539
2026-08-02T10:48:18.905Z,0.13.3,false,true,16.19,false,false,false,false,false,none,1000,1476,2000,1500,1381,1000,-2.3,337.1,1660,true,off,1.00,false,false,true,1524,340.4,353.6,120664,,38.876610,-77.046547,false,24.53,15,100,good,24.5,done,80,true,true,-31.57,-3.00,-18.00,27.29,true,AUTO,true,2.00,1.50,,1580,false,3,false,pause,3510,3,false,200,25,8,true,-79,1330,12,3975974454,2.2,1740,1663,true,185.5,4,27.3,1,38.876366,-77.046577,true,38.876598,-77.046539
2026-08-02T10:48:20.005Z,0.13.3,false,true,16.19,false,false,false,false,false,none,1000,1476,2000,1500,1381,1000,-2.3,332.7,1660,true,off,1.00,false,false,true,1524,329.3,342.6,120872,,38.876617,-77.046555,false,24.53,15,100,good,24.5,done,80,true,true,-31.57,-3.00,-18.00,25.31,true,AUTO,true,2.00,1.50,,1580,false,3,false,pause,4559,3,false,200,25,2,true,-84,1331,12,3975974454,2.0,1740,1664,true,184.1,4,28.1,1,38.876366,-77.046577,true,38.876598,-77.046539
2026-08-02T10:48:20.906Z,0.13.3,false,true,16.19,false,false,false,false,false,none,1000,1476,2000,1500,1381,1000,-2.3,317.2,1660,true,off,1.00,false,false,true,1524,311.5,324.8,120872,,38.876625,-77.046562,false,24.53,15,100,good,24.5,done,80,true,true,-31.57,-3.00,-18.00,28.57,true,AUTO,true,2.00,1.50,,1580,false,3,false,pause,5579,3,false,200,25,6,true,-86,1332,12,3975974454,2.1,1740,1665,true,182.6,4,28.9,1,38.876366,-77.046577,true,38.876598,-77.046539
2026-08-02T10:48:22.256Z,0.13.3,false,true,16.20,false,false,false,false,false,none,1000,1476,2000,1500,1381,1000,-2.3,302.6,1660,true,off,1.00,false,false,true,1524,293.6,306.8,120856,,38.876629,-77.046577,false,24.53,15,100,good,24.5,done,80,true,true,-31.57,-3.00,-18.00,27.19,true,AUTO,true,2.00,1.50,,1580,false,3,false,cooldown,605,3,false,200,25,2,true,-79,1364,12,3975974454,2.0,1740,1666,true,180.0,4,29.3,1,38.876366,-77.046577,true,38.876598,-77.046539
2026-08-02T10:48:23.323Z,0.13.3,false,true,16.18,false,false,false,false,false,none,1000,1476,2000,1500,1381,1000,-2.3,286.2,1660,true,off,1.00,false,false,true,1524,273.1,286.4,120872,,38.876625,-77.046585,false,24.53,15,100,good,24.5,done,80,true,true,-31.57,-3.00,-18.00,25.63,true,AUTO,true,2.00,1.50,,1580,false,3,false,cooldown,1570,3,false,200,25,4,true,-79,1387,12,3975974454,1.8,1740,1667,true,178.7,4,28.9,1,38.876366,-77.046577,true,38.876598,-77.046539
2026-08-02T10:48:24.239Z,0.13.3,false,true,16.18,false,false,false,false,false,none,1000,1476,2000,1500,1381,1000,-2.3,257.6,1660,true,off,1.00,false,false,true,1524,250.8,264.0,120872,,38.876625,-77.046600,false,24.53,15,100,good,24.5,done,80,true,true,-31.57,-3.00,-18.00,24.75,true,AUTO,true,2.00,1.50,,1605,false,3,false,cooldown,2734,3,false,200,25,5,true,-85,1425,12,3975974454,2.1,1715,1668,true,176.0,4,28.9,1,38.876366,-77.046577,true,38.876598,-77.046539
2026-08-02T10:48:25.073Z,0.13.3,false,true,16.32,false,false,false,false,false,none,1000,1476,2000,1500,1381,1000,-2.5,241.7,1660,true,off,1.00,false,false,true,1524,247.1,260.7,120880,,38.876617,-77.046608,false,24.53,15,100,good,24.5,done,80,true,true,-31.57,-3.00,-18.00,29.91,true,AUTO,true,2.00,1.50,,1580,false,3,false,cooldown,3600,3,false,200,25,1,true,-87,1396,12,3975974454,1.9,1740,1669,true,174.6,4,28.1,1,38.876366,-77.046577,true,38.876598,-77.046539
2026-08-02T10:48:25.873Z,0.13.3,false,true,16.34,false,false,false,false,false,none,1000,1476,2000,1500,1381,1000,-2.5,228.3,1660,true,off,1.00,false,false,true,1524,235.9,249.5,120872,,38.876610,-77.046616,false,24.53,15,100,good,24.5,done,80,true,true,-31.57,-3.00,-18.00,25.03,true,AUTO,true,2.00,1.50,,1599,false,3,false,cooldown,4592,3,false,200,25,0,true,-84,1426,12,3975974454,2.3,1721,1670,true,173.1,4,27.3,1,38.876366,-77.046577,true,38.876598,-77.046539
2026-08-02T10:48:26.923Z,0.13.3,false,true,16.35,false,false,false,false,false,none,1000,1476,2000,1500,1381,1000,-2.5,221.4,1660,true,off,1.00,false,false,true,1524,227.2,240.8,120880,,38.876602,-77.046623,false,24.53,15,100,good,24.5,done,80,true,true,-31.57,-3.00,-18.00,24.95,true,AUTO,true,2.00,1.50,,1580,false,3,false,cooldown,5590,3,false,200,25,5,true,-75,1435,12,3975974454,2.3,1740,1671,true,171.5,4,26.6,1,38.876366,-77.046577,true,38.876598,-77.046539
2026-08-02T10:48:28.173Z,0.13.3,false,true,16.35,false,false,false,false,false,none,1000,1476,2000,1500,1381,1000,-2.5,215.4,1660,true,off,1.00,false,false,true,1524,217.8,231.4,120872,,38.876595,-77.046631,false,24.53,15,100,good,24.5,done,80,true,true,-31.57,-3.00,-18.00,23.61,true,AUTO,true,2.00,1.50,,1637,false,3,false,cooldown,6588,3,false,200,25,2,true,-85,1447,12,3975974454,2.2,1683,1672,true,169.6,4,25.9,1,38.876366,-77.046577,true,38.876598,-77.046539
2026-08-02T10:48:29.007Z,0.13.3,false,true,16.20,false,false,false,false,false,none,1000,1476,2000,1500,1381,1000,-3.0,206.6,1660,true,off,1.00,false,false,true,1524,211.5,225.6,120864,,38.876587,-77.046638,false,24.53,15,100,good,24.5,done,80,true,true,-31.57,-3.00,-18.00,57.84,true,AUTO,true,2.00,1.50,,1642,false,3,false,cooldown,7630,3,false,200,25,4,true,-84,1450,12,3975974454,2.1,1678,1673,true,167.9,4,25.2,1,38.876366,-77.046577,true,38.876598,-77.046539
2026-08-02T10:48:29.957Z,0.13.3,false,true,16.33,false,false,false,false,false,none,1000,1476,2000,1500,1381,1000,-3.4,202.1,1660,true,off,1.00,false,false,true,1524,202.8,217.2,120876,,38.876575,-77.046638,false,24.53,15,100,good,24.5,done,80,true,true,-31.57,-3.00,-18.00,22.77,true,AUTO,true,2.00,1.50,,1622,false,3,false,cooldown,8609,3,false,200,25,4,true,-86,1459,12,3975974454,2.1,1698,1674,true,167.2,4,23.9,1,38.876366,-77.046577,true,38.876598,-77.046539
2026-08-02T10:48:31.340Z,0.13.3,false,true,16.24,false,false,false,false,false,none,1000,1476,2000,1500,1381,1000,-3.4,194.1,1660,true,off,1.00,false,false,true,1524,204.9,219.3,120864,,38.876568,-77.046646,false,24.53,15,100,good,24.5,done,80,true,true,-31.57,-3.00,-18.00,23.55,true,AUTO,true,2.00,1.50,,1593,false,3,false,cooldown,9623,3,false,200,25,4,true,-80,1436,12,3975974454,1.9,1727,1675,true,165.1,4,23.3,1,38.876366,-77.046577,true,38.876598,-77.046539
2026-08-02T10:48:33.758Z,0.13.3,false,true,16.18,false,false,false,false,false,none,1000,1476,2000,1500,1381,1000,-3.6,189.6,1660,true,off,1.00,false,false,true,1524,198.0,212.5,120872,,38.876556,-77.046646,false,24.53,15,100,good,24.5,done,80,true,true,-31.57,-3.00,-18.00,25.90,true,AUTO,true,2.00,1.50,,1580,false,3,false,cooldown,10650,3,false,200,25,5,true,-83,1437,12,3975974454,2.1,1740,1676,true,164.2,4,22.0,1,38.876366,-77.046577,true,38.876598,-77.046539
2026-08-02T10:48:33.841Z,0.13.3,false,true,16.20,false,false,false,false,false,none,1000,1476,2000,1500,1381,1000,-3.9,190.8,1660,true,off,1.00,false,false,true,1524,198.7,213.6,120876,,38.876541,-77.046646,false,24.53,15,100,good,24.5,done,80,true,true,-31.57,-3.00,-18.00,24.19,true,AUTO,true,2.00,1.50,,1595,false,3,false,cooldown,12562,3,false,200,25,0,true,-72,1434,12,3975974454,2.0,1725,1678,true,162.9,4,20.4,1,38.876366,-77.046577,true,38.876598,-77.046539
2026-08-02T10:48:34.891Z,0.13.3,false,true,16.28,false,false,false,false,false,none,1000,1476,2000,1500,1381,1000,-4.0,190.8,1660,true,off,1.00,false,false,true,1524,194.8,209.9,120872,,38.876530,-77.046654,false,24.53,15,100,good,24.5,done,80,true,true,-31.57,-3.00,-18.00,23.36,true,AUTO,true,2.00,1.50,,1580,false,3,false,cooldown,13573,3,false,200,25,3,true,-73,1451,12,3975974454,2.0,1740,1679,true,159.9,4,19.4,1,38.876366,-77.046577,true,38.876598,-77.046539
2026-08-02T10:48:35.891Z,0.13.3,false,true,16.31,false,false,false,false,false,none,1000,1476,2000,1500,1381,1000,-4.0,192.2,1660,true,off,1.00,false,false,true,1524,198.8,213.8,120872,,38.876522,-77.046654,false,24.53,15,100,good,24.5,done,80,true,true,-31.57,-3.00,-18.00,20.86,true,AUTO,true,2.00,1.50,,1606,false,3,false,cooldown,14573,3,false,200,25,1,true,-77,1445,12,3975974454,1.9,1714,1680,true,159.1,4,18.6,1,38.876366,-77.046577,true,38.876598,-77.046539
2026-08-02T10:48:36.991Z,0.13.3,false,true,16.31,false,false,false,false,false,none,1000,1476,2000,1500,1381,1000,-4.0,198.1,1660,true,off,1.00,false,false,true,1524,200.6,215.6,120856,,38.876514,-77.046661,false,24.53,15,100,good,24.5,done,80,true,true,-31.57,-3.00,-18.00,25.84,true,AUTO,true,2.00,1.50,,1580,false,3,false,cooldown,15640,3,false,200,25,7,true,-79,1431,12,3975974454,2.1,1740,1681,true,156.3,4,18.1,1,38.876366,-77.046577,true,38.876598,-77.046539
2026-08-02T10:48:37.908Z,0.13.3,false,true,16.32,false,false,false,false,false,none,1000,1476,2000,1500,1381,1000,-4.0,198.6,1660,true,off,1.00,false,false,true,1524,195.0,210.0,120860,,38.876503,-77.046661,false,24.53,15,100,good,24.5,done,80,true,true,-31.57,-3.00,-18.00,22.34,true,AUTO,true,2.00,1.50,,1650,false,3,false,cooldown,16610,3,false,200,25,7,true,-69,1434,12,3975974454,2.1,1670,1682,true,155.3,4,16.9,1,38.876366,-77.046577,true,38.876598,-77.046539
2026-08-02T10:48:39.108Z,0.13.3,false,true,16.31,false,false,false,false,false,none,1000,1476,2000,1500,1381,1000,-4.0,191.3,1660,true,off,1.00,false,false,true,1524,195.9,210.9,120856,,38.876495,-77.046661,false,24.53,15,100,good,24.5,done,80,true,true,-31.57,-3.00,-18.00,23.09,true,AUTO,true,2.00,1.50,,1617,false,3,false,cooldown,17634,3,false,200,25,5,true,-77,1432,12,3975974454,2.1,1703,1683,true,152.7,4,16.1,1,38.876366,-77.046577,true,38.876598,-77.046539
2026-08-02T10:48:40.308Z,0.13.3,false,true,16.34,false,false,false,false,false,none,1000,1476,2000,1500,1381,1000,-4.3,181.7,1660,true,off,1.00,false,false,true,1524,185.3,200.7,120856,,38.876484,-77.046661,false,24.53,15,100,good,24.5,done,80,true,true,-31.57,-3.00,-18.00,21.00,true,AUTO,true,2.00,1.50,,1657,false,3,false,cooldown,18660,3,false,200,25,7,true,-76,1455,12,3975974454,2.0,1663,1684,true,151.0,4,15.0,1,38.876366,-77.046577,true,38.876598,-77.046539
2026-08-02T10:48:41.289Z,0.13.3,false,true,16.20,false,false,false,false,false,none,1000,1476,2000,1500,1381,1000,-4.8,174.1,1660,true,off,1.00,false,false,true,1524,184.0,199.8,120856,,38.876476,-77.046661,false,24.53,15,100,good,24.5,done,80,true,true,-31.57,-3.00,-18.00,22.22,true,AUTO,true,2.00,1.50,,1609,false,3,false,cooldown,19659,3,false,200,25,6,true,-74,1448,12,3975974454,2.0,1711,1685,true,149.9,4,14.3,1,38.876366,-77.046577,true,38.876598,-77.046539
2026-08-02T10:48:41.975Z,0.13.3,false,true,16.26,false,false,false,false,false,none,1000,1476,2000,1500,1381,1000,-4.8,173.0,1660,true,off,1.00,false,false,true,1524,178.2,194.0,120856,,38.876465,-77.046661,false,24.53,15,100,good,24.5,done,80,true,true,-31.57,-3.00,-18.00,23.24,true,AUTO,true,2.00,1.50,,1594,false,3,false,cooldown,20673,3,false,200,25,3,true,-74,1450,12,3975974454,1.9,1726,1686,true,146.1,4,13.2,1,38.876366,-77.046577,true,38.876598,-77.046539
2026-08-02T10:48:43.009Z,0.13.3,false,true,16.30,false,false,false,false,false,none,1000,1476,2000,1500,1381,1000,-5.1,176.2,1660,true,off,1.00,false,false,true,1524,178.7,194.9,120856,,38.876457,-77.046661,false,24.53,15,100,good,24.5,done,80,true,true,-31.57,-3.00,-18.00,22.58,true,AUTO,true,2.00,1.50,,1580,false,3,false,cooldown,21698,3,false,200,25,4,true,-80,1456,12,3975974454,1.9,1740,1687,true,143.7,4,12.5,1,38.876366,-77.046577,true,38.876598,-77.046539
2026-08-02T10:48:44.026Z,0.13.3,false,true,16.27,false,false,false,false,false,none,1000,1476,2000,1500,1381,1000,-5.1,175.6,1660,true,off,1.00,false,false,true,1524,178.4,194.6,120844,,38.876450,-77.046654,false,24.53,15,100,good,24.5,done,80,true,true,-31.57,-3.00,-18.00,22.84,true,AUTO,true,2.00,1.50,,1614,false,3,false,cooldown,22683,3,false,200,25,3,true,-80,1453,12,3975974454,1.8,1706,1688,true,144.6,4,11.4,1,38.876366,-77.046577,true,38.876598,-77.046539
2026-08-02T10:48:45.026Z,0.13.3,false,true,16.25,false,false,false,false,false,none,1000,1476,2000,1500,1381,1000,-5.2,180.8,1660,true,off,1.00,false,false,true,1524,177.3,193.5,120856,,38.876438,-77.046661,false,24.53,15,100,good,24.5,done,80,true,true,-31.57,-3.00,-18.00,22.53,true,AUTO,true,2.00,1.50,,1611,false,3,false,cooldown,23707,3,false,200,25,4,true,-72,1450,12,3975974454,2.0,1709,1689,true,139.0,4,10.9,1,38.876366,-77.046577,true,38.876598,-77.046539
2026-08-02T10:48:46.159Z,0.13.3,false,true,16.28,false,false,false,false,false,none,1000,1476,2000,1500,1381,1000,-5.2,178.3,1660,true,off,1.00,false,false,true,1524,175.6,191.8,120876,,38.876431,-77.046661,false,24.53,15,100,good,24.5,done,80,true,true,-31.57,-3.00,-18.00,22.92,true,AUTO,true,2.00,1.50,,1607,false,3,false,cooldown,24700,3,false,200,25,4,true,-70,1444,12,3975974454,2.1,1713,1690,true,133.3,4,10.2,1,38.876366,-77.046577,true,38.876598,-77.046539
2026-08-02T10:48:47.143Z,0.13.3,true,true,16.33,false,false,false,false,false,none,1000,1476,2000,1500,1381,1000,-5.4,172.7,1660,true,off,1.00,false,false,true,1524,177.7,194.1,120876,,38.876423,-77.046654,false,24.53,15,100,good,24.5,done,80,true,true,-31.57,-3.00,-18.00,23.06,true,AUTO,true,2.00,1.50,,1604,false,3,false,cooldown,25716,3,false,200,25,3,true,-70,1429,12,3975974454,2.0,1716,1691,true,133.5,4,9.2,1,38.876366,-77.046577,true,38.876598,-77.046539
2026-08-02T10:48:48.026Z,0.13.3,true,true,16.36,false,false,false,false,false,none,1000,1476,2000,1500,1381,1000,-5.4,168.1,1660,true,off,1.00,false,false,true,1524,173.3,189.7,120876,,38.876411,-77.046654,false,24.53,15,100,good,24.5,done,80,true,true,-31.57,-3.00,-18.00,23.44,true,AUTO,true,2.00,1.50,,1600,false,3,false,cooldown,26708,3,false,200,25,1,true,-71,1455,12,3975974454,2.2,1720,1692,true,127.8,4,8.3,1,38.876366,-77.046577,true,38.876598,-77.046539
2026-08-02T10:48:49.093Z,0.13.3,true,true,16.32,false,false,false,false,false,none,1000,1476,2000,1500,1381,1000,-5.4,167.6,1660,true,off,1.00,false,false,true,1524,168.7,185.1,120876,,38.876400,-77.046654,false,24.53,15,100,good,24.5,done,80,true,true,-31.57,-3.00,-18.00,23.12,true,AUTO,true,2.00,1.50,,1631,false,3,false,cooldown,27710,3,false,200,25,2,true,-72,1465,12,3975974454,1.9,1689,1693,true,119.9,4,7.6,1,38.876366,-77.046577,true,38.876598,-77.046539
2026-08-02T10:48:50.043Z,0.13.3,true,true,16.30,false,false,false,false,false,none,1000,1476,2000,1500,1381,1000,-5.8,163.3,1660,true,off,1.00,false,false,true,1524,169.6,186.4,120876,,38.876392,-77.046646,false,24.53,15,100,good,24.5,done,80,true,true,-31.57,-3.00,-18.00,23.11,true,AUTO,true,2.00,1.50,,1668,false,3,false,cooldown,28726,3,false,200,25,2,true,-65,1456,12,3975974454,2.0,1652,1694,true,117.1,4,6.6,1,38.876366,-77.046577,true,38.876598,-77.046539
2026-08-02T10:48:51.030Z,0.13.3,true,true,16.32,false,false,false,false,false,none,1000,1476,2000,1500,1381,1000,-5.8,156.5,1660,true,off,1.00,false,false,true,1524,165.6,182.4,120876,,38.876385,-77.046638,false,24.53,15,100,good,24.5,done,80,true,true,-31.57,-3.00,-18.00,22.56,true,AUTO,true,2.00,1.50,,1616,false,3,false,cooldown,29730,3,false,200,25,6,true,-65,1455,12,3975974454,2.0,1704,1695,true,111.6,4,5.7,1,38.876366,-77.046577,true,38.876598,-77.046539
2026-08-02T10:48:52.127Z,0.13.3,true,true,16.34,false,false,false,false,false,none,1000,1476,2000,1500,1381,1000,-5.8,155.4,1660,true,off,1.00,false,false,true,1524,159.3,176.1,120876,,38.876377,-77.046638,false,24.53,15,100,good,24.5,done,80,true,true,-31.57,-3.00,-18.00,22.38,true,AUTO,true,2.00,1.50,,1587,false,3,false,cooldown,30770,3,false,200,25,5,true,-64,1459,12,3975974454,1.8,1733,1696,true,104.1,4,5.4,1,38.876366,-77.046577,true,38.876598,-77.046539
2026-08-02T10:48:53.027Z,0.13.3,false,true,16.29,false,false,false,false,false,none,1000,1476,2000,1500,1381,1000,-5.8,158.4,1660,true,off,1.00,false,false,true,1524,156.9,173.7,120876,,38.876369,-77.046631,false,24.53,15,100,good,24.5,done,80,true,true,-31.57,-3.00,-18.00,25.52,true,AUTO,true,2.00,1.50,,1580,false,3,false,cooldown,31746,3,false,200,25,5,true,-65,1377,12,3975974454,1.7,1740,1697,true,348.0,4,28.6,2,38.876621,-77.046700,true,38.876369,-77.046631
2026-08-02T10:48:54.110Z,0.13.3,false,true,16.28,false,false,false,false,false,none,1000,1476,2000,1500,1381,1000,-6.2,156.2,1660,true,off,1.00,false,false,true,1524,159.4,176.5,120876,,38.876362,-77.046631,false,24.53,15,100,good,24.5,done,80,true,true,-31.57,-3.00,-18.00,28.04,true,AUTO,true,2.00,1.50,,1580,false,3,false,cooldown,32764,3,false,200,25,6,true,-57,1330,12,3975974454,2.0,1740,1698,true,348.4,4,29.4,2,38.876621,-77.046700,true,38.876369,-77.046631
2026-08-02T10:48:55.161Z,0.13.3,false,true,16.20,false,false,false,false,false,none,1000,1476,2000,1500,1381,1000,-6.5,147.1,1660,true,off,1.00,false,false,true,1524,145.0,162.6,120876,,38.876354,-77.046623,false,24.53,15,100,good,24.5,done,80,true,true,-31.57,-3.00,-18.00,18.39,true,AUTO,true,2.00,1.50,,1580,false,3,false,cooldown,33763,3,false,200,25,2,true,-58,1332,12,3975974454,1.9,1740,1699,true,347.5,4,30.4,2,38.876621,-77.046700,true,38.876369,-77.046631
2026-08-02T10:48:56.161Z,0.13.3,false,true,16.18,false,false,false,false,false,none,1000,1476,2000,1500,1381,1000,-6.5,131.0,1660,true,off,1.00,false,false,true,1524,118.6,136.2,120876,,38.876350,-77.046608,false,24.53,15,100,good,24.5,done,80,true,true,-31.57,-3.00,-18.00,20.75,true,AUTO,true,2.00,1.50,,1580,false,3,false,cooldown,34778,3,false,200,25,1,true,-70,1344,12,3975974454,1.8,1740,1700,true,345.2,4,31.1,2,38.876621,-77.046700,true,38.876369,-77.046631
2026-08-02T10:48:57.094Z,0.13.3,false,true,16.16,false,false,false,false,false,none,1000,1476,2000,1500,1381,1000,-6.5,110.1,1660,true,off,1.00,false,false,true,1524,92.8,110.4,120876,,38.876347,-77.046600,false,24.53,15,100,good,24.5,done,80,true,true,-31.57,-3.00,-18.00,20.77,true,AUTO,true,2.00,1.50,,1580,false,3,false,cooldown,35796,3,false,200,25,4,true,-58,1379,12,3975974454,1.8,1740,1701,true,344.3,4,31.7,2,38.876621,-77.046700,true,38.876369,-77.046631
2026-08-02T10:48:58.111Z,0.13.3,false,true,16.32,false,false,false,false,false,none,1000,1476,2000,1500,1381,1000,-6.5,86.3,1660,true,off,1.00,false,false,true,1524,55.7,73.3,120876,,38.876350,-77.046593,false,24.53,15,100,good,24.5,done,80,true,true,-31.57,-3.00,-18.00,19.18,true,AUTO,true,2.00,1.50,,1639,false,3,false,cooldown,36794,3,false,200,25,8,true,-57,1446,12,3975974454,1.6,1681,1702,true,342.9,4,31.5,2,38.876621,-77.046700,true,38.876369,-77.046631
2026-08-02T10:48:59.095Z,0.13.3,false,true,16.32,false,false,false,false,false,none,1000,1476,2000,1500,1381,1000,-6.5,64.8,1660,true,off,1.00,false,false,true,1524,31.7,49.2,120876,,38.876354,-77.046585,false,24.53,15,100,good,24.5,done,80,true,true,-31.57,-3.00,-18.00,22.29,true,AUTO,true,2.00,1.50,,1580,false,3,false,cooldown,37800,3,false,200,25,6,true,-61,1453,12,3975974454,1.7,1740,1703,true,341.6,4,31.3,2,38.876621,-77.046700,true,38.876369,-77.046631
2026-08-02T10:49:00.128Z,0.13.3,false,true,16.22,false,false,false,false,false,none,1000,1476,2000,1500,1381,1000,-6.5,43.3,1660,true,off,1.00,false,false,true,1524,26.4,44.0,120884,,38.876362,-77.046577,false,24.53,15,100,good,24.5,done,80,true,true,-31.57,-3.00,-18.00,23.24,true,AUTO,true,2.00,1.50,,1580,false,3,false,cooldown,38800,3,false,200,25,4,true,-67,1434,12,3975974454,1.8,1740,1704,true,339.9,4,30.7,2,38.876621,-77.046700,true,38.876369,-77.046631
2026-08-02T10:49:01.261Z,0.13.3,false,true,16.34,false,false,false,false,false,none,1000,1476,2000,1500,1381,1000,-6.5,33.3,1660,true,off,1.00,false,false,true,1524,19.7,37.3,120884,,38.876369,-77.046577,false,24.53,15,100,good,24.5,done,80,true,true,-31.57,-3.00,-18.00,21.86,true,AUTO,true,2.00,1.50,,1632,false,3,false,cooldown,39815,3,false,200,25,2,true,-64,1449,12,3975974454,2.0,1688,1706,true,339.3,4,29.9,2,38.876621,-77.046700,true,38.876369,-77.046631
2026-08-02T10:49:03.345Z,0.13.3,false,true,16.34,false,false,false,false,false,none,1000,1476,2000,1500,1381,1000,-6.1,15.5,1660,true,off,1.00,false,false,true,1524,10.3,27.4,120884,,38.876389,-77.046570,false,24.53,15,100,good,24.5,done,80,true,true,-31.57,-3.00,-18.00,23.73,true,AUTO,true,2.00,1.50,,1620,false,3,false,cooldown,41833,3,false,200,25,3,true,-65,1455,12,3975974454,2.1,1700,1708,true,336.7,4,28.2,2,38.876621,-77.046700,true,38.876369,-77.046631
2026-08-02T10:49:04.145Z,0.13.3,false,true,16.35,false,false,false,false,false,none,1000,1476,2000,1500,1381,1000,-6.1,16.7,1660,true,off,1.00,false,false,true,1524,4.8,21.9,120872,,38.876396,-77.046562,false,24.53,15,100,good,24.5,done,80,true,true,-31.57,-3.00,-18.00,22.35,true,AUTO,true,2.00,1.50,,1648,false,3,false,cooldown,42849,3,false,200,25,2,true,-64,1467,12,3975974454,2.0,1672,1709,true,334.6,4,27.7,2,38.876621,-77.046700,true,38.876369,-77.046631
2026-08-02T10:49:05.129Z,0.13.3,false,true,16.34,false,false,false,false,false,none,1000,1476,2000,1500,1381,1000,-6.1,16.5,1660,true,off,1.00,false,false,true,1524,11.2,28.3,120884,,38.876408,-77.046562,false,24.53,15,100,good,24.5,done,80,true,true,-31.57,-3.00,-18.00,21.39,true,AUTO,true,2.00,1.50,,1623,false,3,false,cooldown,43846,3,false,200,25,6,true,-61,1433,12,3975974454,2.1,1697,1710,true,333.2,4,26.6,2,38.876621,-77.046700,true,38.876369,-77.046631
2026-08-02T10:49:06.179Z,0.13.3,false,true,16.32,false,false,false,false,false,none,1000,1476,2000,1500,1381,1000,-5.7,10.8,1660,true,off,1.00,false,false,true,1524,8.1,24.9,120872,,38.876415,-77.046562,false,24.53,15,100,good,24.5,done,80,true,true,-31.57,-3.00,-18.00,23.84,true,AUTO,true,2.00,1.50,,1580,false,3,false,cooldown,44854,3,false,200,25,7,true,-59,1436,12,3975974454,2.2,1740,1711,true,332.6,4,25.8,2,38.876621,-77.046700,true,38.876369,-77.046631
2026-08-02T10:49:07.229Z,0.13.3,false,true,16.33,false,false,false,false,false,none,1000,1476,2000,1500,1381,1000,-5.7,12.6,1660,true,off,1.00,false,false,true,1524,13.3,30.0,120884,,38.876427,-77.046555,false,24.53,15,100,good,24.5,done,80,true,true,-31.57,-3.00,-18.00,22.57,true,AUTO,true,2.00,1.50,,1627,false,3,false,cooldown,45864,3,false,200,25,9,true,-62,1434,12,3975974454,1.9,1693,1712,true,329.7,4,25.0,2,38.876621,-77.046700,true,38.876369,-77.046631
2026-08-02T10:49:08.179Z,0.13.3,false,true,16.30,false,false,false,false,false,none,1000,1476,2000,1500,1381,1000,-5.7,7.1,1660,true,off,1.00,false,false,true,1524,1.4,18.1,120872,,38.876434,-77.046555,false,24.53,15,100,good,24.5,done,80,true,true,-31.57,-3.00,-18.00,25.38,true,AUTO,true,2.00,1.50,,1609,false,3,false,cooldown,46863,3,false,200,25,6,true,-65,1462,12,3975974454,2.3,1711,1713,true,329.2,4,24.3,2,38.876621,-77.046700,true,38.876369,-77.046631
2026-08-02T10:49:09.263Z,0.13.3,false,true,16.34,false,false,false,false,false,none,1000,1476,2000,1500,1381,1000,-5.7,7.1,1660,true,off,1.00,false,false,true,1524,356.7,13.4,120884,,38.876446,-77.046555,false,24.53,15,100,good,24.5,done,80,true,true,-31.57,-3.00,-18.00,24.42,true,AUTO,true,2.00,1.50,,1638,false,3,false,cooldown,47882,3,false,200,25,1,true,-65,1478,12,3975974454,1.9,1682,1714,true,326.8,4,23.2,2,38.876621,-77.046700,true,38.876369,-77.046631
2026-08-02T10:49:10.313Z,0.13.3,false,true,16.33,false,false,false,false,false,none,1000,1476,2000,1500,1381,1000,-5.7,5.6,1660,true,off,1.00,false,false,true,1524,359.3,16.0,120872,,38.876453,-77.046555,false,24.53,15,100,good,24.5,done,80,true,true,-31.57,-3.00,-18.00,23.30,true,AUTO,true,2.00,1.50,,1595,false,3,false,cooldown,48884,3,false,200,25,8,true,-68,1449,12,3975974454,2.0,1725,1715,true,326.0,4,22.5,2,38.876621,-77.046700,true,38.876369,-77.046631
2026-08-02T10:49:11.213Z,0.13.3,false,true,16.34,false,false,false,false,false,none,1000,1476,2000,1500,1381,1000,-5.7,5.9,1660,true,off,1.00,false,false,true,1524,357.7,14.4,120884,,38.876472,-77.046547,false,24.53,15,100,good,24.5,done,80,true,true,-31.57,-3.00,-18.00,23.28,true,AUTO,true,2.00,1.50,,1621,false,3,false,cooldown,49929,3,false,200,25,6,true,-74,1462,12,3975974454,2.0,1699,1716,true,320.7,4,21.2,2,38.876621,-77.046700,true,38.876369,-77.046631
2026-08-02T10:49:12.180Z,0.13.3,false,true,16.35,false,false,false,false,false,none,1000,1476,2000,1500,1381,1000,-5.7,5.8,1660,true,off,1.00,false,false,true,1524,355.4,12.1,120872,,38.876484,-77.046547,false,24.53,15,100,good,24.5,done,80,true,true,-31.57,-3.00,-18.00,23.90,true,AUTO,true,2.00,1.50,,1624,false,3,false,cooldown,50897,3,false,200,25,5,true,-74,1458,12,3975974454,2.0,1696,1717,true,319.3,4,20.2,2,38.876621,-77.046700,true,38.876369,-77.046631
2026-08-02T10:49:13.230Z,0.13.3,false,true,16.34,false,false,false,false,false,none,1000,1476,2000,1500,1381,1000,-5.1,359.5,1660,true,off,1.00,false,false,true,1524,357.0,13.1,120884,,38.876492,-77.046547,false,24.53,15,100,good,24.5,done,80,true,true,-31.57,-3.00,-18.00,23.26,true,AUTO,true,2.00,1.50,,1580,false,3,false,cooldown,51914,3,false,200,25,5,true,-76,1438,12,3975974454,2.1,1740,1718,true,317.2,4,19.6,2,38.876621,-77.046700,true,38.876369,-77.046631
2026-08-02T10:49:14.247Z,0.13.3,false,true,16.32,false,true,false,false,false,none,1000,1476,2000,1500,1381,1000,-4.8,354.9,1660,true,off,1.00,false,false,true,1524,355.0,10.8,120872,,38.876503,-77.046555,false,24.53,15,100,good,24.5,done,80,true,true,-31.57,-3.00,-18.00,23.18,true,AUTO,true,2.00,1.50,,1585,false,3,false,cooldown,52914,3,false,200,25,5,true,-70,1431,12,3975974454,2.0,1735,1719,true,315.0,4,18.2,2,38.876621,-77.046700,true,38.876369,-77.046631
2026-08-02T10:49:15.197Z,0.13.3,false,true,16.32,false,false,false,false,false,none,1000,1476,2000,1500,1381,1000,-4.8,352.6,1660,true,off,1.00,false,false,true,1524,353.9,9.7,120884,,38.876511,-77.046555,false,24.53,15,100,good,24.5,done,80,true,true,-31.57,-3.00,-18.00,26.29,true,AUTO,true,2.00,1.50,,1580,false,3,false,cooldown,53917,3,false,200,25,7,true,-77,1429,12,3975974454,2.1,1740,1720,true,314.5,4,17.6,2,38.876621,-77.046700,true,38.876369,-77.046631
2026-08-02T10:49:16.314Z,0.13.3,false,true,16.35,false,false,false,false,false,none,1000,1476,2000,1500,1381,1000,-5.2,354.2,1660,true,off,1.00,false,false,true,1524,347.5,3.7,120872,,38.876522,-77.046555,false,24.53,15,100,good,24.5,done,80,true,true,-31.57,-3.00,-18.00,25.21,true,AUTO,true,2.00,1.50,,1641,false,3,false,cooldown,54938,3,false,200,25,3,true,-83,1468,12,3975974454,2.1,1679,1721,true,311.3,4,16.7,2,38.876621,-77.046700,true,38.876369,-77.046631
2026-08-02T10:49:17.214Z,0.13.3,false,true,16.32,false,false,false,false,false,none,1000,1476,2000,1500,1381,1000,-5.2,350.2,1660,true,off,1.00,false,false,true,1524,350.9,7.1,120876,,38.876534,-77.046555,false,24.53,15,100,good,24.5,done,80,true,true,-31.57,-3.00,-18.00,24.65,true,AUTO,true,2.00,1.50,,1580,false,3,false,cooldown,55940,3,false,200,25,3,true,-77,1440,12,3975974454,2.2,1740,1722,true,307.1,4,15.9,2,38.876621,-77.046700,true,38.876369,-77.046631
2026-08-02T10:49:18.314Z,0.13.3,false,true,16.32,false,false,false,false,false,none,1000,1476,2000,1500,1381,1000,-5.2,346.7,1660,true,off,1.00,false,false,true,1524,346.2,2.4,120876,,38.876541,-77.046562,false,24.53,15,100,good,24.5,done,80,true,true,-31.57,-3.00,-18.00,23.78,true,AUTO,true,2.00,1.50,,1592,false,3,false,cooldown,56953,3,false,200,25,0,true,-73,1444,12,3975974454,2.0,1728,1723,true,306.9,4,14.9,2,38.876621,-77.046700,true,38.876369,-77.046631
2026-08-02T10:49:19.231Z,0.13.3,false,true,16.30,false,false,false,false,false,none,1000,1476,2000,1500,1381,1000,-5.2,343.9,1660,true,off,1.00,false,false,true,1524,343.3,359.5,120864,,38.876549,-77.046562,false,24.53,15,100,good,24.5,done,80,true,true,-31.57,-3.00,-18.00,23.46,true,AUTO,true,2.00,1.50,,1587,false,3,false,cooldown,57949,3,false,200,25,5,true,-78,1439,12,3975974454,2.1,1733,1724,true,303.2,4,14.4,2,38.876621,-77.046700,true,38.876369,-77.046631
2026-08-02T10:49:21.781Z,0.13.3,false,true,16.28,false,false,false,false,false,none,1000,1476,2000,1500,1381,1000,-5.2,343.3,1660,true,off,1.00,false,false,true,1524,337.4,353.6,120864,,38.876560,-77.046570,false,24.53,15,100,good,24.5,done,80,true,true,-31.57,-3.00,-18.00,22.91,true,AUTO,true,2.00,1.50,,1610,false,3,false,cooldown,58964,3,false,200,25,3,true,-85,1462,12,3975974454,2.0,1710,1725,true,301.3,4,13.1,2,38.876621,-77.046700,true,38.876369,-77.046631
2026-08-02T10:49:21.898Z,0.13.3,false,true,16.29,false,false,false,false,false,none,1000,1476,2000,1500,1381,1000,-4.7,342.3,1660,true,off,1.00,false,false,true,1524,335.4,351.1,120860,,38.876568,-77.046570,false,24.53,15,100,good,24.5,done,80,true,true,-31.57,-3.00,-18.00,22.46,true,AUTO,true,2.00,1.50,,1614,true,1,false,on,552,3,false,200,25,6,true,-85,1457,12,3975974454,2.2,1706,1726,true,298.4,4,12.7,2,38.876621,-77.046700,true,38.876369,-77.046631
2026-08-02T10:49:23.148Z,0.13.3,false,true,16.27,false,false,false,false,false,none,1000,1476,2000,1500,1381,1000,-4.5,342.9,1660,true,off,1.00,false,false,true,1524,335.1,350.6,120876,,38.876579,-77.046577,false,24.53,15,100,good,24.5,done,80,true,true,-31.57,-3.00,-18.00,24.19,true,AUTO,true,2.00,1.50,,1619,true,1,false,on,1564,3,false,200,25,1,true,-76,1447,12,3975974454,2.1,1701,1727,true,293.3,4,11.6,2,38.876621,-77.046700,true,38.876369,-77.046631
2026-08-02T10:49:23.998Z,0.13.3,false,true,16.27,false,false,false,false,false,none,1000,1476,2000,1500,1381,1000,-4.1,339.5,1660,true,off,1.00,false,false,true,1524,333.0,348.0,120856,,38.876591,-77.046585,false,24.53,15,100,good,24.5,done,80,true,true,-31.57,-3.00,-18.00,24.38,true,AUTO,true,2.00,1.50,,1597,true,1,false,on,2587,3,false,200,25,8,true,-83,1431,12,3975974454,2.2,1723,1728,true,290.0,4,10.5,2,38.876621,-77.046700,true,38.876369,-77.046631
2026-08-02T10:49:24.932Z,0.13.3,false,true,16.24,false,false,false,false,false,none,1000,1476,2000,1500,1381,1000,-4.1,336.8,1660,true,off,1.00,false,false,true,1524,330.1,345.3,120872,,38.876598,-77.046585,false,24.53,15,100,good,24.5,done,80,true,true,-31.57,-3.00,-18.00,59.21,true,AUTO,true,2.00,1.50,,1607,true,1,false,on,3607,3,false,200,25,4,true,-77,1436,12,3975974454,2.3,1713,1729,true,281.9,4,10.2,2,38.876621,-77.046700,true,38.876369,-77.046631
2026-08-02T10:49:26.049Z,0.13.3,true,true,16.26,false,false,false,false,false,none,1000,1476,2000,1500,1381,1000,-3.6,333.8,1660,true,off,1.00,false,false,true,1524,321.7,336.3,120872,,38.876610,-77.046593,false,24.53,15,100,good,24.5,done,80,true,true,-31.57,-3.00,-18.00,24.32,true,AUTO,true,2.00,1.50,,1586,true,1,false,on,4633,3,false,200,25,6,true,-77,1443,12,3975974454,2.4,1734,1730,true,277.0,4,9.3,2,38.876621,-77.046700,true,38.876369,-77.046631
2026-08-02T10:49:27.032Z,0.13.3,true,true,16.26,false,false,false,false,false,none,1000,1476,2000,1500,1381,1000,-3.2,330.8,1660,true,off,1.00,false,false,true,1524,321.7,335.9,120872,,38.876617,-77.046600,false,24.53,15,100,good,24.5,done,80,true,true,-31.57,-3.00,-18.00,24.88,true,AUTO,true,2.00,1.50,,1600,true,1,false,on,5639,3,false,200,25,5,true,-87,1437,12,3975974454,2.1,1720,1731,true,273.8,4,8.6,2,38.876621,-77.046700,true,38.876369,-77.046631
2026-08-02T10:49:28.016Z,0.13.3,true,true,16.30,false,false,false,false,false,none,1000,1476,2000,1500,1381,1000,-2.9,325.3,1660,true,off,1.00,false,false,true,1524,316.3,330.2,120872,,38.876625,-77.046608,false,24.53,15,100,good,24.5,done,80,true,true,-31.57,-3.00,-18.00,24.72,true,AUTO,true,2.00,1.50,,1620,false,1,false,pause,638,3,false,200,25,1,true,-80,1450,12,3975974454,2.5,1700,1732,true,267.3,4,7.9,2,38.876621,-77.046700,true,38.876369,-77.046631
2026-08-02T10:49:28.999Z,0.13.3,true,true,16.34,false,false,false,false,false,none,1000,1476,2000,1500,1381,1000,-2.5,320.3,1660,true,off,1.00,false,false,true,1524,310.6,324.1,120884,,38.876633,-77.046616,false,24.53,15,100,good,24.5,done,80,true,true,-31.57,-3.00,-18.00,23.36,true,AUTO,true,2.00,1.50,,1626,false,1,false,pause,1651,3,false,200,25,6,true,-84,1461,12,3975974454,2.2,1694,1733,true,259.6,4,7.4,2,38.876621,-77.046700,true,38.876369,-77.046631
2026-08-02T10:49:30.149Z,0.13.3,false,true,16.30,false,false,false,false,false,none,1000,1476,2000,1500,1381,1000,-2.1,318.6,1660,true,off,1.00,false,false,true,1524,313.6,326.8,120884,,38.876640,-77.046631,false,24.53,15,100,good,24.5,done,80,true,true,-31.57,-3.00,-18.00,23.81,true,AUTO,true,2.00,1.50,,1580,false,1,false,pause,2655,3,false,200,25,1,true,-80,1386,12,3975974454,2.0,1740,1734,true,164.5,4,29.5,3,38.876385,-77.046539,true,38.876640,-77.046631
2026-08-02T10:49:32.817Z,0.13.3,false,true,16.18,false,false,false,false,false,none,1000,1476,2000,1500,1381,1000,-2.2,314.4,1660,true,off,1.00,false,false,true,1524,311.0,323.9,120876,,38.876648,-77.046638,false,24.53,15,100,good,24.5,done,80,true,true,-31.57,-3.00,-18.00,25.62,true,AUTO,true,2.00,1.50,,1580,false,1,false,pause,3668,3,false,200,25,6,true,-87,1330,12,3975974454,2.4,1740,1735,true,163.5,4,30.5,3,38.876385,-77.046539,true,38.876640,-77.046631
2026-08-02T10:49:33.072Z,0.13.3,false,true,16.24,false,false,false,false,false,none,1000,1476,2000,1500,1381,1000,-2.1,298.0,1660,true,off,1.00,false,false,true,1524,289.6,302.7,120876,,38.876656,-77.046661,false,24.53,15,100,good,24.5,done,80,true,true,-31.57,-3.00,-18.00,28.62,true,AUTO,true,2.00,1.50,,1580,false,1,false,pause,5587,3,false,200,25,7,true,-78,1337,12,3975974454,2.1,1740,1737,true,160.6,4,31.9,3,38.876385,-77.046539,true,38.876640,-77.046631
2026-08-02T10:49:33.950Z,0.13.3,false,true,16.31,false,false,false,false,false,none,1000,1476,2000,1500,1381,1000,-2.1,284.9,1660,true,off,1.00,false,false,true,1524,275.8,288.9,120876,,38.876656,-77.046669,false,24.53,15,100,good,24.5,done,80,true,true,-31.57,-3.00,-18.00,29.92,true,AUTO,true,2.00,1.50,,1580,true,2,false,on,628,3,false,200,25,1,true,-92,1343,12,3975974454,1.9,1740,1738,true,159.5,4,32.1,3,38.876385,-77.046539,true,38.876640,-77.046631
2026-08-02T10:49:34.950Z,0.13.3,false,true,16.17,false,false,false,false,false,none,1000,1476,2000,1500,1381,1000,-2.1,267.3,1660,true,off,1.00,false,false,true,1524,260.6,273.7,120876,,38.876656,-77.046684,false,24.53,15,100,good,24.5,done,80,true,true,-31.57,-3.00,-18.00,29.33,true,AUTO,true,2.00,1.50,,1580,true,2,false,on,1610,3,false,200,25,5,true,-83,1376,12,3975974454,1.8,1740,1739,true,157.3,4,32.6,3,38.876385,-77.046539,true,38.876640,-77.046631
2026-08-02T10:49:35.934Z,0.13.3,false,true,16.17,false,false,false,false,false,none,1000,1476,2000,1500,1381,1000,-2.1,245.0,1660,true,off,1.00,false,false,true,1524,247.8,260.9,120876,,38.876652,-77.046692,false,24.53,15,100,good,24.5,done,80,true,true,-31.57,-3.00,-18.00,30.59,true,AUTO,true,2.00,1.50,,1580,true,2,false,on,2610,3,false,200,25,5,true,-87,1374,12,3975974454,1.9,1740,1740,true,155.8,4,32.5,3,38.876385,-77.046539,true,38.876640,-77.046631
2026-08-02T10:49:36.984Z,0.13.3,false,true,16.24,false,false,false,false,false,none,1000,1476,2000,1500,1381,1000,-2.6,229.9,1660,true,off,1.00,false,false,true,1524,233.1,246.7,120872,,38.876644,-77.046700,false,24.53,15,100,good,24.5,done,80,true,true,-31.57,-3.00,-18.00,22.18,true,AUTO,true,2.00,1.50,,1580,true,2,false,on,3604,3,false,200,25,5,true,-77,1400,12,3975974454,2.1,1740,1741,true,154.5,4,32.0,3,38.876385,-77.046539,true,38.876640,-77.046631
2026-08-02T10:49:38.034Z,0.13.3,false,true,16.32,false,false,false,false,false,none,1000,1476,2000,1500,1381,1000,-3.3,213.1,1660,true,off,1.00,false,false,true,1524,223.2,237.5,120876,,38.876637,-77.046700,false,24.53,15,100,good,24.5,done,80,true,true,-31.57,-3.00,-18.00,26.18,true,AUTO,true,2.00,1.50,,1580,true,2,false,on,4631,3,false,200,25,1,true,-84,1407,12,3975974454,2.1,1740,1742,true,153.6,4,31.2,3,38.876385,-77.046539,true,38.876640,-77.046631
2026-08-02T10:49:39.201Z,0.13.3,false,true,16.32,false,false,false,false,false,none,1000,1476,2000,1500,1381,1000,-3.3,199.0,1660,true,off,1.00,false,false,true,1524,203.1,217.4,120876,,38.876625,-77.046707,false,24.53,15,100,good,24.5,done,80,true,true,-31.57,-3.00,-18.00,24.49,true,AUTO,true,2.00,1.50,,1591,true,2,false,on,5653,3,false,200,25,6,true,-84,1443,12,3975974454,2.0,1729,1743,true,151.3,4,30.4,3,38.876385,-77.046539,true,38.876640,-77.046631
2026-08-02T10:49:40.084Z,0.13.3,false,true,16.34,false,false,false,false,false,none,1000,1476,2000,1500,1381,1000,-3.3,191.5,1660,true,off,1.00,false,false,true,1524,188.4,202.7,120872,,38.876617,-77.046707,false,24.53,15,100,good,24.5,done,80,true,true,-31.57,-3.00,-18.00,21.43,true,AUTO,true,2.00,1.50,,1608,false,2,false,pause,645,3,false,200,25,5,true,-83,1468,12,3975974454,1.8,1712,1744,true,150.5,4,29.7,3,38.876385,-77.046539,true,38.876640,-77.046631
2026-08-02T10:49:41.168Z,0.13.3,false,true,16.34,false,false,false,false,false,none,1000,1476,2000,1500,1381,1000,-3.3,182.7,1660,true,off,1.00,false,false,true,1524,177.0,191.3,120876,,38.876606,-77.046700,false,24.53,15,100,good,24.5,done,80,true,true,-31.57,-3.00,-18.00,25.07,true,AUTO,true,2.00,1.50,,1691,false,2,false,pause,1685,3,false,200,25,5,true,-80,1478,12,3975974454,1.8,1629,1745,true,150.7,4,28.2,3,38.876385,-77.046539,true,38.876640,-77.046631
2026-08-02T10:49:42.051Z,0.13.3,false,true,16.33,false,false,false,false,false,none,1000,1476,2000,1500,1381,1000,-3.5,172.8,1660,true,off,1.00,false,false,true,1524,177.7,192.3,120872,,38.876598,-77.046700,false,24.53,15,100,good,24.5,done,80,true,true,-31.57,-3.00,-18.00,22.72,true,AUTO,true,2.00,1.50,,1654,false,2,false,pause,2642,3,false,200,25,7,true,-82,1471,12,3975974454,1.7,1666,1746,true,149.9,4,27.5,3,38.876385,-77.046539,true,38.876640,-77.046631
2026-08-02T10:49:43.035Z,0.13.3,false,true,16.34,false,false,false,false,false,none,1000,1476,2000,1500,1381,1000,-3.8,166.0,1660,true,off,1.00,false,false,true,1524,169.2,184.0,120876,,38.876591,-77.046692,false,24.53,15,100,good,24.5,done,80,true,true,-31.57,-3.00,-18.00,22.37,true,AUTO,true,2.00,1.50,,1640,false,2,false,pause,3652,3,false,200,25,8,true,-83,1480,12,3975974454,1.8,1680,1747,true,149.7,4,26.4,3,38.876385,-77.046539,true,38.876640,-77.046631
2026-08-02T10:49:44.035Z,0.13.3,false,true,16.33,false,false,false,false,false,none,1000,1476,2000,1500,1381,1000,-4.0,162.9,1660,true,off,1.00,false,false,true,1524,172.5,187.5,120876,,38.876583,-77.046692,false,24.53,15,100,good,24.5,done,80,true,true,-31.57,-3.00,-18.00,21.83,true,AUTO,true,2.00,1.50,,1661,false,2,false,pause,4682,3,false,200,25,7,true,-83,1451,12,3975974454,1.7,1659,1748,true,149.3,4,25.7,3,38.876385,-77.046539,true,38.876640,-77.046631
2026-08-02T10:49:45.168Z,0.13.3,false,true,16.31,false,false,false,false,false,none,1000,1476,2000,1500,1381,1000,-4.0,163.5,1660,true,off,1.00,false,false,true,1524,181.1,196.1,120876,,38.876575,-77.046684,false,24.53,15,100,good,24.5,done,80,true,true,-31.57,-3.00,-18.00,23.34,true,AUTO,true,2.00,1.50,,1590,false,2,false,pause,5655,3,false,200,25,1,true,-86,1431,12,3975974454,1.7,1730,1749,true,149.2,4,24.6,3,38.876385,-77.046539,true,38.876640,-77.046631
2026-08-02T10:49:46.102Z,0.13.3,false,true,16.22,false,false,false,false,false,none,1000,1476,2000,1500,1381,1000,-4.0,165.9,1660,true,off,1.00,false,false,true,1524,188.4,203.3,120876,,38.876568,-77.046684,false,24.53,15,100,good,24.5,done,80,true,true,-31.57,-3.00,-18.00,27.20,true,AUTO,true,2.00,1.50,,1580,true,3,false,on,673,3,false,200,25,4,true,-74,1428,12,3975974454,1.6,1740,1750,true,148.3,4,23.9,3,38.876385,-77.046539,true,38.876640,-77.046631
2026-08-02T10:49:48.852Z,0.13.3,false,true,16.27,false,false,false,false,false,none,1000,1476,2000,1500,1381,1000,-4.0,186.9,1660,true,off,1.00,false,false,true,1524,186.3,201.2,120876,,38.876560,-77.046684,false,24.53,15,100,good,24.5,done,80,true,true,-31.57,-3.00,-18.00,23.32,true,AUTO,true,2.00,1.50,,1580,true,3,false,on,1688,3,false,200,25,1,true,-74,1435,12,3975974454,2.0,1740,1751,true,147.1,4,23.2,3,38.876385,-77.046539,true,38.876640,-77.046631
2026-08-02T10:49:49.002Z,0.13.3,false,true,16.31,false,false,false,false,false,none,1000,1476,2000,1500,1381,1000,-4.3,184.9,1660,true,off,1.00,false,false,true,1524,192.9,208.1,120876,,38.876541,-77.046692,false,24.53,15,100,good,24.5,done,80,true,true,-31.57,-3.00,-18.00,25.48,true,AUTO,true,2.00,1.50,,1598,true,3,false,on,3629,3,false,200,25,3,true,-73,1419,12,3975974454,2.1,1722,1753,true,142.6,4,21.8,3,38.876385,-77.046539,true,38.876640,-77.046631
2026-08-02T10:49:49.969Z,0.13.3,false,true,16.31,false,false,false,false,false,none,1000,1476,2000,1500,1381,1000,-4.7,176.8,1660,true,off,1.00,false,false,true,1524,179.5,195.2,120876,,38.876530,-77.046692,false,24.53,15,100,good,24.5,done,80,true,true,-31.57,-3.00,-18.00,21.77,true,AUTO,true,2.00,1.50,,1593,true,3,false,on,4639,3,false,200,25,4,true,-87,1459,12,3975974454,2.1,1727,1754,true,140.4,4,20.8,3,38.876385,-77.046539,true,38.876640,-77.046631
2026-08-02T10:49:50.969Z,0.13.3,false,true,16.32,false,false,false,false,false,none,1000,1476,2000,1500,1381,1000,-4.7,173.4,1660,true,off,1.00,false,false,true,1524,168.5,184.2,120876,,38.876522,-77.046684,false,24.53,15,100,good,24.5,done,80,true,true,-31.57,-3.00,-18.00,23.46,true,AUTO,true,2.00,1.50,,1667,true,3,false,on,5640,3,false,200,25,4,true,-81,1488,12,3975974454,1.9,1653,1755,true,140.4,4,19.8,3,38.876385,-77.046539,true,38.876640,-77.046631
2026-08-02T10:49:52.436Z,0.13.3,false,true,16.30,false,false,false,false,false,none,1000,1476,2000,1500,1381,1000,-4.7,165.3,1660,true,off,1.00,false,false,true,1524,166.0,181.7,120876,,38.876514,-77.046684,false,24.53,15,100,good,24.5,done,80,true,true,-31.57,-3.00,-18.00,23.54,true,AUTO,true,2.00,1.50,,1639,false,3,false,pause,654,3,false,200,25,1,true,-82,1472,12,3975974454,1.9,1681,1756,true,138.6,4,19.1,3,38.876385,-77.046539,true,38.876640,-77.046631
2026-08-02T10:49:53.186Z,0.13.3,false,true,16.18,false,false,false,false,false,none,1000,1476,2000,1500,1381,1000,-4.5,162.0,1660,true,off,1.00,false,false,true,1524,170.9,186.4,120876,,38.876507,-77.046677,false,24.53,15,100,good,24.5,done,80,true,true,-31.57,-3.00,-18.00,23.83,true,AUTO,true,2.00,1.50,,1580,false,3,false,pause,1671,3,false,200,25,1,true,-73,1447,12,3975974454,1.8,1740,1757,true,138.6,4,18.0,3,38.876385,-77.046539,true,38.876640,-77.046631
2026-08-02T10:49:54.120Z,0.13.3,false,true,16.17,false,false,false,false,false,none,1000,1476,2000,1500,1381,1000,-4.5,163.6,1660,true,off,1.00,false,false,true,1524,166.9,182.5,120884,,38.876499,-77.046677,false,24.53,15,100,good,24.5,done,80,true,true,-31.57,-3.00,-18.00,22.54,true,AUTO,true,2.00,1.50,,1580,false,3,false,pause,2692,3,false,200,25,5,true,-81,1453,12,3975974454,1.6,1740,1758,true,136.5,4,17.4,3,38.876385,-77.046539,true,38.876640,-77.046631
2026-08-02T10:49:55.053Z,0.13.3,false,true,16.24,false,false,false,false,false,none,1000,1476,2000,1500,1381,1000,-4.5,169.5,1660,true,off,1.00,false,false,true,1524,166.3,181.8,120876,,38.876492,-77.046677,false,24.53,15,100,good,24.5,done,80,true,true,-31.57,-3.00,-18.00,22.89,true,AUTO,true,2.00,1.50,,1598,false,3,false,pause,3726,3,false,200,25,1,true,-77,1460,12,3975974454,1.8,1722,1759,true,134.7,4,16.8,3,38.876385,-77.046539,true,38.876640,-77.046631
2026-08-02T10:49:56.070Z,0.13.3,false,true,16.22,false,false,false,false,false,none,1000,1476,2000,1500,1381,1000,-4.5,180.1,1660,true,off,1.00,false,false,true,1524,175.3,190.9,120876,,38.876484,-77.046677,false,24.53,15,100,good,24.5,done,80,true,true,-31.57,-3.00,-18.00,23.39,true,AUTO,true,2.00,1.50,,1598,false,3,false,pause,4712,3,false,200,25,1,true,-78,1437,12,3975974454,2.1,1722,1760,true,132.3,4,16.2,3,38.876385,-77.046539,true,38.876640,-77.046631
2026-08-02T10:49:57.053Z,0.13.3,false,true,16.32,false,false,false,false,false,none,1000,1476,2000,1500,1381,1000,-4.6,176.0,1660,true,off,1.00,false,false,true,1524,177.1,192.7,120884,,38.876472,-77.046677,false,24.53,15,100,good,24.5,done,80,true,true,-31.57,-3.00,-18.00,21.54,true,AUTO,true,2.00,1.50,,1580,false,3,false,pause,5721,3,false,200,25,2,true,-77,1428,12,3975974454,2.0,1740,1761,true,130.2,4,15.4,3,38.876385,-77.046539,true,38.876640,-77.046631
2026-08-02T10:49:58.137Z,0.13.3,false,true,16.15,false,false,false,false,false,none,1000,1476,2000,1500,1381,1000,-5.1,171.3,1660,true,off,1.00,false,false,true,1524,179.5,195.6,120884,,38.876465,-77.046669,false,24.53,15,100,good,24.5,done,80,true,true,-31.57,-3.00,-18.00,23.21,true,AUTO,true,2.00,1.50,,1612,false,3,false,cooldown,727,3,false,200,25,7,true,-73,1425,12,3975974454,2.1,1708,1762,true,127.3,4,14.3,3,38.876385,-77.046539,true,38.876640,-77.046631
2026-08-02T10:49:59.071Z,0.13.3,false,true,16.17,false,false,false,false,false,none,1000,1476,2000,1500,1381,1000,-5.3,171.9,1660,true,off,1.00,false,false,true,1524,186.5,202.8,120876,,38.876453,-77.046669,false,24.53,15,100,good,24.5,done,80,true,true,-31.57,-3.00,-18.00,20.80,true,AUTO,true,2.00,1.50,,1580,false,3,false,cooldown,1743,3,false,200,25,6,true,-73,1391,12,3975974454,2.1,1740,1763,true,124.1,4,13.6,3,38.876385,-77.046539,true,38.876640,-77.046631
2026-08-02T10:50:00.137Z,0.13.3,false,true,16.23,false,false,false,false,false,none,1000,1476,2000,1500,1381,1000,-5.3,167.3,1660,true,off,1.00,false,false,true,1524,175.4,191.7,120876,,38.876446,-77.046669,false,24.53,15,100,good,24.5,done,80,true,true,-31.57,-3.00,-18.00,23.41,true,AUTO,true,2.00,1.50,,1580,false,3,false,cooldown,2739,3,false,200,25,1,true,-65,1426,12,3975974454,2.2,1740,1764,true,122.0,4,13.1,3,38.876385,-77.046539,true,38.876640,-77.046631
2026-08-02T10:50:01.254Z,0.13.3,false,true,16.28,false,false,false,false,false,none,1000,1476,2000,1500,1381,1000,-5.3,162.6,1660,true,off,1.00,false,false,true,1524,168.3,184.7,120876,,38.876434,-77.046661,false,24.53,15,100,good,24.5,done,80,true,true,-31.57,-3.00,-18.00,22.65,true,AUTO,true,2.00,1.50,,1650,false,3,false,cooldown,3766,3,false,200,25,3,true,-91,1434,12,3975974454,2.1,1670,1765,true,115.9,4,11.9,3,38.876385,-77.046539,true,38.876640,-77.046631
2026-08-02T10:50:02.188Z,0.13.3,false,true,16.27,false,false,false,false,false,none,1000,1476,2000,1500,1381,1000,-5.7,157.7,1660,true,off,1.00,false,false,true,1524,165.0,181.7,120864,,38.876427,-77.046661,false,24.53,15,100,good,24.5,done,80,true,true,-31.57,-3.00,-18.00,21.09,true,AUTO,true,2.00,1.50,,1580,false,3,false,cooldown,4759,3,false,200,25,3,true,-75,1424,12,3975974454,2.2,1740,1766,true,113.3,4,11.6,3,38.876385,-77.046539,true,38.876640,-77.046631
2026-08-02T10:50:03.188Z,0.13.3,false,true,16.32,false,false,false,false,false,none,1000,1476,2000,1500,1381,1000,-5.7,152.9,1660,true,off,1.00,false,false,true,1524,150.9,167.6,120876,,38.876415,-77.046654,false,24.53,15,100,good,24.5,done,80,true,true,-31.57,-3.00,-18.00,21.88,true,AUTO,true,2.00,1.50,,1653,false,3,false,cooldown,5775,3,false,200,25,4,true,-73,1447,12,3975974454,2.1,1667,1767,true,108.0,4,10.5,3,38.876385,-77.046539,true,38.876640,-77.046631
2026-08-02T10:50:04.104Z,0.13.3,true,true,16.32,false,false,false,false,false,none,1000,1476,2000,1500,1381,1000,-5.7,150.5,1660,true,off,1.00,false,false,true,1524,148.6,165.3,120876,,38.876408,-77.046646,false,24.53,15,100,good,24.5,done,80,true,true,-31.57,-3.00,-18.00,22.13,true,AUTO,true,2.00,1.50,,1598,false,3,false,cooldown,6789,3,false,200,25,1,true,-75,1438,12,3975974454,1.9,1722,1769,true,107.1,4,9.6,3,38.876385,-77.046539,true,38.876640,-77.046631
2026-08-02T10:50:05.321Z,0.13.3,true,true,16.31,false,false,false,false,false,none,1000,1476,2000,1500,1381,1000,-5.9,147.8,1660,true,off,1.00,false,false,true,1524,147.3,164.2,120864,,38.876400,-77.046638,false,24.53,15,100,good,24.5,done,80,true,true,-31.57,-3.00,-18.00,20.28,true,AUTO,true,2.00,1.50,,1652,false,3,false,cooldown,7803,3,false,200,25,7,true,-76,1449,12,3975974454,2.0,1668,1770,true,100.0,4,8.8,3,38.876385,-77.046539,true,38.876640,-77.046631
2026-08-02T10:50:06.171Z,0.13.3,true,true,16.28,false,false,false,false,false,none,1000,1476,2000,1500,1381,1000,-5.7,144.9,1660,true,off,1.00,false,false,true,1524,136.2,152.9,120876,,38.876392,-77.046631,false,24.53,15,100,good,24.5,done,80,true,true,-31.57,-3.00,-18.00,23.12,true,AUTO,true,2.00,1.50,,1637,false,3,false,cooldown,8792,3,false,200,25,2,true,-67,1469,12,3975974454,1.8,1683,1771,true,95.5,4,8.0,3,38.876385,-77.046539,true,38.876640,-77.046631
2026-08-02T10:50:07.155Z,0.13.3,true,true,16.24,false,false,false,false,false,none,1000,1476,2000,1500,1381,1000,-5.7,138.7,1660,true,off,1.00,false,false,true,1524,128.4,145.1,120876,,38.876389,-77.046623,false,24.53,15,100,good,24.5,done,80,true,true,-31.57,-3.00,-18.00,22.11,true,AUTO,true,2.00,1.50,,1625,false,3,false,cooldown,9791,3,false,200,25,8,true,-65,1465,12,3975974454,1.8,1695,1772,true,93.0,4,7.3,3,38.876385,-77.046539,true,38.876640,-77.046631
2026-08-02T10:50:08.272Z,0.13.3,true,true,16.34,false,false,false,false,false,none,1000,1476,2000,1500,1381,1000,-5.3,134.7,1660,true,off,1.00,false,false,true,1524,124.1,140.4,120864,,38.876381,-77.046616,false,24.53,15,100,good,24.5,done,80,true,true,-31.57,-3.00,-18.00,21.93,true,AUTO,true,2.00,1.50,,1636,false,3,false,cooldown,10830,3,false,200,25,8,true,-64,1481,12,3975974454,1.6,1684,1773,true,86.7,4,6.6,3,38.876385,-77.046539,true,38.876640,-77.046631
2026-08-02T10:50:09.189Z,0.13.3,true,true,16.30,false,false,false,false,false,none,1000,1476,2000,1500,1381,1000,-4.8,135.1,1660,true,off,1.00,false,false,true,1524,129.1,144.9,120868,,38.876377,-77.046608,false,24.53,15,100,good,24.5,done,80,true,true,-31.57,-3.00,-18.00,24.91,true,AUTO,true,2.00,1.50,,1580,false,3,false,cooldown,11808,3,false,200,25,7,true,-66,1449,12,3975974454,1.5,1740,1774,true,82.7,4,6.0,3,38.876385,-77.046539,true,38.876640,-77.046631
2026-08-02T10:50:10.139Z,0.13.3,true,true,16.33,false,false,false,false,false,none,1000,1476,2000,1500,1381,1000,-4.8,133.7,1660,true,off,1.00,false,false,true,1524,128.1,144.0,120864,,38.876373,-77.046600,false,24.53,15,100,good,24.5,done,80,true,true,-31.57,-3.00,-18.00,24.35,true,AUTO,true,2.00,1.50,,1609,false,3,false,cooldown,12823,3,false,200,25,6,true,-64,1475,12,3975974454,1.6,1711,1775,true,75.9,4,5.4,3,38.876385,-77.046539,true,38.876640,-77.046631
2026-08-02T10:50:11.310Z,0.13.3,true,true,16.35,false,false,false,false,true,crossing,1000,1476,2000,1500,1381,1000,-4.8,132.6,1660,true,off,1.00,false,false,true,1524,134.8,150.6,120876,,38.876366,-77.046593,false,24.53,15,100,good,24.5,done,80,true,true,-31.57,-3.00,-18.00,27.21,false,AUTO,true,2.00,1.50,,1500,false,3,false,cooldown,13824,3,false,200,25,6,true,-67,1500,12,3975974454,1.6,1500,1776,true,0.0,4,0.0,3,38.876385,-77.046539,true,38.876640,-77.046631
2026-08-02T10:50:12.172Z,0.13.3,true,true,16.35,false,false,false,false,true,crossing,1000,1476,2000,1500,1381,1000,-4.8,129.0,1660,true,off,1.00,false,false,true,1524,140.7,156.5,120888,,38.876362,-77.046585,false,24.53,15,100,good,24.5,done,80,true,true,-31.57,-3.00,-18.00,23.21,false,AUTO,true,2.00,1.50,,1500,false,3,false,cooldown,14825,3,false,200,25,7,true,-70,1500,12,3975974454,1.4,1500,1777,true,0.0,4,0.0,3,38.876385,-77.046539,true,38.876640,-77.046631
2026-08-02T10:50:13.189Z,0.13.3,true,true,16.35,false,false,false,false,true,crossing,1000,1476,2000,1500,1381,1000,-4.8,132.1,1660,true,off,1.00,false,false,true,1524,149.0,164.9,120876,,38.876362,-77.046585,false,24.53,15,100,good,24.5,done,80,true,true,-31.57,-3.00,-18.00,22.38,false,AUTO,true,2.00,1.50,,1500,false,3,false,cooldown,15845,3,false,200,25,2,true,-70,1500,12,3975974454,1.0,1500,1778,true,0.0,4,0.0,3,38.876385,-77.046539,true,38.876640,-77.046631
2026-08-02T10:50:14.306Z,0.13.3,true,true,16.36,false,false,false,false,true,crossing,1000,1476,2000,1500,1381,1000,-4.8,153.4,1660,true,off,1.00,false,false,true,1524,154.2,170.1,120876,,38.876354,-77.046577,false,24.53,15,100,good,24.5,done,80,true,true,-31.57,-3.00,-18.00,22.59,false,AUTO,true,2.00,1.50,,1500,false,3,false,cooldown,16891,3,false,200,25,1,true,-67,1500,12,3975974454,0.6,1500,1779,true,0.0,4,0.0,3,38.876385,-77.046539,true,38.876640,-77.046631
2026-08-02T10:50:15.223Z,0.13.3,true,true,16.35,false,false,false,false,true,crossing,1000,1476,2000,1500,1381,1000,-4.8,153.4,1660,true,off,1.00,false,false,true,1524,160.0,175.8,120876,,38.876354,-77.046577,false,24.53,15,100,good,24.5,done,80,true,true,-31.57,-3.00,-18.00,20.25,false,AUTO,true,2.00,1.50,,1500,false,3,false,cooldown,17873,3,false,200,25,5,true,-68,1500,12,3975974454,0.4,1500,1780,true,0.0,4,0.0,3,38.876385,-77.046539,true,38.876640,-77.046631
2026-08-02T10:50:16.273Z,0.13.3,true,true,16.35,false,false,false,false,true,crossing,1000,1476,2000,1500,1381,1000,-4.8,153.4,1660,true,off,1.00,false,false,true,1524,169.1,184.9,120876,,38.876350,-77.046577,false,24.53,15,100,good,24.5,done,80,true,true,-31.57,-3.00,-18.00,21.75,false,AUTO,true,2.00,1.50,,1500,false,3,false,cooldown,18882,3,false,200,25,4,true,-67,1500,12,3975974454,0.4,1500,1781,true,0.0,4,0.0,3,38.876385,-77.046539,true,38.876640,-77.046631
2026-08-02T10:50:17.223Z,0.13.3,true,true,16.35,false,false,false,false,true,crossing,1000,1476,2000,1500,1381,1000,-4.8,164.6,1660,true,off,1.00,false,false,true,1524,179.2,195.0,120876,,38.876350,-77.046577,false,24.53,15,100,good,24.5,done,80,true,true,-31.57,-3.00,-18.00,56.82,false,AUTO,true,2.00,1.50,,1500,false,3,false,cooldown,19874,3,false,200,25,4,true,-68,1500,12,3975974454,0.3,1500,1782,true,0.0,4,0.0,3,38.876385,-77.046539,true,38.876640,-77.046631
2026-08-02T10:50:18.173Z,0.13.3,true,true,16.36,false,false,false,false,true,crossing,1000,1476,2000,1500,1381,1000,-4.8,230.0,1660,true,off,1.00,false,false,true,1524,190.2,206.1,120888,,38.876347,-77.046585,false,24.53,15,100,good,24.5,done,80,true,true,-31.57,-3.00,-18.00,21.70,false,AUTO,true,2.00,1.50,,1500,false,3,false,cooldown,20874,3,false,200,25,2,true,-62,1500,12,3975974454,0.7,1500,1783,true,0.0,4,0.0,3,38.876385,-77.046539,true,38.876640,-77.046631
2026-08-02T10:50:19.240Z,0.13.3,true,true,16.36,false,false,false,false,true,crossing,1000,1476,2000,1500,1381,1000,-4.8,245.7,1660,true,off,1.00,false,false,true,1524,198.1,213.9,120876,,38.876347,-77.046585,false,24.53,15,100,good,24.5,done,80,true,true,-31.57,-3.00,-18.00,27.68,false,AUTO,true,2.00,1.50,,1500,false,3,false,cooldown,21894,3,false,200,25,4,true,-67,1500,12,3975974454,0.6,1500,1784,true,0.0,4,0.0,3,38.876385,-77.046539,true,38.876640,-77.046631
2026-08-02T10:50:20.357Z,0.13.3,true,true,16.36,false,false,false,false,true,crossing,1000,1476,2000,1500,1381,1000,-4.8,250.8,1660,true,off,1.00,false,false,true,1524,201.6,217.4,120876,,38.876347,-77.046585,false,24.53,15,100,good,24.5,done,80,true,true,-31.57,-3.00,-18.00,24.21,false,AUTO,true,2.00,1.50,,1500,false,3,false,cooldown,22898,3,false,200,25,1,true,-65,1500,12,3975974454,0.5,1500,1785,true,0.0,4,0.0,3,38.876385,-77.046539,true,38.876640,-77.046631
2026-08-02T10:50:21.257Z,0.13.3,true,true,16.36,false,false,false,false,true,crossing,1000,1476,2000,1500,1381,1000,-4.8,259.6,1660,true,off,1.00,false,false,true,1524,213.3,229.1,120876,,38.876347,-77.046593,false,24.53,15,100,good,24.5,done,80,true,true,-31.57,-3.00,-18.00,24.46,false,AUTO,true,2.00,1.50,,1500,false,3,false,cooldown,23911,3,false,200,25,6,true,-61,1500,12,3975974454,0.6,1500,1786,true,0.0,4,0.0,3,38.876385,-77.046539,true,38.876640,-77.046631
2026-08-02T10:50:22.308Z,0.13.3,true,true,16.36,false,false,false,false,true,crossing,1000,1476,2000,1500,1381,1000,-4.8,259.6,1660,true,off,1.00,false,false,true,1524,216.5,232.3,120876,,38.876347,-77.046593,false,24.53,15,100,good,24.5,done,80,true,true,-31.57,-3.00,-18.00,29.32,false,AUTO,true,2.00,1.50,,1500,false,3,false,cooldown,24909,3,false,200,25,3,true,-64,1500,12,3975974454,0.3,1500,1787,true,0.0,4,0.0,3,38.876385,-77.046539,true,38.876640,-77.046631
2026-08-02T10:50:23.241Z,0.13.3,true,true,16.36,false,false,false,false,true,crossing,1000,1476,2000,1500,1381,1000,-4.8,259.6,1660,true,off,1.00,false,false,true,1524,210.9,226.7,120876,,38.876347,-77.046593,false,24.53,15,100,good,24.5,done,80,true,true,-31.57,-3.00,-18.00,21.00,false,AUTO,true,2.00,1.50,,1500,false,3,false,cooldown,25928,3,false,200,25,4,true,-67,1500,12,3975974454,0.2,1500,1788,true,0.0,4,0.0,3,38.876385,-77.046539,true,38.876640,-77.046631
2026-08-02T10:50:24.258Z,0.13.3,true,true,16.36,false,false,false,false,true,crossing,1000,1476,2000,1500,1381,1000,-4.8,259.6,1660,true,off,1.00,false,false,true,1524,216.7,232.5,120868,,38.876347,-77.046600,false,24.53,15,100,good,24.5,done,80,true,true,-31.57,-3.00,-18.00,22.18,false,AUTO,true,2.00,1.50,,1500,false,3,false,cooldown,26927,3,false,200,25,4,true,-62,1500,12,3975974454,0.3,1500,1789,true,0.0,4,0.0,3,38.876385,-77.046539,true,38.876640,-77.046631
2026-08-02T10:50:25.275Z,0.13.3,true,true,16.36,false,false,false,false,true,crossing,1000,1476,2000,1500,1381,1000,-4.8,259.6,1660,true,off,1.00,false,false,true,1524,211.0,226.8,120876,,38.876347,-77.046600,false,24.53,15,100,good,24.5,done,80,true,true,-31.57,-3.00,-18.00,24.21,false,AUTO,true,2.00,1.50,,1500,false,3,false,cooldown,27949,3,false,200,25,0,true,-71,1500,12,3975974454,0.2,1500,1790,true,0.0,4,0.0,3,38.876385,-77.046539,true,38.876640,-77.046631
2026-08-02T10:50:26.408Z,0.13.3,true,true,16.35,false,false,false,false,true,crossing,1000,1476,2000,1500,1381,1000,-4.8,259.6,1660,true,off,1.00,false,false,true,1524,206.8,222.6,120860,,38.876347,-77.046600,false,24.53,15,100,good,24.5,done,80,true,true,-31.57,-3.00,-18.00,23.87,false,AUTO,true,2.00,1.50,,1500,false,3,false,cooldown,28960,3,false,200,25,3,true,-66,1500,12,3975974454,0.3,1500,1791,true,0.0,4,0.0,3,38.876385,-77.046539,true,38.876640,-77.046631
2026-08-02T10:50:27.275Z,0.13.3,true,true,16.36,false,false,false,false,true,crossing,1000,1476,2000,1500,1381,1000,-4.8,259.6,1660,true,off,1.00,false,false,true,1524,210.8,226.7,120864,,38.876347,-77.046600,false,24.53,15,100,good,24.5,done,80,true,true,-31.57,-3.00,-18.00,24.25,false,AUTO,true,2.00,1.50,,1500,false,3,false,cooldown,29960,3,false,200,25,3,true,-69,1500,12,3975974454,0.2,1500,1792,true,0.0,4,0.0,3,38.876385,-77.046539,true,38.876640,-77.046631
2026-08-02T10:50:28.292Z,0.13.3,true,true,16.36,false,false,false,false,true,crossing,1000,1476,2000,1500,1381,1000,-4.8,259.6,1660,true,off,1.00,false,false,true,1524,213.3,229.1,120868,,38.876347,-77.046600,false,24.53,15,100,good,24.5,done,80,true,true,-31.57,-3.00,-18.00,25.14,false,AUTO,true,2.00,1.50,,1500,false,3,false,cooldown,30976,3,false,200,25,2,true,-60,1500,12,3975974454,0.2,1500,1793,true,0.0,4,0.0,3,38.876385,-77.046539,true,38.876640,-77.046631
2026-08-02T10:50:29.325Z,0.13.3,true,true,16.36,false,false,false,false,true,crossing,1000,1476,2000,1500,1381,1000,-4.8,273.5,1660,true,off,1.00,false,false,true,1524,215.3,231.2,120868,,38.876347,-77.046608,false,24.53,15,100,good,24.5,done,80,true,true,-31.57,-3.00,-18.00,23.60,false,AUTO,true,2.00,1.50,,1500,false,3,false,cooldown,31985,3,false,200,25,3,true,-63,1500,12,3975974454,0.4,1500,1794,true,0.0,4,0.0,3,38.876385,-77.046539,true,38.876640,-77.046631
2026-08-02T10:50:30.325Z,0.13.3,true,true,16.36,false,false,false,false,true,crossing,1000,1476,2000,1500,1381,1000,-4.8,288.8,1660,true,off,1.00,false,false,true,1524,216.5,232.3,120860,,38.876350,-77.046608,false,24.53,15,100,good,24.5,done,80,true,true,-31.57,-3.00,-18.00,25.37,false,AUTO,true,2.00,1.50,,1500,false,3,false,cooldown,32981,3,false,200,25,4,true,-66,1500,12,3975974454,0.3,1500,1795,true,0.0,4,0.0,3,38.876385,-77.046539,true,38.876640,-77.046631
2026-08-02T10:50:31.492Z,0.13.3,true,true,16.36,false,false,false,false,true,crossing,1000,1476,2000,1500,1381,1000,-4.8,288.8,1660,true,off,1.00,false,false,true,1524,217.8,233.7,120860,,38.876350,-77.046608,false,24.53,15,100,good,24.5,done,80,true,true,-31.57,-3.00,-18.00,22.79,false,AUTO,true,2.00,1.50,,1500,false,3,false,cooldown,33996,3,false,200,25,3,true,-64,1500,12,3975974454,0.2,1500,1796,true,0.0,4,0.0,3,38.876385,-77.046539,true,38.876640,-77.046631
2026-08-02T10:50:32.476Z,0.13.3,true,true,16.36,false,false,false,false,true,crossing,1000,1476,2000,1500,1381,1000,-4.8,288.8,1660,true,off,1.00,false,false,true,1524,222.6,238.4,120860,,38.876350,-77.046608,false,24.53,15,100,good,24.5,done,80,true,true,-31.57,-3.00,-18.00,18.77,false,AUTO,true,2.00,1.50,,1500,false,3,false,cooldown,34998,3,false,200,25,5,true,-70,1500,12,3975974454,0.1,1500,1797,true,0.0,4,0.0,3,38.876385,-77.046539,true,38.876640,-77.046631
2026-08-02T10:50:33.492Z,0.13.3,true,true,16.36,false,false,false,false,true,crossing,1000,1476,2000,1500,1381,1000,-4.8,315.8,1660,true,off,1.00,false,false,true,1524,226.9,242.8,120860,,38.876354,-77.046608,false,24.53,15,100,good,24.5,done,80,true,true,-31.57,-3.00,-18.00,20.11,false,AUTO,true,2.00,1.50,,1500,false,3,false,cooldown,36015,3,false,200,25,3,true,-65,1500,12,3975974454,0.4,1500,1798,true,0.0,4,0.0,3,38.876385,-77.046539,true,38.876640,-77.046631
2026-08-02T10:50:34.426Z,0.13.3,true,true,16.36,false,false,false,false,true,crossing,1000,1476,2000,1500,1381,1000,-4.8,319.5,1660,true,off,1.00,false,false,true,1524,229.6,245.4,120856,,38.876358,-77.046608,false,24.53,15,100,good,24.5,done,80,true,true,-31.57,-3.00,-18.00,25.25,false,AUTO,true,2.00,1.50,,1500,false,3,false,cooldown,37063,3,false,200,25,5,true,-61,1500,12,3975974454,0.4,1500,1799,true,0.0,4,0.0,3,38.876385,-77.046539,true,38.876640,-77.046631
2026-08-02T10:50:35.493Z,0.13.3,true,true,16.36,false,false,false,false,true,crossing,1000,1476,2000,1500,1381,1000,-4.8,319.5,1660,true,off,1.00,false,false,true,1524,233.3,249.1,120856,,38.876358,-77.046608,false,24.53,15,100,good,24.5,done,80,true,true,-31.57,-3.00,-18.00,27.54,false,AUTO,true,2.00,1.50,,1500,false,3,false,cooldown,38015,3,false,200,25,3,true,-69,1500,12,3975974454,0.2,1500,1800,true,0.0,4,0.0,3,38.876385,-77.046539,true,38.876640,-77.046631
2026-08-02T10:50:36.326Z,0.13.3,true,true,16.36,false,false,false,false,true,crossing,1000,1476,2000,1500,1381,1000,-4.8,319.5,1660,true,off,1.00,false,false,true,1524,237.0,252.9,120860,,38.876362,-77.046608,false,24.53,15,100,good,24.5,done,80,true,true,-31.57,-3.00,-18.00,19.96,false,AUTO,true,2.00,1.50,,1500,false,3,false,cooldown,39016,3,false,200,25,3,true,-70,1500,12,3975974454,0.2,1500,1801,true,0.0,4,0.0,3,38.876385,-77.046539,true,38.876640,-77.046631
2026-08-02T10:50:37.343Z,0.13.3,false,true,16.36,false,false,false,false,false,none,1000,1476,2000,1500,1381,1000,-4.8,319.5,1660,true,off,1.00,false,false,true,1524,244.5,260.3,120860,,38.876362,-77.046608,false,24.53,15,100,good,24.5,done,80,true,true,-31.57,-3.00,-18.00,25.02,false,AUTO,true,2.00,1.50,,1500,false,3,false,cooldown,40028,3,false,200,25,7,true,-64,1500,12,3975974454,0.2,1500,1802,true,,0,,0,,,false,,
2026-08-02T10:50:38.393Z,0.13.3,false,true,16.36,false,false,false,false,false,none,1000,1476,2000,1500,1381,1000,-4.8,319.5,1660,true,off,1.00,false,false,true,1524,249.0,264.9,120864,,38.876362,-77.046608,false,24.53,15,100,good,24.5,done,80,true,true,-31.57,-3.00,-18.00,28.82,false,AUTO,true,2.00,1.50,,1500,false,3,false,cooldown,41046,3,false,200,25,0,true,-62,1500,12,3975974454,0.3,1500,1803,true,,0,,0,,,false,,
2026-08-02T10:50:39.502Z,0.13.3,false,true,16.36,false,false,false,false,false,none,1000,1476,2000,1500,1381,1000,-4.8,319.5,1660,true,off,1.00,false,false,true,1524,251.7,267.5,120864,,38.876366,-77.046608,false,24.53,15,100,good,24.5,done,80,true,true,-31.57,-3.00,-18.00,24.32,false,AUTO,true,2.00,1.50,,1500,false,3,false,cooldown,42080,3,false,200,25,3,true,-64,1500,12,3975974454,0.2,1500,1804,true,,0,,0,,,false,,
2026-08-02T10:50:40.485Z,0.13.3,false,true,16.36,false,false,false,false,false,none,1000,1476,2000,1500,1381,1000,-4.8,319.5,1660,true,off,1.00,false,false,true,1524,257.2,273.1,120864,,38.876366,-77.046608,false,24.53,15,100,good,24.5,done,80,true,true,-31.57,-3.00,-18.00,21.62,false,AUTO,true,2.00,1.50,,1500,false,3,false,cooldown,43074,3,false,200,25,3,true,-65,1500,12,3975974454,0.1,1500,1805,true,,0,,0,,,false,,
2026-08-02T10:50:41.544Z,0.13.3,false,true,16.36,false,false,false,false,false,none,1000,1476,2000,1500,1381,1000,-4.8,319.5,1660,true,off,1.00,false,false,true,1524,261.6,277.4,120864,,38.876366,-77.046608,false,24.53,15,100,good,24.5,done,80,true,true,-31.57,-3.00,-18.00,26.84,false,AUTO,true,2.00,1.50,,1500,false,3,false,cooldown,44064,3,false,200,25,8,true,-64,1500,12,3975974454,0.1,1500,1806,true,,0,,0,,,false,,
2026-08-02T10:50:42.444Z,0.13.3,false,true,16.36,false,false,false,false,false,none,1000,1476,2000,1500,1381,1000,-4.8,319.5,1660,true,off,1.00,false,false,true,1524,261.5,277.3,120864,,38.876366,-77.046608,false,24.53,15,100,good,24.5,done,80,true,true,-31.57,-3.00,-18.00,24.73,false,AUTO,true,2.00,1.50,,1500,false,3,false,cooldown,45068,3,false,200,25,4,true,-68,1500,12,3975974454,0.1,1500,1807,true,,0,,0,,,false,,
2026-08-02T10:50:43.398Z,0.13.3,false,true,16.36,false,false,false,false,false,none,1000,1476,2000,1500,1381,1000,-4.8,319.5,1660,true,off,1.00,false,false,true,1524,260.4,276.2,120864,,38.876369,-77.046608,false,24.53,15,100,good,24.5,done,80,true,true,-31.57,-3.00,-18.00,18.81,false,AUTO,true,2.00,1.50,,1500,false,3,false,cooldown,46082,3,false,200,25,1,true,-64,1500,12,3975974454,0.2,1500,1808,true,,0,,0,,,false,,
2026-08-02T10:50:44.557Z,0.13.3,false,true,16.36,false,false,false,false,false,none,1000,1476,2000,1500,1381,1000,-4.8,319.5,1660,true,off,1.00,false,false,true,1524,263.2,279.1,120864,,38.876369,-77.046608,false,24.53,15,100,good,24.5,done,80,true,true,-31.57,-3.00,-18.00,18.43,false,AUTO,true,2.00,1.50,,1500,false,3,false,cooldown,47077,3,false,200,25,2,true,-64,1500,12,3975974454,0.2,1500,1809,true,,0,,0,,,false,,
2026-08-02T10:50:45.407Z,0.13.3,false,true,16.36,false,false,false,false,false,none,1000,1476,2000,1500,1381,1000,-4.8,319.5,1660,true,off,1.00,false,false,true,1524,263.5,279.3,120864,,38.876369,-77.046616,false,24.53,15,100,good,24.5,done,80,true,true,-31.57,-3.00,-18.00,23.10,false,AUTO,true,2.00,1.50,,1500,false,3,false,cooldown,48078,3,false,200,25,2,true,-72,1500,12,3975974454,0.3,1500,1810,true,,0,,0,,,false,,
2026-08-02T10:50:46.457Z,0.13.3,false,true,16.36,false,false,false,false,false,none,1000,1476,2000,1500,1381,1000,-4.8,319.5,1660,true,off,1.00,false,false,true,1524,263.9,279.8,120864,,38.876369,-77.046616,false,24.53,15,100,good,24.5,done,80,true,true,-31.57,-3.00,-18.00,25.37,false,AUTO,true,2.00,1.50,,1500,false,3,false,cooldown,49096,3,false,200,25,3,true,-56,1500,12,3975974454,0.3,1500,1811,true,,0,,0,,,false,,
2026-08-02T10:50:47.590Z,0.13.3,false,true,16.36,false,false,false,false,false,none,1000,1476,2000,1500,1381,1000,-4.8,319.5,1660,true,off,1.00,false,false,true,1524,264.9,280.7,120852,,38.876373,-77.046616,false,24.53,15,100,good,24.5,done,80,true,true,-31.57,-3.00,-18.00,23.85,false,AUTO,true,2.00,1.50,,1500,false,3,false,cooldown,50101,3,false,200,25,1,true,-58,1500,12,3975974454,0.1,1500,1812,true,,0,,0,,,false,,
2026-08-02T10:50:48.491Z,0.13.3,false,true,16.36,false,false,false,false,false,none,1000,1476,2000,1500,1381,1000,-4.8,319.5,1660,true,off,1.00,false,false,true,1524,264.1,279.9,120864,,38.876373,-77.046616,false,24.53,15,100,good,24.5,done,80,true,true,-31.57,-3.00,-18.00,19.60,false,AUTO,true,2.00,1.50,,1500,false,3,false,cooldown,51122,3,false,200,25,5,true,-57,1500,12,3975974454,0.1,1500,1813,true,,0,,0,,,false,,
2026-08-02T10:50:49.441Z,0.13.3,false,true,16.36,false,false,false,false,false,none,1000,1476,2000,1500,1381,1000,-4.8,322.3,1660,true,off,1.00,false,false,true,1524,262.1,277.9,120872,,38.876373,-77.046616,false,24.53,15,100,good,24.5,done,80,true,true,-31.57,-3.00,-18.00,17.64,false,AUTO,true,2.00,1.50,,1500,false,3,false,cooldown,52112,3,false,200,25,2,true,-66,1500,12,3975974454,0.3,1500,1814,true,,0,,0,,,false,,
2026-08-02T10:50:50.458Z,0.13.3,false,true,16.36,false,false,false,false,false,none,1000,1476,2000,1500,1381,1000,-4.8,334.0,1660,true,off,1.00,false,false,true,1524,261.1,276.9,120864,,38.876373,-77.046616,false,24.53,15,100,good,24.5,done,80,true,true,-31.57,-3.00,-18.00,25.09,false,AUTO,true,2.00,1.50,,1500,false,3,false,cooldown,53142,3,false,200,25,1,true,-66,1500,12,3975974454,0.3,1500,1815,true,,0,,0,,,false,,
2026-08-02T10:50:51.524Z,0.13.3,false,true,16.36,false,false,false,false,false,none,1000,1476,2000,1500,1381,1000,-4.8,334.0,1660,true,off,1.00,false,false,true,1524,259.7,275.6,120868,,38.876377,-77.046616,false,24.53,15,100,good,24.5,done,80,true,true,-31.57,-3.00,-18.00,25.82,false,AUTO,true,2.00,1.50,,1500,false,3,false,cooldown,54131,3,false,200,25,2,true,-73,1500,12,3975974454,0.3,1500,1816,true,,0,,0,,,false,,
2026-08-02T10:50:52.508Z,0.13.3,false,true,16.36,false,false,false,false,false,none,1000,1476,2000,1500,1381,1000,-4.8,334.0,1660,true,off,1.00,false,false,true,1524,260.3,276.2,120868,,38.876377,-77.046616,false,24.53,15,100,good,24.5,done,80,true,true,-31.57,-3.00,-18.00,22.26,false,AUTO,true,2.00,1.50,,1500,false,3,false,cooldown,55146,3,false,200,25,2,true,-63,1500,12,3975974454,0.2,1500,1817,true,,0,,0,,,false,,
2026-08-02T10:50:53.542Z,0.13.3,false,true,16.36,false,false,false,false,false,none,1000,1476,2000,1500,1381,1000,-4.8,334.0,1660,true,off,1.00,false,false,true,1524,260.4,276.2,120872,,38.876377,-77.046616,false,24.53,15,100,good,24.5,done,80,true,true,-31.57,-3.00,-18.00,19.49,false,AUTO,true,2.00,1.50,,1500,false,3,false,cooldown,56163,3,false,200,25,2,true,-59,1500,12,3975974454,0.2,1500,1818,true,,0,,0,,,false,,
2026-08-02T10:50:54.641Z,0.13.3,false,true,16.36,false,false,false,false,false,none,1000,1476,2000,1500,1381,1000,-4.8,334.0,1660,true,off,1.00,false,false,true,1524,258.8,274.7,120876,,38.876381,-77.046616,false,24.53,15,100,good,24.5,done,80,true,true,-31.57,-3.00,-18.00,25.93,false,AUTO,true,2.00,1.50,,1500,false,3,false,cooldown,57168,3,false,200,25,5,true,-66,1500,12,3975974454,0.2,1500,1819,true,,0,,0,,,false,,
2026-08-02T10:50:55.642Z,0.13.3,false,true,16.36,false,false,false,false,false,none,1000,1476,2000,1500,1381,1000,-4.8,334.0,1660,true,off,1.00,false,false,true,1524,258.0,273.8,120884,,38.876381,-77.046616,false,24.53,15,100,good,24.5,done,80,true,true,-31.57,-3.00,-18.00,24.12,false,AUTO,true,2.00,1.50,,1500,false,3,false,cooldown,58160,3,false,200,25,5,true,-64,1500,12,3975974454,0.2,1500,1820,true,,0,,0,,,false,,
2026-08-02T10:50:56.575Z,0.13.3,false,true,16.36,false,false,false,false,false,none,1000,1476,2000,1500,1381,1000,-4.8,334.0,1660,true,off,1.00,false,false,true,1524,257.3,273.1,120876,,38.876381,-77.046623,false,24.53,15,100,good,24.5,done,80,true,true,-31.57,-3.00,-18.00,19.54,false,AUTO,true,2.00,1.50,,1500,false,3,false,cooldown,59166,3,false,200,25,2,true,-61,1500,12,3975974454,0.2,1500,1821,true,,0,,0,,,false,,
2026-08-02T10:50:57.509Z,0.13.3,false,true,16.36,false,false,false,false,false,none,1000,1476,2000,1500,1381,1000,-4.8,334.0,1660,true,off,1.00,false,false,true,1524,259.0,274.8,120884,,38.876381,-77.046623,false,24.53,15,100,good,24.5,done,80,true,true,-31.57,-3.00,-18.00,23.36,false,AUTO,true,2.00,1.50,,1500,false,,false,off,,3,false,200,25,5,true,-64,1500,12,3975974454,0.3,1500,1822,true,,0,,0,,,false,,
2026-08-02T10:50:58.559Z,0.13.3,false,true,16.36,false,false,false,false,false,none,1000,1476,2000,1500,1381,1000,-4.8,334.0,1660,true,off,1.00,false,false,true,1524,258.2,274.0,120864,,38.876385,-77.046623,false,24.53,15,100,good,24.5,done,80,true,true,-31.57,-3.00,-18.00,25.19,false,AUTO,true,2.00,1.50,,1500,false,,false,off,,3,false,200,25,4,true,-65,1500,12,3975974454,0.3,1500,1823,true,,0,,0,,,false,,
2026-08-02T10:50:59.542Z,0.13.3,false,true,16.36,false,false,false,false,false,none,1000,1476,2000,1500,1381,1000,-4.8,334.0,1660,true,off,1.00,false,false,true,1524,260.2,276.1,120852,,38.876385,-77.046623,false,24.53,15,100,good,24.5,done,80,true,true,-31.57,-3.00,-18.00,21.67,false,AUTO,true,2.00,1.50,,1500,false,,false,off,,3,false,200,25,5,true,-65,1500,12,3975974454,0.2,1500,1824,true,,0,,0,,,false,,
2026-08-02T10:51:00.576Z,0.13.3,false,true,16.36,false,false,false,false,false,none,1000,1476,2000,1500,1381,1000,-4.8,334.0,1660,true,off,1.00,false,false,true,1524,261.4,277.2,120856,,38.876385,-77.046623,false,24.53,15,100,good,24.5,done,80,true,true,-31.57,-3.00,-18.00,25.03,false,AUTO,true,2.00,1.50,,1500,false,,false,off,,3,false,200,25,0,true,-66,1500,12,3975974454,0.1,1500,1825,true,,0,,0,,,false,,
2026-08-02T10:51:01.609Z,0.13.3,false,true,16.36,false,false,false,false,false,none,1000,1476,2000,1500,1381,1000,-4.8,334.0,1660,true,off,1.00,false,false,true,1524,261.3,277.1,120852,,38.876385,-77.046623,false,24.53,15,100,good,24.5,done,80,true,true,-31.57,-3.00,-18.00,25.05,false,AUTO,true,2.00,1.50,,1500,false,,false,off,,3,false,200,25,0,true,-65,1500,12,3975974454,0.2,1500,1826,true,,0,,0,,,false,,
2026-08-02T10:51:02.659Z,0.13.3,false,true,16.36,false,false,false,false,false,none,1000,1476,2000,1500,1381,1000,-4.8,334.0,1660,true,off,1.00,false,false,true,1524,260.5,276.3,120856,,38.876385,-77.046623,false,24.53,15,100,good,24.5,done,80,true,true,-31.57,-3.00,-18.00,20.06,false,AUTO,true,2.00,1.50,,1500,false,,false,off,,3,false,200,25,5,true,-67,1500,12,3975974454,0.1,1500,1827,true,,0,,0,,,false,,
2026-08-02T10:51:03.543Z,0.13.3,false,true,16.36,false,false,false,false,false,none,1000,1476,2000,1500,1381,1000,-4.8,334.0,1660,true,off,1.00,false,false,true,1524,260.4,276.2,120856,,38.876385,-77.046623,false,24.53,15,100,good,24.5,done,80,true,true,-31.57,-3.00,-18.00,20.13,false,AUTO,true,2.00,1.50,,1500,false,,false,off,,3,false,200,25,5,true,-66,1500,12,3975974454,0.3,1500,1828,true,,0,,0,,,false,,
2026-08-02T10:51:04.593Z,0.13.3,false,true,16.36,false,false,false,false,false,none,1000,1476,2000,1500,1381,1000,-4.8,334.0,1660,true,off,1.00,false,false,true,1524,259.6,275.5,120864,,38.876385,-77.046623,false,24.53,15,100,good,24.5,done,80,true,true,-31.57,-3.00,-18.00,23.59,false,AUTO,true,2.00,1.50,,1500,false,,false,off,,3,false,200,25,3,true,-64,1500,12,3975974454,0.3,1500,1829,true,,0,,0,,,false,,
2026-08-02T10:51:05.577Z,0.13.3,false,true,16.36,false,false,false,false,false,none,1000,1476,2000,1500,1381,1000,-4.8,334.0,1660,true,off,1.00,false,false,true,1524,258.5,274.3,120660,,38.876389,-77.046631,false,24.53,15,100,good,24.5,done,80,true,true,-31.57,-3.00,-18.00,22.01,false,AUTO,true,2.00,1.50,,1500,false,,false,off,,3,false,200,25,3,true,-64,1500,12,3975974454,0.2,1500,1830,true,,0,,0,,,false,,
2026-08-02T10:51:06.560Z,0.13.3,false,true,16.36,false,false,false,false,false,none,1000,1476,2000,1500,1381,1000,-4.8,334.0,1660,true,off,1.00,false,false,true,1524,260.3,276.1,120868,,38.876389,-77.046631,false,24.53,15,100,good,24.5,done,80,true,true,-31.57,-3.00,-18.00,23.35,false,AUTO,true,2.00,1.50,,1500,false,,false,off,,3,false,200,25,8,true,-68,1500,12,3975974454,0.1,1500,1831,true,,0,,0,,,false,,
2026-08-02T10:51:07.577Z,0.13.3,false,true,16.36,false,false,false,false,false,none,1000,1476,2000,1500,1381,1000,-4.8,334.0,1660,true,off,1.00,false,false,true,1524,257.1,272.9,120860,,38.876389,-77.046631,false,24.53,15,100,good,24.5,done,80,true,true,-31.57,-3.00,-18.00,27.04,false,AUTO,true,2.00,1.50,,1500,false,,false,off,,3,false,200,25,3,true,-62,1500,12,3975974454,0.2,1500,1832,true,,0,,0,,,false,,
2026-08-02T10:51:08.560Z,0.13.3,false,true,16.36,false,false,false,false,false,none,1000,1476,2000,1500,1381,1000,-4.8,334.0,1660,true,off,1.00,false,false,true,1524,255.5,271.3,120872,,38.876389,-77.046631,false,24.53,15,100,good,24.5,done,80,true,true,-31.57,-3.00,-18.00,22.87,false,AUTO,true,2.00,1.50,,1500,false,,false,off,,3,false,200,25,3,true,-62,1500,12,3975974454,0.1,1500,1833,true,,0,,0,,,false,,
2026-08-02T10:51:09.627Z,0.13.3,false,true,16.36,false,false,false,false,false,none,1000,1476,2000,1500,1381,1000,-4.8,334.0,1660,true,off,1.00,false,false,true,1524,257.5,273.4,120872,,38.876392,-77.046631,false,24.53,15,100,good,24.5,done,80,true,true,-31.57,-3.00,-18.00,22.15,false,AUTO,true,2.00,1.50,,1500,false,,false,off,,3,false,200,25,2,true,-70,1500,12,3975974454,0.1,1500,1834,true,,0,,0,,,false,,
2026-08-02T10:51:10.594Z,0.13.3,false,true,16.36,false,false,false,false,false,none,1000,1476,2000,1500,1381,1000,-4.8,334.0,1660,true,off,1.00,false,false,true,1524,254.7,270.5,120880,,38.876392,-77.046631,false,24.53,15,100,good,24.5,done,80,true,true,-31.57,-3.00,-18.00,24.94,false,AUTO,true,2.00,1.50,,1500,false,,false,off,,3,false,200,25,6,true,-66,1500,12,3975974454,0.3,1500,1835,true,,0,,0,,,false,,
2026-08-02T10:51:11.661Z,0.13.3,false,true,16.36,false,false,false,false,false,none,1000,1476,2000,1500,1382,1000,-4.8,334.0,1660,true,off,1.00,false,false,true,1524,254.6,270.5,120872,,38.876392,-77.046631,false,24.53,15,100,good,24.5,done,80,true,true,-31.57,-3.00,-18.00,22.44,false,AUTO,true,2.00,1.50,,1500,false,,false,off,,3,false,200,25,3,true,-67,1500,12,3975974454,0.2,1500,1836,true,,0,,0,,,false,,
2026-08-02T10:51:12.628Z,0.13.3,false,true,16.36,false,false,false,false,false,none,1000,1476,2000,1500,2000,1142,-4.8,334.0,1660,true,off,1.00,false,false,true,1524,250.6,266.4,120860,,38.876392,-77.046638,false,24.53,15,100,good,24.5,done,80,true,true,-31.57,-3.00,-18.00,20.76,false,AUTO,true,2.00,1.50,,1500,false,,false,off,,3,false,200,25,4,true,-71,1500,12,3975974454,0.3,1500,1837,true,,0,,0,,,false,,
2026-08-02T10:51:13.611Z,0.13.3,false,true,16.32,false,false,false,false,false,none,1000,1476,2000,1500,2000,1325,-4.8,334.0,1660,true,off,1.00,false,false,true,1524,248.3,264.1,120864,,38.876392,-77.046638,false,24.53,15,100,good,24.5,done,80,true,true,-31.57,-3.00,-18.00,18.94,false,AUTO,true,2.00,1.50,,1500,false,,false,off,,3,false,200,25,2,true,-73,1500,12,3975974454,0.2,1500,1838,true,,0,,0,,,false,,
2026-08-02T10:51:14.661Z,0.13.3,false,true,16.36,false,false,false,false,false,none,1000,1476,2000,1500,2000,1470,-4.8,334.0,1660,true,off,1.00,false,false,true,1524,251.6,267.4,120868,,38.876396,-77.046638,false,24.53,15,100,good,24.5,done,80,true,true,-31.57,-3.00,-18.00,24.09,false,AUTO,true,2.00,1.50,,1500,false,,false,off,,3,false,200,25,1,true,-66,1500,12,3975974454,0.2,1500,1839,true,,0,,0,,,false,,
2026-08-02T10:51:15.711Z,0.13.3,false,true,16.36,false,false,false,false,false,none,1000,1476,2000,1500,2000,1550,-4.8,334.0,1660,true,off,1.00,false,false,true,1524,248.6,264.4,120864,,38.876396,-77.046638,false,24.53,15,100,good,24.5,done,80,true,true,-31.57,-3.00,-18.00,25.83,false,AUTO,true,2.00,1.50,,1500,false,,false,off,,3,false,200,25,1,true,-73,1500,12,3975974454,0.2,1500,1840,true,,0,,0,,,false,,
2026-08-02T10:51:16.661Z,0.13.3,false,true,16.36,false,false,false,false,false,none,1000,1476,1000,1495,2000,1549,-4.8,334.0,1660,true,off,1.00,false,false,true,1524,242.1,257.9,120876,,38.876396,-77.046638,false,24.53,15,100,good,24.5,done,80,true,true,-31.57,-3.00,-18.00,19.20,false,MANUAL,true,2.00,1.50,,1665,false,,false,off,,3,false,200,25,0,true,-69,1670,12,3975974454,0.2,1635,1841,true,,0,,0,,,false,,
2026-08-02T10:51:17.695Z,0.13.3,false,true,16.35,false,false,false,false,false,none,1000,1476,1000,1479,2000,1550,-4.8,320.4,1660,true,off,1.00,false,false,true,1524,242.1,257.9,120876,,38.876396,-77.046638,false,24.53,15,100,good,24.5,done,80,true,true,-31.57,-3.00,-18.00,18.13,false,MANUAL,true,2.00,1.50,,1665,false,,false,off,,3,false,200,25,1,true,-74,1670,12,3975974454,0.4,1635,1842,true,,0,,0,,,false,,
2026-08-02T10:51:18.679Z,0.13.3,false,true,16.35,false,false,false,false,false,none,1000,1476,1000,1481,2000,1550,-4.8,320.4,1660,true,off,1.00,false,false,true,1524,243.4,259.3,120876,,38.876400,-77.046638,false,24.53,15,100,good,24.5,done,80,true,true,-31.57,-3.00,-18.00,23.57,false,MANUAL,true,2.00,1.50,,1665,true,1,false,on,517,3,false,200,25,2,true,-76,1670,12,3975974454,0.3,1635,1843,true,,0,,0,,,false,,
2026-08-02T10:51:19.729Z,0.13.3,false,true,16.35,false,false,false,false,false,none,1000,1476,1000,1482,2000,1550,-4.8,320.4,1660,true,off,1.00,false,false,true,1524,247.0,262.8,120876,,38.876400,-77.046646,false,24.53,15,100,good,24.5,done,80,true,true,-31.57,-3.00,-18.00,25.96,false,MANUAL,true,2.00,1.50,,1665,true,1,false,on,1520,3,false,200,25,5,true,-71,1670,12,3975974454,0.2,1635,1844,true,,0,,0,,,false,,
2026-08-02T10:51:20.645Z,0.13.3,false,true,16.34,false,false,false,false,false,none,1000,1476,1000,1478,2000,1550,-4.8,320.4,1660,true,off,1.00,false,false,true,1524,253.5,269.4,120876,,38.876400,-77.046646,false,24.53,15,100,good,24.5,done,80,true,true,-31.57,-3.00,-18.00,23.65,false,MANUAL,true,2.00,1.50,,1665,true,1,false,on,2519,3,false,200,25,1,true,-68,1670,12,3975974454,0.4,1635,1845,true,,0,,0,,,false,,
2026-08-02T10:51:21.662Z,0.13.3,false,true,16.36,false,false,false,false,false,none,1000,1476,1000,1357,1381,1000,-4.8,304.3,1660,true,off,1.00,false,false,true,1524,263.3,279.2,120884,,38.876400,-77.046646,false,24.53,15,100,good,24.5,done,80,true,true,-31.57,-3.00,-18.00,18.82,false,MANUAL,true,2.00,1.50,,1360,true,1,false,on,3536,3,false,200,25,2,true,-76,1459,12,3975974454,0.4,1354,1846,true,,0,,0,,,false,,
2026-08-02T10:51:22.696Z,0.13.3,false,true,16.21,false,false,false,false,false,none,1000,1476,1000,1398,1381,1000,-4.8,304.3,1660,true,off,1.00,false,false,true,1524,273.7,289.5,120876,,38.876396,-77.046646,false,24.53,15,100,good,24.5,done,80,true,true,-31.57,-3.00,-18.00,20.35,false,MANUAL,true,2.00,1.50,,1400,true,1,false,on,4554,3,false,200,25,2,true,-72,1459,12,3975974454,0.3,1396,1847,true,,0,,0,,,false,,
2026-08-02T10:51:23.729Z,0.13.3,false,true,16.33,false,false,false,false,false,none,1000,1476,1000,1393,1381,1000,-4.8,304.3,1660,true,off,1.00,false,false,true,1524,281.2,297.0,120876,,38.876396,-77.046646,false,24.53,15,100,good,24.5,done,80,true,true,-31.57,-3.00,-18.00,22.70,false,MANUAL,true,2.00,1.50,,1395,true,1,false,on,5573,3,false,200,25,6,true,-71,1459,12,3975974454,0.1,1391,1848,true,,0,,0,,,false,,
2026-08-02T10:51:24.713Z,0.13.3,false,true,16.32,false,false,false,false,false,none,1000,1476,1000,1385,1381,1000,-4.8,304.3,1660,true,off,1.00,false,false,true,1524,284.6,300.4,120876,,38.876396,-77.046646,false,24.53,15,100,good,24.5,done,80,true,true,-31.57,-3.00,-18.00,21.72,false,MANUAL,true,2.00,1.50,,1387,false,1,false,pause,567,3,false,200,25,7,true,-73,1459,12,3975974454,0.1,1383,1849,true,,0,,0,,,false,,
2026-08-02T10:51:25.763Z,0.13.3,false,true,16.33,false,false,false,false,false,none,1000,1476,1000,1500,2000,1337,-4.8,304.3,1660,true,off,1.00,false,false,true,1524,286.8,302.6,120884,,38.876396,-77.046646,false,24.53,15,100,good,24.5,done,80,true,true,-31.57,-3.00,-18.00,18.81,false,MANUAL,true,2.00,1.50,,1587,false,1,false,pause,1569,3,false,200,25,8,true,-71,1670,12,3975974454,0.2,1571,1850,true,,0,,0,,,false,,
2026-08-02T10:51:26.763Z,0.13.3,false,true,16.32,false,false,false,false,false,none,1000,1476,1000,1499,2000,1615,-4.8,304.3,1660,true,off,1.00,false,false,true,1524,288.3,304.1,120880,,38.876396,-77.046646,false,24.53,15,100,good,24.5,done,80,true,true,-31.57,-3.00,-18.00,23.78,false,MANUAL,true,2.00,1.50,,1688,false,1,false,pause,2585,3,false,200,25,7,true,-70,1670,12,3975974454,0.2,1654,1851,true,,0,,0,,,false,,
2026-08-02T10:51:27.813Z,0.13.3,false,true,16.32,false,false,false,false,false,none,1000,1476,1000,1496,2000,1617,-4.8,304.3,1660,true,off,1.00,false,false,true,1524,284.0,299.8,120880,,38.876396,-77.046646,false,24.53,15,100,good,24.5,done,80,true,true,-31.57,-3.00,-18.00,24.84,false,MANUAL,true,2.00,1.50,,1689,false,1,false,pause,3585,3,false,200,25,6,true,-68,1670,12,3975974454,0.0,1655,1852,true,,0,,0,,,false,,
2026-08-02T10:51:28.730Z,0.13.3,false,true,16.32,false,false,false,false,false,none,1000,1476,1000,1496,2000,1617,-4.8,305.2,1660,true,off,1.00,false,false,true,1524,289.2,305.0,120880,,38.876396,-77.046646,false,24.53,15,100,good,24.5,done,80,true,true,-31.57,-3.00,-18.00,22.94,false,MANUAL,true,2.00,1.50,,1689,false,1,false,pause,4585,3,false,200,25,5,true,-80,1670,12,3975974454,0.4,1655,1853,true,,0,,0,,,false,,
2026-08-02T10:51:29.747Z,0.13.3,false,true,16.26,false,false,false,false,false,none,1000,1476,1000,1496,2000,1617,-4.8,340.2,1660,true,off,1.00,false,false,true,1524,303.3,319.1,120880,,38.876396,-77.046646,false,24.53,15,100,good,24.5,done,80,true,true,-31.57,-3.00,-18.00,23.49,false,MANUAL,true,2.00,1.50,,1689,false,1,false,pause,5616,3,false,200,25,5,true,-70,1670,12,3975974454,0.5,1655,1854,true,,0,,0,,,false,,
2026-08-02T10:51:30.814Z,0.13.3,false,true,16.27,false,false,false,false,false,none,1000,1476,1000,1496,2000,1617,-4.8,340.8,1660,true,off,1.00,false,false,true,1524,320.5,336.3,120880,,38.876400,-77.046646,false,24.53,15,100,good,24.5,done,80,true,true,-31.57,-3.00,-18.00,23.08,false,MANUAL,true,2.00,1.50,,1689,true,2,false,on,631,3,false,200,25,3,true,-71,1670,12,3975974454,0.5,1655,1855,true,,0,,0,,,false,,
2026-08-02T10:51:31.814Z,0.13.3,false,true,16.32,false,true,false,false,false,none,1000,1476,1000,1500,1381,1617,-4.8,346.4,1660,true,off,1.00,false,false,true,1524,345.9,1.7,120880,,38.876404,-77.046654,false,24.53,15,100,good,24.5,done,80,true,true,-31.57,-3.00,-18.00,27.05,false,MANUAL,true,2.00,1.50,,1668,true,2,false,on,1623,3,false,200,25,2,true,-73,1459,12,3975974454,0.4,1676,1856,true,,0,,0,,,false,,
2026-08-02T10:51:32.781Z,0.13.3,false,true,16.33,false,false,false,false,false,none,1000,1476,1000,1500,1381,1617,-4.8,12.4,1660,true,off,1.00,false,false,true,1524,8.7,24.5,120884,,38.876408,-77.046646,false,24.53,15,100,good,24.5,done,80,true,true,-31.57,-3.00,-18.00,25.86,false,MANUAL,true,2.00,1.50,,1668,true,2,false,on,2620,3,false,200,25,6,true,-78,1459,12,3975974454,0.8,1676,1857,true,,0,,0,,,false,,
2026-08-02T10:51:33.898Z,0.13.3,false,true,16.32,false,false,false,false,false,none,1000,1476,1000,1500,1381,1617,-4.8,12.0,1660,true,off,1.00,false,false,true,1524,20.4,36.2,120884,,38.876411,-77.046646,false,24.53,15,100,good,24.5,done,80,true,true,-31.57,-3.00,-18.00,22.93,false,MANUAL,true,2.00,1.50,,1668,true,2,false,on,3640,3,false,200,25,2,true,-73,1459,12,3975974454,1.0,1676,1858,true,,0,,0,,,false,,
2026-08-02T10:51:34.764Z,0.13.3,false,true,16.31,false,false,false,false,false,none,1000,1476,1000,1500,1381,1617,-5.5,18.3,1660,true,off,1.00,false,false,true,1524,32.2,48.7,120884,,38.876415,-77.046646,false,24.53,15,100,good,24.5,done,80,true,true,-31.57,-3.00,-18.00,20.11,false,MANUAL,true,2.00,1.50,,1668,true,2,false,on,4640,3,false,200,25,1,true,-65,1459,12,3975974454,1.3,1676,1859,true,,0,,0,,,false,,
2026-08-02T10:51:35.781Z,0.13.3,false,true,16.30,false,false,false,false,false,none,1000,1476,1000,1500,1381,1617,-5.9,29.9,1660,true,off,1.00,false,false,true,1524,37.3,54.2,120880,,38.876419,-77.046638,false,24.53,15,100,good,24.5,done,80,true,true,-31.57,-3.00,-18.00,21.46,false,MANUAL,true,2.00,1.50,,1668,true,2,false,on,5652,3,false,200,25,4,true,-72,1459,12,3975974454,1.3,1676,1860,true,,0,,0,,,false,,
2026-08-02T10:51:36.798Z,0.13.3,false,true,16.31,false,false,false,false,false,none,1000,1476,1000,1500,1381,1617,-5.7,43.0,1660,true,off,1.00,false,false,true,1524,41.9,58.6,120872,,38.876423,-77.046638,false,24.53,15,100,good,24.5,done,80,true,true,-31.57,-3.00,-18.00,24.57,false,MANUAL,true,2.00,1.50,,1668,false,2,false,pause,656,3,false,200,25,8,true,-69,1459,12,3975974454,1.4,1676,1861,true,,0,,0,,,false,,
2026-08-02T10:51:37.815Z,0.13.3,false,true,16.34,false,false,false,false,false,none,1000,1476,1000,1500,1381,1617,-5.5,50.4,1660,true,off,1.00,false,false,true,1524,48.7,65.2,120876,,38.876427,-77.046631,false,24.53,15,100,good,24.5,done,80,true,true,-31.57,-3.00,-18.00,24.75,false,MANUAL,true,2.00,1.50,,1668,false,2,false,pause,1693,3,false,200,25,5,true,-69,1459,12,3975974454,1.5,1676,1862,true,,0,,0,,,false,,
2026-08-02T10:51:38.832Z,0.13.3,false,true,16.34,false,false,false,false,false,none,1000,1476,1000,1500,1381,1617,-5.3,52.8,1660,true,off,1.00,false,false,true,1524,53.8,70.1,120872,,38.876434,-77.046623,false,24.53,15,100,good,24.5,done,80,true,true,-31.57,-3.00,-18.00,24.08,false,MANUAL,true,2.00,1.50,,1668,false,2,false,pause,2670,3,false,200,25,4,true,-71,1459,12,3975974454,1.5,1676,1863,true,,0,,0,,,false,,
2026-08-02T10:51:39.865Z,0.13.3,false,true,16.35,false,false,false,false,false,none,1000,1476,1000,1500,1382,1000,-5.3,52.9,1660,true,off,1.00,false,false,true,1524,55.1,71.4,120872,,38.876438,-77.046616,false,24.53,15,100,good,24.5,done,80,true,true,-31.57,-3.00,-18.00,27.00,false,MANUAL,true,2.00,1.50,,1500,false,2,false,pause,3686,3,false,200,25,4,true,-72,1459,12,3975974454,1.7,1500,1864,true,,0,,0,,,false,,
2026-08-02T10:51:40.849Z,0.13.3,false,true,16.35,false,false,false,false,false,none,1000,1476,1000,1500,2000,1000,-5.3,53.7,1660,true,off,1.00,false,false,true,1524,52.3,68.6,120872,,38.876442,-77.046608,false,24.53,15,100,good,24.5,done,80,true,true,-31.57,-3.00,-18.00,18.70,false,MANUAL,true,2.00,1.50,,1500,false,2,false,pause,4686,3,false,200,25,2,true,-72,1670,12,3975974454,1.4,1500,1865,true,,0,,0,,,false,,
2026-08-02T10:51:41.949Z,0.13.3,false,true,16.35,false,false,false,false,false,none,1000,1476,1000,1499,2000,1278,-5.6,51.2,1660,true,off,1.00,false,false,true,1524,54.2,70.8,120664,,38.876446,-77.046600,false,24.53,15,100,good,24.5,done,80,true,true,-31.57,-3.00,-18.00,18.65,false,MANUAL,true,2.00,1.50,,1565,false,2,false,pause,5705,3,false,200,25,6,true,-77,1670,12,3975974454,1.2,1553,1866,true,,0,,0,,,false,,
2026-08-02T10:51:42.899Z,0.13.3,false,true,16.35,false,false,false,false,false,none,1000,1476,1000,1498,2000,1389,-5.6,56.6,1660,true,off,1.00,false,false,true,1524,61.7,78.5,120872,,38.876446,-77.046593,false,24.53,15,100,good,24.5,done,80,true,true,-31.57,-3.00,-18.00,22.95,false,MANUAL,true,2.00,1.50,,1605,true,3,false,on,707,3,false,200,25,6,true,-76,1670,12,3975974454,0.8,1587,1867,true,,0,,0,,,false,,
2026-08-02T10:51:44.016Z,0.13.3,false,true,16.30,false,false,false,false,false,none,1000,1476,1000,1498,2000,1586,-5.6,71.1,1660,true,off,1.00,false,false,true,1524,68.6,85.2,120876,,38.876450,-77.046593,false,24.53,15,100,good,24.5,done,80,true,true,-31.57,-3.00,-18.00,25.92,false,MANUAL,true,2.00,1.50,,1677,true,3,false,on,1709,3,false,200,25,7,true,-70,1670,12,3975974454,1.0,1645,1868,true,,0,,0,,,false,,
2026-08-02T10:51:44.882Z,0.13.3,false,true,16.27,false,false,false,false,false,none,1000,1476,1000,1497,2000,1536,-5.6,74.7,1660,true,off,1.00,false,false,true,1524,79.0,95.6,120876,,38.876450,-77.046585,false,24.53,15,100,good,24.5,done,80,true,true,-31.57,-3.00,-18.00,26.41,false,MANUAL,true,2.00,1.50,,1659,true,3,false,on,2707,3,false,200,25,4,true,-72,1670,12,3975974454,0.7,1631,1869,true,,0,,0,,,false,,
2026-08-02T10:51:45.849Z,0.13.3,false,true,16.32,false,false,false,false,false,none,1000,1476,1000,1500,1383,1000,-5.6,74.8,1660,true,off,1.00,false,false,true,1524,90.2,106.9,120872,,38.876450,-77.046585,false,24.53,15,100,good,24.5,done,80,true,true,-31.57,-3.00,-18.00,22.29,false,MANUAL,true,2.00,1.50,,1500,true,3,false,on,3728,3,false,200,25,0,true,-82,1460,12,3975974454,0.6,1500,1870,true,,0,,0,,,false,,
2026-08-02T10:51:46.916Z,0.13.3,false,true,16.35,false,false,false,false,false,none,1000,1476,1000,1500,1382,1000,-5.6,74.8,1660,true,off,1.00,false,false,true,1524,103.5,120.1,120872,,38.876450,-77.046577,false,24.53,15,100,good,24.5,done,80,true,true,-31.57,-3.00,-18.00,23.22,false,MANUAL,true,2.00,1.50,,1500,true,3,false,on,4740,3,false,200,25,4,true,-84,1459,12,3975974454,0.2,1500,1871,true,,0,,0,,,false,,
2026-08-02T10:51:47.900Z,0.13.3,false,true,16.34,false,false,false,false,false,none,1000,1476,1000,1500,1382,1000,-5.6,74.8,1660,true,off,1.00,false,false,true,1524,116.7,133.4,120876,,38.876450,-77.046577,false,24.53,15,100,good,24.5,done,80,true,true,-31.57,-3.00,-18.00,23.73,false,MANUAL,true,2.00,1.50,,1500,true,3,false,on,5738,3,false,200,25,1,true,-71,1459,12,3975974454,0.4,1500,1872,true,,0,,0,,,false,,
2026-08-02T10:51:48.917Z,0.13.3,false,true,16.35,false,false,false,false,false,none,1000,1476,1000,1500,1382,1000,-5.6,74.8,1660,true,off,1.00,false,false,true,1524,125.2,141.9,120872,,38.876450,-77.046577,false,24.53,15,100,good,24.5,done,80,true,true,-31.57,-3.00,-18.00,22.28,false,MANUAL,true,2.00,1.50,,1500,false,3,false,pause,792,3,false,200,25,7,true,-66,1459,12,3975974454,0.2,1500,1873,true,,0,,0,,,false,,
2026-08-02T10:51:49.967Z,0.13.3,false,true,16.36,false,false,false,false,false,none,1000,1476,1000,1500,1382,1000,-5.6,74.8,1660,true,off,1.00,false,false,true,1524,126.7,143.3,120876,,38.876450,-77.046577,false,24.53,15,100,good,24.5,done,80,true,true,-31.57,-3.00,-18.00,24.44,false,MANUAL,true,2.00,1.50,,1500,false,3,false,pause,1739,3,false,200,25,0,true,-69,1459,12,3975974454,0.1,1500,1874,true,,0,,0,,,false,,
2026-08-02T10:51:51.133Z,0.13.3,false,true,16.36,false,false,false,false,false,none,1000,1476,1000,1500,1382,1000,-5.6,74.8,1660,true,off,1.00,false,false,true,1524,133.0,149.6,120872,,38.876450,-77.046570,false,24.53,15,100,good,24.5,done,80,true,true,-31.57,-3.00,-18.00,24.33,false,MANUAL,true,2.00,1.50,,1500,false,3,false,pause,2743,3,false,200,25,4,true,-73,1459,12,3975974454,0.1,1500,1875,true,,0,,0,,,false,,
2026-08-02T10:51:51.900Z,0.13.3,false,true,16.36,false,false,false,false,false,none,1000,1476,1000,1500,1382,1000,-5.6,74.8,1660,true,off,1.00,false,false,true,1524,139.3,156.0,120876,,38.876450,-77.046570,false,24.53,15,100,good,24.5,done,80,true,true,-31.57,-3.00,-18.00,23.31,false,MANUAL,true,2.00,1.50,,1500,false,3,false,pause,3759,3,false,200,25,2,true,-68,1459,12,3975974454,0.2,1500,1876,true,,0,,0,,,false,,
2026-08-02T10:51:52.951Z,0.13.3,false,true,16.36,false,false,false,false,false,none,1000,1476,1000,1500,1382,1000,-5.6,74.8,1660,true,off,1.00,false,false,true,1524,140.1,156.7,120872,,38.876450,-77.046570,false,24.53,15,100,good,24.5,done,80,true,true,-31.57,-3.00,-18.00,23.65,false,MANUAL,true,2.00,1.50,,1500,false,3,false,pause,4790,3,false,200,25,2,true,-69,1459,12,3975974454,0.2,1500,1877,true,,0,,0,,,false,,
2026-08-02T10:51:54.034Z,0.13.3,false,true,16.36,false,false,false,false,false,none,1000,1476,1000,1500,1382,1000,-5.6,74.8,1660,true,off,1.00,false,false,true,1524,143.6,160.3,120876,,38.876450,-77.046570,false,24.53,15,100,good,24.5,done,80,true,true,-31.57,-3.00,-18.00,22.90,false,MANUAL,true,2.00,1.50,,1500,false,3,false,pause,5795,3,false,200,25,6,true,-71,1459,12,3975974454,0.3,1500,1878,true,,0,,0,,,false,,
2026-08-02T10:51:54.951Z,0.13.3,false,true,16.36,false,false,false,false,false,none,1000,1476,1000,1500,1382,1000,-5.6,74.8,1660,true,off,1.00,false,false,true,1524,144.5,161.1,120872,,38.876450,-77.046570,false,24.53,15,100,good,24.5,done,80,true,true,-31.57,-3.00,-18.00,23.00,false,MANUAL,true,2.00,1.50,,1500,false,3,false,cooldown,807,3,false,200,25,2,true,-72,1459,12,3975974454,0.2,1500,1879,true,,0,,0,,,false,,
2026-08-02T10:51:55.968Z,0.13.3,false,true,16.35,false,false,false,false,false,none,1000,1476,1000,1500,1382,1000,-5.6,74.8,1660,true,off,1.00,false,false,true,1524,137.8,154.5,120876,,38.876450,-77.046570,false,24.53,15,100,good,24.5,done,80,true,true,-31.57,-3.00,-18.00,21.89,false,MANUAL,true,2.00,1.50,,1500,false,3,false,cooldown,1825,3,false,200,25,3,true,-68,1459,12,3975974454,0.1,1500,1880,true,,0,,0,,,false,,
2026-08-02T10:51:56.951Z,0.13.3,false,true,16.35,false,false,false,false,false,none,1000,1476,1000,1500,1382,1352,-5.6,74.8,1660,true,off,1.00,false,false,true,1524,140.3,156.6,120872,,38.876450,-77.046570,false,24.53,15,100,good,24.5,done,80,true,true,-31.57,-3.00,-18.00,26.64,false,MANUAL,true,2.00,1.50,,1582,false,3,false,cooldown,2816,3,false,200,25,1,true,-68,1459,12,3975974454,0.1,1586,1881,true,,0,,0,,,false,,
2026-08-02T10:51:58.034Z,0.13.3,false,true,16.32,false,false,false,false,false,none,1000,1476,1000,1500,1382,1613,-5.6,62.3,1660,true,off,1.00,false,false,true,1524,147.1,163.7,120876,,38.876450,-77.046562,false,24.53,15,100,good,24.5,done,80,true,true,-31.57,-3.00,-18.00,22.91,false,MANUAL,true,2.00,1.50,,1667,false,3,false,cooldown,3824,3,false,200,25,1,true,-70,1459,12,3975974454,0.4,1675,1882,true,,0,,0,,,false,,
2026-08-02T10:51:59.101Z,0.13.3,false,true,16.27,false,false,false,false,false,none,1000,1476,1000,1500,1382,1661,-5.6,62.3,1660,true,off,1.00,false,false,true,1524,145.9,162.5,120872,,38.876450,-77.046562,false,24.53,15,100,good,24.5,done,80,true,true,-31.57,-3.00,-18.00,23.31,false,MANUAL,true,2.00,1.50,,1683,false,3,false,cooldown,4826,3,false,200,25,2,true,-71,1459,12,3975974454,0.1,1691,1883,true,,0,,0,,,false,,
2026-08-02T10:52:00.035Z,0.13.3,false,true,16.23,false,false,false,false,false,none,1000,1476,1000,1500,1382,1661,-5.6,129.4,1660,true,off,1.00,false,false,true,1524,140.3,156.9,120876,,38.876450,-77.046562,false,24.53,15,100,good,24.5,done,80,true,true,-31.57,-3.00,-18.00,24.86,false,MANUAL,true,2.00,1.50,,1683,false,3,false,cooldown,5845,3,false,200,25,4,true,-72,1459,12,3975974454,0.7,1691,1884,true,,0,,0,,,false,,
2026-08-02T10:52:00.985Z,0.13.3,false,true,16.22,false,false,false,false,false,none,1000,1476,1000,1500,1382,1661,-5.6,143.7,1660,true,off,1.00,false,false,true,1524,142.7,159.3,120872,,38.876442,-77.046562,false,24.53,15,100,good,24.5,done,80,true,true,-31.57,-3.00,-18.00,25.89,false,MANUAL,true,2.00,1.50,,1683,false,3,false,cooldown,6842,3,false,200,25,7,true,-70,1459,12,3975974454,1.3,1691,1885,true,,0,,0,,,false,,
2026-08-02T10:52:02.002Z,0.13.3,false,true,16.32,false,true,false,false,false,none,1000,1476,1000,1500,1382,1661,-5.6,143.7,1660,true,off,1.00,false,false,true,1524,152.7,169.3,120876,,38.876438,-77.046555,false,24.53,15,100,good,24.5,done,80,true,true,-31.57,-3.00,-18.00,23.68,false,MANUAL,true,2.00,1.50,,1683,false,3,false,cooldown,7865,3,false,200,25,6,true,-65,1459,12,3975974454,1.7,1691,1886,true,,0,,0,,,false,,
2026-08-02T10:52:03.085Z,0.13.3,false,true,16.31,false,false,false,false,false,none,1000,1476,1000,1500,1382,1661,-5.6,149.3,1660,true,off,1.00,false,false,true,1524,161.6,178.2,120872,,38.876431,-77.046547,false,24.53,15,100,good,24.5,done,80,true,true,-31.57,-3.00,-18.00,21.64,false,MANUAL,true,2.00,1.50,,1683,false,3,false,cooldown,8891,3,false,200,25,0,true,-64,1459,12,3975974454,1.9,1691,1887,true,,0,,0,,,false,,
2026-08-02T10:52:04.002Z,0.13.3,false,true,16.28,false,false,false,false,false,none,1000,1476,1000,1500,1382,1661,-5.6,156.5,1660,true,off,1.00,false,false,true,1524,168.0,184.6,120864,,38.876423,-77.046547,false,24.53,15,100,good,24.5,done,80,true,true,-31.57,-3.00,-18.00,22.77,false,MANUAL,true,2.00,1.50,,1683,false,3,false,cooldown,9877,3,false,200,25,1,true,-73,1459,12,3975974454,1.7,1691,1888,true,,0,,0,,,false,,
2026-08-02T10:52:05.069Z,0.13.3,false,true,16.24,false,false,false,false,false,none,1000,1476,1000,1500,1382,1661,-5.6,167.5,1660,true,off,1.00,false,false,true,1524,163.2,179.8,120876,,38.876415,-77.046547,false,24.53,15,100,good,24.5,done,80,true,true,-31.57,-3.00,-18.00,23.28,false,MANUAL,true,2.00,1.50,,1683,false,3,false,cooldown,10881,3,false,200,25,3,true,-70,1459,12,3975974454,1.9,1691,1889,true,,0,,0,,,false,,
2026-08-02T10:52:06.102Z,0.13.3,false,true,16.22,false,false,false,false,false,none,1000,1476,1000,1500,1382,1661,-5.5,177.6,1660,true,off,1.00,false,false,true,1524,169.4,185.9,120864,,38.876404,-77.046547,false,24.53,15,100,good,24.5,done,80,true,true,-31.57,-3.00,-18.00,21.48,false,MANUAL,true,2.00,1.50,,1683,false,3,false,cooldown,11892,3,false,200,25,6,true,-76,1459,12,3975974454,2.0,1691,1890,true,,0,,0,,,false,,
2026-08-02T10:52:07.036Z,0.13.3,false,true,16.26,false,false,false,false,false,none,1000,1476,1000,1500,1382,1661,-5.5,178.4,1660,true,off,1.00,false,false,true,1524,177.3,193.8,120888,,38.876396,-77.046547,false,24.53,15,100,good,24.5,done,80,true,true,-31.57,-3.00,-18.00,23.00,false,MANUAL,true,2.00,1.50,,1683,false,3,false,cooldown,12899,3,false,200,25,4,true,-73,1459,12,3975974454,2.0,1691,1891,true,,0,,0,,,false,,
2026-08-02T10:52:08.036Z,0.13.3,false,true,16.27,false,false,false,false,false,none,1000,1476,1000,1500,1382,1661,-5.5,177.5,1660,true,off,1.00,false,false,true,1524,183.4,199.9,120860,,38.876385,-77.046547,false,24.53,15,100,good,24.5,done,80,true,true,-31.57,-3.00,-18.00,23.33,false,MANUAL,true,2.00,1.50,,1683,false,3,false,cooldown,13913,3,false,200,25,2,true,-70,1459,12,3975974454,2.0,1691,1892,true,,0,,0,,,false,,
2026-08-02T10:52:09.070Z,0.13.3,false,true,16.29,false,false,false,false,false,none,1000,1476,1000,1500,1382,1661,-5.2,187.3,1660,true,off,1.00,false,false,true,1524,187.3,203.4,120884,,38.876377,-77.046547,false,24.53,15,100,good,24.5,done,80,true,true,-31.57,-3.00,-18.00,24.90,false,MANUAL,true,2.00,1.50,,1683,false,3,false,cooldown,14908,3,false,200,25,5,true,-63,1459,12,3975974454,2.0,1691,1893,true,,0,,0,,,false,,
2026-08-02T10:52:10.137Z,0.13.3,false,true,16.27,false,false,false,false,false,none,1000,1476,1000,1500,1382,1661,-4.9,194.8,1660,true,off,1.00,false,false,true,1524,191.1,207.0,120876,,38.876369,-77.046555,false,24.53,15,100,good,24.5,done,80,true,true,-31.57,-3.00,-18.00,21.95,false,MANUAL,true,2.00,1.50,,1683,false,3,false,cooldown,15958,3,false,200,25,6,true,-65,1459,12,3975974454,2.2,1691,1895,true,,0,,0,,,false,,
2026-08-02T10:52:12.137Z,0.13.3,false,true,16.28,false,false,false,false,false,none,1000,1476,1000,1500,1382,1661,-4.9,201.8,1660,true,off,1.00,false,false,true,1524,199.4,215.4,120884,,38.876350,-77.046562,false,24.53,15,100,good,24.5,done,80,true,true,-31.57,-3.00,-18.00,22.04,false,MANUAL,true,2.00,1.50,,1683,false,3,false,cooldown,17934,3,false,200,25,3,true,-60,1459,12,3975974454,2.1,1691,1896,true,,0,,0,,,false,,
2026-08-02T10:52:13.120Z,0.13.3,false,true,16.28,false,false,false,false,false,none,1000,1476,1000,1500,1382,1661,-4.9,206.6,1660,true,off,1.00,false,false,true,1524,205.5,221.4,120872,,38.876343,-77.046570,false,24.53,15,100,good,24.5,done,80,true,true,-31.57,-3.00,-18.00,22.74,false,MANUAL,true,2.00,1.50,,1683,false,3,false,cooldown,18932,3,false,200,25,0,true,-68,1459,12,3975974454,2.0,1691,1897,true,,0,,0,,,false,,
2026-08-02T10:52:14.170Z,0.13.3,false,true,16.22,false,false,false,false,false,none,1000,1476,1000,1500,1382,1661,-4.9,210.0,1660,true,off,1.00,false,false,true,1524,204.2,220.1,120884,,38.876335,-77.046577,false,24.53,15,100,good,24.5,done,80,true,true,-31.57,-3.00,-18.00,22.02,false,MANUAL,true,2.00,1.50,,1683,false,3,false,cooldown,19949,3,false,200,25,0,true,-63,1459,12,3975974454,2.1,1691,1898,true,,0,,0,,,false,,
2026-08-02T10:52:15.104Z,0.13.3,false,true,16.25,false,false,false,false,false,none,1000,1476,1000,1500,1382,1661,-4.9,212.2,1660,true,off,1.00,false,false,true,1524,213.3,229.2,120868,,38.876328,-77.046585,false,24.53,15,100,good,24.5,done,80,true,true,-31.57,-3.00,-18.00,23.22,false,MANUAL,true,2.00,1.50,,1683,false,3,false,cooldown,20962,3,false,200,25,5,true,-58,1459,12,3975974454,2.0,1691,1900,true,,0,,0,,,false,,
2026-08-02T10:52:16.104Z,0.13.3,false,true,16.34,false,false,false,false,false,none,1000,1476,1000,1500,1382,1000,-4.6,217.6,1660,true,off,1.00,false,false,true,1524,217.0,232.6,120868,,38.876320,-77.046593,false,24.53,15,100,good,24.5,done,80,true,true,-31.57,-3.00,-18.00,22.37,false,MANUAL,true,2.00,1.50,,1500,false,3,false,cooldown,21969,3,false,200,25,4,true,-65,1459,12,3975974454,2.3,1500,1901,true,,0,,0,,,false,,
2026-08-02T10:52:17.154Z,0.13.3,false,true,16.34,false,false,false,false,false,none,1000,1476,1000,1500,1382,1000,-4.6,221.7,1660,true,off,1.00,false,false,true,1524,228.3,243.9,120872,,38.876312,-77.046600,false,24.53,15,100,good,24.5,done,80,true,true,-31.57,-3.00,-18.00,23.58,false,MANUAL,true,2.00,1.50,,1500,false,3,false,cooldown,22979,3,false,200,25,3,true,-50,1459,12,3975974454,1.9,1500,1902,true,,0,,0,,,false,,
2026-08-02T10:52:18.104Z,0.13.3,false,true,15.75,false,false,false,false,false,none,1000,1476,1000,1238,1381,1000,-4.6,228.8,1660,true,off,1.00,false,false,true,1524,226.1,241.7,120872,,38.876308,-77.046608,false,24.53,15,100,good,24.5,done,80,true,true,-31.57,-3.00,-18.00,26.65,false,MANUAL,true,2.00,1.50,,1244,false,3,false,cooldown,23980,3,false,200,25,5,true,-54,1459,12,3975974454,1.9,1232,1903,true,,0,,0,,,false,,
2026-08-02T10:52:19.171Z,0.13.3,false,true,16.15,false,false,false,false,false,none,1000,1476,1000,1200,1381,1000,-4.6,229.0,1660,true,off,1.00,false,false,true,1524,230.2,245.8,120872,,38.876305,-77.046616,false,24.53,15,100,good,24.5,done,80,true,true,-31.57,-3.00,-18.00,20.89,false,MANUAL,true,2.00,1.50,,1207,false,3,false,cooldown,25017,3,false,200,25,2,true,-51,1459,12,3975974454,0.8,1200,1904,true,,0,,0,,,false,,
2026-08-02T10:52:20.155Z,0.13.3,false,true,16.34,false,false,false,false,false,none,1000,1476,1000,1500,1381,1000,-4.6,225.8,1660,true,off,1.00,false,false,true,1524,229.1,244.7,120884,,38.876301,-77.046616,false,24.53,15,100,good,24.5,done,80,true,true,-31.57,-3.00,-18.00,26.99,false,MANUAL,true,2.00,1.50,,1500,false,3,false,cooldown,25995,3,false,200,25,3,true,-50,1459,12,3975974454,0.9,1500,1905,true,,0,,0,,,false,,
2026-08-02T10:52:21.171Z,0.13.3,false,true,16.34,false,false,false,false,false,none,1000,1476,1000,1500,1381,1000,-4.6,227.6,1660,true,off,1.00,false,false,true,1524,215.5,231.1,120884,,38.876301,-77.046623,false,24.53,15,100,good,24.5,done,80,true,true,-31.57,-3.00,-18.00,23.14,false,MANUAL,true,2.00,1.50,,1500,false,3,false,cooldown,27034,3,false,200,25,2,true,-60,1459,12,3975974454,0.4,1500,1906,true,,0,,0,,,false,,
2026-08-02T10:52:22.188Z,0.13.3,false,true,16.34,false,false,false,false,false,none,1000,1476,1000,1500,1381,1000,-4.6,227.6,1660,true,off,1.00,false,false,true,1524,220.3,235.9,120868,,38.876301,-77.046623,false,24.53,15,100,good,24.5,done,80,true,true,-31.57,-3.00,-18.00,22.88,false,MANUAL,true,2.00,1.50,,1500,false,3,false,cooldown,28015,3,false,200,25,3,true,-55,1459,12,3975974454,0.4,1500,1907,true,,0,,0,,,false,,
2026-08-02T10:52:23.172Z,0.13.3,false,true,16.34,false,false,false,false,false,none,1000,1476,1000,1500,1381,1000,-4.6,227.6,1660,true,off,1.00,false,false,true,1524,212.9,228.5,120872,,38.876297,-77.046623,false,24.53,15,100,good,24.5,done,80,true,true,-31.57,-3.00,-18.00,24.96,false,MANUAL,true,2.00,1.50,,1500,false,3,false,cooldown,29036,3,false,200,25,3,true,-53,1459,12,3975974454,0.2,1500,1908,true,,0,,0,,,false,,
2026-08-02T10:52:24.205Z,0.13.3,false,true,16.34,false,false,false,false,false,none,1000,1476,1000,1500,1381,1000,-4.6,227.6,1660,true,off,1.00,false,false,true,1524,203.9,219.5,120876,,38.876297,-77.046623,false,24.53,15,100,good,24.5,done,80,true,true,-31.57,-3.00,-18.00,20.90,false,MANUAL,true,2.00,1.50,,1500,false,3,false,cooldown,30032,3,false,200,25,6,true,-59,1459,12,3975974454,0.2,1500,1909,true,,0,,0,,,false,,
2026-08-02T10:52:25.189Z,0.13.3,false,true,16.31,false,false,false,false,false,none,1000,1476,1000,1334,1380,1000,-4.6,240.8,1660,true,off,1.00,false,false,true,1524,211.7,227.3,120872,,38.876297,-77.046623,false,24.53,15,100,good,24.5,done,80,true,true,-31.57,-3.00,-18.00,20.79,false,MANUAL,true,2.00,1.50,,1338,false,3,false,cooldown,31048,3,false,200,25,5,true,-62,1459,12,3975974454,0.2,1330,1910,true,,0,,0,,,false,,
2026-08-02T10:52:26.189Z,0.13.3,false,true,16.34,false,false,false,false,false,none,1000,1476,1000,1500,1381,1000,-4.6,240.8,1660,true,off,1.00,false,false,true,1524,207.5,223.1,120872,,38.876297,-77.046623,false,24.53,15,100,good,24.5,done,80,true,true,-31.57,-3.00,-18.00,22.26,false,MANUAL,true,2.00,1.50,,1500,false,3,false,cooldown,32046,3,false,200,25,1,true,-67,1459,12,3975974454,0.1,1500,1911,true,,0,,0,,,false,,
2026-08-02T10:52:27.222Z,0.13.3,false,true,16.27,false,false,false,false,false,none,1000,1476,1000,1385,1381,1000,-4.6,240.8,1660,true,off,1.00,false,false,true,1524,208.7,224.3,120876,,38.876297,-77.046623,false,24.53,15,100,good,24.5,done,80,true,true,-31.57,-3.00,-18.00,19.58,false,MANUAL,true,2.00,1.50,,1387,false,3,false,cooldown,33066,3,false,200,25,5,true,-61,1459,12,3975974454,0.3,1383,1912,true,,0,,0,,,false,,
2026-08-02T10:52:28.223Z,0.13.3,false,true,16.34,false,false,false,false,false,none,1000,1476,1000,1481,1380,1000,-4.6,240.8,1660,true,off,1.00,false,false,true,1524,215.6,231.3,120872,,38.876297,-77.046623,false,24.53,15,100,good,24.5,done,80,true,true,-31.57,-3.00,-18.00,25.04,false,MANUAL,true,2.00,1.50,,1500,false,3,false,cooldown,34086,3,false,200,25,0,true,-62,1459,12,3975974454,0.2,1500,1913,true,,0,,0,,,false,,
2026-08-02T10:52:29.206Z,0.13.3,false,true,16.29,false,false,false,false,false,none,1000,1476,1000,1400,1380,1000,-4.6,240.8,1660,true,off,1.00,false,false,true,1524,207.0,222.6,120876,,38.876297,-77.046623,false,24.53,15,100,good,24.5,done,80,true,true,-31.57,-3.00,-18.00,29.25,false,MANUAL,true,2.00,1.50,,1402,false,3,false,cooldown,35066,3,false,200,25,3,true,-75,1459,12,3975974454,0.2,1398,1914,true,,0,,0,,,false,,
2026-08-02T10:52:30.273Z,0.13.3,false,true,16.32,false,false,false,false,false,none,1000,1476,1000,1410,1380,1000,-4.6,240.8,1660,true,off,1.00,false,false,true,1524,205.0,220.7,120872,,38.876301,-77.046623,false,24.53,15,100,good,24.5,done,80,true,true,-31.57,-3.00,-18.00,20.50,false,MANUAL,true,2.00,1.50,,1412,false,3,false,cooldown,36088,3,false,200,25,1,true,-69,1459,12,3975974454,0.2,1408,1915,true,,0,,0,,,false,,
2026-08-02T10:52:31.323Z,0.13.3,false,true,16.32,false,false,false,false,false,none,1000,1476,1000,1406,1380,1000,-4.6,240.8,1660,true,off,1.00,false,false,true,1524,216.0,231.6,120880,,38.876301,-77.046623,false,24.53,15,100,good,24.5,done,80,true,true,-31.57,-3.00,-18.00,19.26,false,MANUAL,true,2.00,1.50,,1408,false,3,false,cooldown,37081,3,false,200,25,1,true,-67,1459,12,3975974454,0.3,1404,1916,true,,0,,0,,,false,,
2026-08-02T10:52:32.223Z,0.13.3,false,true,16.30,false,false,false,false,false,none,1000,1476,1000,1383,1380,1000,-4.6,240.8,1660,true,off,1.00,false,false,true,1524,216.2,231.8,120876,,38.876301,-77.046623,false,24.53,15,100,good,24.5,done,80,true,true,-31.57,-3.00,-18.00,19.14,false,MANUAL,true,2.00,1.50,,1385,false,3,false,cooldown,38099,3,false,200,25,2,true,-72,1459,12,3975974454,0.3,1381,1917,true,,0,,0,,,false,,
2026-08-02T10:52:33.240Z,0.13.3,false,true,16.30,false,false,false,false,false,none,1000,1476,1000,1384,1380,1000,-4.6,240.8,1660,true,off,1.00,false,false,true,1524,220.9,236.5,120872,,38.876305,-77.046623,false,24.53,15,100,good,24.5,done,80,true,true,-31.57,-3.00,-18.00,27.10,false,MANUAL,true,2.00,1.50,,1386,false,3,false,cooldown,39099,3,false,200,25,1,true,-69,1459,12,3975974454,0.2,1382,1918,true,,0,,0,,,false,,
2026-08-02T10:52:34.274Z,0.13.3,false,true,16.32,false,false,false,false,false,none,1000,1476,1000,1386,1380,1000,-4.6,314.6,1660,true,off,1.00,false,false,true,1524,220.3,235.9,120884,,38.876305,-77.046623,false,24.53,15,100,good,24.5,done,80,true,true,-31.57,-3.00,-18.00,24.60,false,MANUAL,true,2.00,1.50,,1388,false,3,false,cooldown,40119,3,false,200,25,6,true,-68,1459,12,3975974454,0.4,1384,1919,true,,0,,0,,,false,,
2026-08-02T10:52:35.257Z,0.13.3,false,true,16.31,false,false,false,false,false,none,1000,1476,1000,1391,1380,1000,-4.6,351.7,1660,true,off,1.00,false,false,true,1524,221.5,237.1,120872,,38.876308,-77.046623,false,24.53,15,100,good,24.5,done,80,true,true,-31.57,-3.00,-18.00,22.53,false,MANUAL,true,2.00,1.50,,1393,false,3,false,cooldown,41115,3,false,200,25,8,true,-58,1459,12,3975974454,0.4,1389,1920,true,,0,,0,,,false,,
2026-08-02T10:52:36.324Z,0.13.3,false,true,16.34,false,false,false,false,false,none,1000,1476,1000,1500,1381,1000,-4.6,5.3,1660,true,off,1.00,false,false,true,1524,221.9,237.5,120872,,38.876312,-77.046623,false,24.53,15,100,good,24.5,done,80,true,true,-31.57,-3.00,-18.00,20.47,false,MANUAL,true,2.00,1.50,,1500,false,3,false,cooldown,42159,3,false,200,25,4,true,-54,1459,12,3975974454,0.5,1500,1921,true,,0,,0,,,false,,
2026-08-02T10:52:37.274Z,0.13.3,false,true,16.34,false,false,false,false,false,none,1000,1476,1000,1626,1000,1000,-4.6,13.8,1660,true,off,1.00,false,false,true,1524,221.7,237.3,120872,,38.876312,-77.046616,false,24.53,15,100,good,24.5,done,80,true,true,-31.57,-3.00,-18.00,26.25,false,MANUAL,true,2.00,1.50,,1500,false,3,false,cooldown,43133,3,false,200,25,8,true,-69,1330,12,3975974454,0.5,1500,1922,true,,0,,0,,,false,,
2026-08-02T10:52:38.274Z,0.13.3,false,true,16.34,false,false,false,false,false,none,1000,1476,1000,1612,1000,1277,-4.6,23.1,1660,true,off,1.00,false,false,true,1524,222.5,238.1,120876,,38.876316,-77.046616,false,24.53,15,100,good,24.5,done,80,true,true,-31.57,-3.00,-18.00,25.46,false,MANUAL,true,2.00,1.50,,1553,false,3,false,cooldown,44152,3,false,200,25,2,true,-62,1330,12,3975974454,0.4,1565,1923,true,,0,,0,,,false,,
2026-08-02T10:52:39.274Z,0.13.3,false,true,16.34,false,false,false,false,false,none,1000,1476,1000,1604,1000,1411,-4.6,24.6,1660,true,off,1.00,false,false,true,1524,220.1,235.7,120884,,38.876316,-77.046616,false,24.53,15,100,good,24.5,done,80,true,true,-31.57,-3.00,-18.00,20.09,false,MANUAL,true,2.00,1.50,,1593,false,3,false,cooldown,45150,3,false,200,25,7,true,-57,1330,12,3975974454,0.3,1613,1924,true,,0,,0,,,false,,
2026-08-02T10:52:40.308Z,0.13.3,false,true,16.32,false,false,false,false,false,none,1000,1476,1000,1600,1000,1564,-4.6,24.6,1660,true,off,1.00,false,false,true,1524,226.2,241.8,120880,,38.876320,-77.046616,false,24.53,15,100,good,24.5,done,80,true,true,-31.57,-3.00,-18.00,18.38,false,MANUAL,true,2.00,1.50,,1639,false,3,false,cooldown,46171,3,false,200,25,5,true,-52,1330,12,3975974454,0.2,1669,1925,true,,0,,0,,,false,,
2026-08-02T10:52:42.824Z,0.13.3,false,true,16.32,false,false,false,false,false,none,1000,1476,1000,1599,1000,1591,-4.6,24.6,1660,true,off,1.00,false,false,true,1524,236.4,252.0,120884,,38.876320,-77.046616,false,24.53,15,100,good,24.5,done,80,true,true,-31.57,-3.00,-18.00,24.58,false,MANUAL,true,2.00,1.50,,1647,false,3,false,cooldown,47164,3,false,200,25,5,true,-61,1330,12,3975974454,0.3,1679,1926,true,,0,,0,,,false,,
2026-08-02T10:52:42.941Z,0.13.3,false,true,16.34,false,false,false,false,false,none,1000,1476,1000,1500,1382,1000,-4.6,303.8,1660,true,off,1.00,false,false,true,1524,245.5,261.1,120868,,38.876320,-77.046616,false,24.53,15,100,good,24.5,done,80,true,true,-31.57,-3.00,-18.00,23.64,false,MANUAL,true,2.00,1.50,,1500,false,3,false,cooldown,48773,3,false,200,25,5,true,-53,1459,12,3975974454,0.7,1500,1927,true,,0,,0,,,false,,
2026-08-02T10:52:43.925Z,0.13.3,false,true,16.32,false,false,false,false,false,none,1000,1476,1000,1432,1382,1000,-4.6,284.0,1660,true,off,1.00,false,false,true,1524,229.2,244.8,120884,,38.876320,-77.046623,false,24.53,15,100,good,24.5,done,80,true,true,-31.57,-3.00,-18.00,30.78,false,MANUAL,true,2.00,1.50,,1433,false,3,false,cooldown,49782,3,false,200,25,5,true,-65,1459,12,3975974454,0.6,1431,1928,true,,0,,0,,,false,,
2026-08-02T10:52:44.925Z,0.13.3,false,true,16.28,false,false,false,false,false,none,1000,1476,1000,1377,1382,1000,-4.6,284.0,1660,true,off,1.00,false,false,true,1524,226.7,242.3,120884,,38.876320,-77.046623,false,24.53,15,100,good,24.5,done,80,true,true,-31.57,-3.00,-18.00,22.35,false,MANUAL,true,2.00,1.50,,1380,false,3,false,cooldown,50798,3,false,200,25,5,true,-62,1459,12,3975974454,0.2,1374,1929,true,,0,,0,,,false,,
2026-08-02T10:52:45.925Z,0.13.3,false,true,16.14,false,false,false,false,false,none,1000,1476,1000,1323,1382,1000,-4.6,285.0,1660,true,off,1.00,false,false,true,1524,214.4,230.0,120884,,38.876324,-77.046623,false,24.53,15,100,good,24.5,done,80,true,true,-31.57,-3.00,-18.00,21.28,false,MANUAL,true,2.00,1.50,,1327,false,3,false,cooldown,51803,3,false,200,25,7,true,-57,1459,12,3975974454,0.8,1319,1930,true,,0,,0,,,false,,
2026-08-02T10:52:47.025Z,0.13.3,false,true,16.15,false,false,false,false,false,none,1000,1476,1000,1313,1382,1000,-4.6,285.0,1660,true,off,1.00,false,false,true,1524,212.7,228.3,120872,,38.876324,-77.046623,false,24.53,15,100,good,24.5,done,80,true,true,-31.57,-3.00,-18.00,22.89,false,MANUAL,true,2.00,1.50,,1317,false,3,false,cooldown,52824,3,false,200,25,4,true,-62,1459,12,3975974454,0.1,1309,1931,true,,0,,0,,,false,,
2026-08-02T10:52:47.942Z,0.13.3,false,true,16.09,false,false,false,false,false,none,1000,1476,1000,1314,1382,1000,-4.6,345.2,1660,true,off,1.00,false,false,true,1524,200.3,215.9,120884,,38.876324,-77.046623,false,24.53,15,100,good,24.5,done,80,true,true,-31.57,-3.00,-18.00,21.52,false,MANUAL,true,2.00,1.50,,1318,false,3,false,cooldown,53821,3,false,200,25,0,true,-49,1459,12,3975974454,0.7,1310,1932,true,,0,,0,,,false,,
2026-08-02T10:52:48.943Z,0.13.3,false,true,16.27,false,false,false,false,false,none,1000,1476,1000,1319,1382,1000,-4.6,7.5,1660,true,off,1.00,false,false,true,1524,195.4,211.0,120884,,38.876328,-77.046623,false,24.53,15,100,good,24.5,done,80,true,true,-31.57,-3.00,-18.00,22.19,false,MANUAL,true,2.00,1.50,,1323,false,3,false,cooldown,54816,3,false,200,25,3,true,-53,1459,12,3975974454,1.0,1315,1933,true,,0,,0,,,false,,
2026-08-02T10:52:49.992Z,0.13.3,false,true,16.33,false,false,false,false,false,none,1000,1476,1000,1565,1104,1000,-4.6,9.9,1660,true,off,1.00,false,false,true,1524,200.7,216.3,120884,,38.876331,-77.046623,false,24.53,15,100,good,24.5,done,80,true,true,-31.57,-3.00,-18.00,25.90,false,MANUAL,true,2.00,1.50,,1500,false,3,false,cooldown,55834,3,false,200,25,4,true,-61,1365,12,3975974454,1.2,1500,1934,true,,0,,0,,,false,,
2026-08-02T10:52:50.993Z,0.13.3,false,true,16.33,true,false,false,false,false,none,1000,1476,1000,1592,1000,1415,3.9,9.8,1660,true,off,1.00,false,false,true,1524,210.6,217.7,120884,,38.876339,-77.046616,false,24.53,15,100,good,24.5,done,80,true,true,-31.57,-3.00,-18.00,25.64,false,MANUAL,true,2.00,1.50,,1595,false,3,false,cooldown,56855,3,false,200,25,1,true,-65,1330,12,3975974454,1.0,1615,1935,true,,0,,0,,,false,,
2026-08-02T10:52:51.976Z,0.13.3,false,true,16.30,false,false,false,false,false,none,1000,1476,1000,1562,1382,1502,3.9,11.4,1660,true,off,1.00,false,false,true,1524,219.0,226.1,120872,,38.876343,-77.046616,false,24.53,15,100,good,24.5,done,80,true,true,-31.57,-3.00,-18.00,23.29,false,MANUAL,true,2.00,1.50,,1631,false,3,false,cooldown,57852,3,false,200,25,3,true,-64,1459,12,3975974454,0.9,1637,1936,true,,0,,0,,,false,,
2026-08-02T10:52:53.010Z,0.13.3,false,true,16.34,false,false,false,false,false,none,1000,1476,1000,1607,1000,1563,3.9,15.9,1660,true,off,1.00,false,false,true,1524,223.9,231.0,120872,,38.876347,-77.046616,false,24.53,15,100,good,24.5,done,80,true,true,-31.57,-3.00,-18.00,24.50,false,MANUAL,true,2.00,1.50,,1639,false,3,false,cooldown,58860,3,false,200,25,4,true,-59,1330,12,3975974454,0.7,1669,1937,true,,0,,0,,,false,,
2026-08-02T10:52:54.010Z,0.13.3,false,true,16.31,true,false,false,false,false,none,1000,1476,1000,1608,1000,1619,3.9,20.0,1660,true,off,1.00,false,false,true,1524,228.8,235.8,120880,,38.876347,-77.046616,false,24.53,15,100,good,24.5,done,80,true,true,-31.57,-3.00,-18.00,19.48,false,MANUAL,true,2.00,1.50,,1656,false,3,false,cooldown,59888,3,false,200,25,1,true,-63,1330,12,3975974454,0.6,1690,1938,true,,0,,0,,,false,,
2026-08-02T10:52:54.993Z,0.13.3,false,true,16.28,true,false,false,false,false,none,1000,1476,1000,1608,1000,1628,3.9,20.0,1660,true,off,1.00,false,false,true,1524,238.4,245.5,120880,,38.876350,-77.046616,false,24.53,15,100,good,24.5,done,80,true,true,-31.57,-3.00,-18.00,22.24,false,MANUAL,true,2.00,1.50,,1659,true,1,false,on,511,3,false,200,25,3,true,-62,1330,12,3975974454,0.3,1693,1939,true,,0,,0,,,false,,
2026-08-02T10:52:56.027Z,0.13.3,false,true,16.18,true,false,false,false,false,none,1000,1476,1000,1608,1000,1674,3.9,20.0,1660,true,off,1.00,false,false,true,1524,240.8,247.9,120892,,38.876350,-77.046616,false,24.53,15,100,good,24.5,done,80,true,true,-31.57,-3.00,-18.00,23.29,false,MANUAL,true,2.00,1.50,,1672,true,1,false,on,1534,3,false,200,25,2,true,-60,1330,12,3975974454,0.3,1710,1940,true,,0,,0,,,false,,
2026-08-02T10:52:57.010Z,0.13.3,false,true,16.26,true,false,false,false,false,none,1000,1476,1000,1591,1205,1621,3.9,297.0,1660,true,off,1.00,false,false,true,1524,236.6,243.7,120880,,38.876347,-77.046616,false,24.53,15,100,good,24.5,done,80,true,true,-31.57,-3.00,-18.00,23.47,false,MANUAL,true,2.00,1.50,,1663,true,1,false,on,2528,3,false,200,25,4,true,-59,1399,12,3975974454,0.7,1683,1941,true,,0,,0,,,false,,
2026-08-02T10:52:58.044Z,0.13.3,false,true,16.23,false,false,false,false,false,none,1000,1476,1000,1308,1382,1000,3.9,229.2,1660,true,off,1.00,false,false,true,1524,230.9,238.0,120872,,38.876343,-77.046623,false,24.53,15,100,good,24.5,done,80,true,true,-31.57,-3.00,-18.00,23.13,false,MANUAL,true,2.00,1.50,,1312,true,1,false,on,3555,3,false,200,25,6,true,-68,1459,12,3975974454,1.1,1304,1942,true,,0,,0,,,false,,
2026-08-02T10:52:59.027Z,0.13.3,false,true,16.20,true,false,false,false,false,none,1000,1476,1000,1350,1382,1000,3.9,226.1,1660,true,off,1.00,false,false,true,1524,212.1,219.2,120864,,38.876339,-77.046623,false,24.53,15,100,good,24.5,done,80,true,true,-31.57,-3.00,-18.00,23.59,false,MANUAL,true,2.00,1.50,,1353,true,1,false,on,4546,3,false,200,25,3,true,-63,1459,12,3975974454,1.0,1347,1943,true,,0,,0,,,false,,
2026-08-02T10:53:00.061Z,0.13.3,false,true,16.27,true,false,false,false,false,none,1000,1476,1000,1380,1382,1000,3.9,225.0,1660,true,off,1.00,false,false,true,1524,208.0,215.1,120868,,38.876339,-77.046631,false,24.53,15,100,good,24.5,done,80,true,true,-31.57,-3.00,-18.00,21.73,false,MANUAL,true,2.00,1.50,,1382,true,1,false,on,5567,3,false,200,25,8,true,-60,1459,12,3975974454,0.5,1378,1944,true,,0,,0,,,false,,
2026-08-02T10:53:01.078Z,0.13.3,false,true,16.28,true,false,false,false,false,none,1000,1476,1000,1385,1382,1000,3.9,225.0,1660,true,off,1.00,false,false,true,1524,202.7,209.8,120860,,38.876339,-77.046631,false,24.53,15,100,good,24.5,done,80,true,true,-31.57,-3.00,-18.00,24.52,false,MANUAL,true,2.00,1.50,,1387,false,1,false,pause,596,3,false,200,25,6,true,-60,1459,12,3975974454,0.4,1383,1946,true,,0,,0,,,false,,
2026-08-02T10:53:03.078Z,0.13.3,false,true,16.28,true,false,false,false,false,none,1000,1476,1000,1384,1382,1000,3.9,225.0,1660,true,off,1.00,false,false,true,1524,189.6,196.7,120876,,38.876339,-77.046631,false,24.53,15,100,good,24.5,done,80,true,true,-31.57,-3.00,-18.00,22.28,false,MANUAL,true,2.00,1.50,,1386,false,1,false,pause,2582,3,false,200,25,4,true,-62,1459,12,3975974454,0.3,1382,1947,true,,0,,0,,,false,,
2026-08-02T10:53:04.128Z,0.13.3,false,true,16.33,true,false,false,false,false,none,1000,1476,1000,1429,1382,1000,3.9,254.9,1660,true,off,1.00,false,false,true,1524,191.1,198.2,120880,,38.876339,-77.046638,false,24.53,15,100,good,24.5,done,80,true,true,-31.57,-3.00,-18.00,24.95,false,MANUAL,true,2.00,1.50,,1430,false,1,false,pause,3603,3,false,200,25,2,true,-64,1459,12,3975974454,0.6,1428,1949,true,,0,,0,,,false,,
2026-08-02T10:53:05.112Z,0.13.3,false,true,16.30,true,false,false,false,false,none,1000,1476,1000,1664,1000,1163,3.9,281.4,1660,true,off,1.00,false,false,true,1524,182.2,189.3,120872,,38.876343,-77.046638,false,24.53,15,100,good,24.5,done,80,true,true,-31.57,-3.00,-18.00,23.95,false,MANUAL,true,2.00,1.50,,1519,false,1,false,pause,4594,3,false,200,25,7,true,-64,1330,12,3975974454,0.5,1523,1950,true,,0,,0,,,false,,
2026-08-02T10:53:06.128Z,0.13.3,false,true,16.34,true,false,false,false,false,none,1000,1476,1000,1656,1000,1233,3.9,340.4,1660,true,off,1.00,false,false,true,1524,186.9,194.0,120872,,38.876343,-77.046638,false,24.53,15,100,good,24.5,done,80,true,true,-31.57,-3.00,-18.00,25.08,false,MANUAL,true,2.00,1.50,,1540,false,1,false,pause,5595,3,false,200,25,6,true,-69,1330,12,3975974454,0.4,1548,1951,true,,0,,0,,,false,,
2026-08-02T10:53:07.112Z,0.13.3,false,true,16.34,true,false,false,false,false,none,1000,1476,1000,1636,1000,1489,3.9,340.4,1660,true,off,1.00,false,false,true,1524,197.7,204.8,120872,,38.876347,-77.046638,false,24.53,15,100,good,24.5,done,80,true,true,-31.57,-3.00,-18.00,21.52,false,MANUAL,true,2.00,1.50,,1616,true,2,false,on,612,3,false,200,25,7,true,-65,1330,12,3975974454,0.3,1642,1952,true,,0,,0,,,false,,
2026-08-02T10:53:08.145Z,0.13.3,false,true,16.30,true,false,false,false,false,none,1000,1476,1000,1635,1000,1615,3.9,340.4,1660,true,off,1.00,false,false,true,1524,198.8,205.9,120860,,38.876347,-77.046638,false,24.53,15,100,good,24.5,done,80,true,true,-31.57,-3.00,-18.00,26.90,false,MANUAL,true,2.00,1.50,,1654,true,2,false,on,1653,3,false,200,25,2,true,-62,1330,12,3975974454,0.3,1688,1953,true,,0,,0,,,false,,
2026-08-02T10:53:09.161Z,0.13.3,false,true,16.28,true,false,false,false,false,none,1000,1476,1000,1641,1000,1615,3.9,335.4,1660,true,off,1.00,false,false,true,1524,195.0,202.1,120852,,38.876347,-77.046638,false,24.53,15,100,good,24.5,done,80,true,true,-31.57,-3.00,-18.00,23.88,false,MANUAL,true,2.00,1.50,,1654,true,2,false,on,2647,3,false,200,25,2,true,-79,1330,12,3975974454,0.4,1688,1954,true,,0,,0,,,false,,
2026-08-02T10:53:10.128Z,0.13.3,false,true,16.27,true,false,false,false,false,none,1000,1476,1000,1642,1000,1615,3.9,266.9,1660,true,off,1.00,false,false,true,1524,195.1,202.2,120864,,38.876347,-77.046638,false,24.53,15,100,good,24.5,done,80,true,true,-31.57,-3.00,-18.00,23.60,false,MANUAL,true,2.00,1.50,,1654,true,2,false,on,3646,3,false,200,25,0,true,-69,1330,12,3975974454,0.6,1688,1955,true,,0,,0,,,false,,
2026-08-02T10:53:11.195Z,0.13.3,false,true,16.24,false,true,false,false,false,none,1000,1476,1000,1642,1000,1615,3.9,224.6,1660,true,off,1.00,false,false,true,1524,196.8,203.9,120864,,38.876347,-77.046638,false,24.53,15,100,good,24.5,done,80,true,true,-31.57,-3.00,-18.00,25.51,false,MANUAL,true,2.00,1.50,,1654,true,2,false,on,4662,3,false,200,25,8,true,-64,1330,12,3975974454,0.6,1688,1956,true,,0,,0,,,false,,
2026-08-02T10:53:12.162Z,0.13.3,false,true,16.26,true,false,false,false,false,none,1000,1476,1000,1650,1000,1615,3.9,174.4,1660,true,off,1.00,false,false,true,1524,182.2,189.2,120864,,38.876343,-77.046638,false,24.53,15,100,good,24.5,done,80,true,true,-31.57,-3.00,-18.00,22.10,false,MANUAL,true,2.00,1.50,,1654,true,2,false,on,5666,3,false,200,25,2,true,-58,1330,12,3975974454,0.8,1688,1957,true,,0,,0,,,false,,
2026-08-02T10:53:13.145Z,0.13.3,false,true,16.29,false,false,false,false,false,none,1000,1476,1000,1688,1000,1615,3.9,167.4,1660,true,off,1.00,false,false,true,1524,186.1,193.2,120864,,38.876339,-77.046638,false,24.53,15,100,good,24.5,done,80,true,true,-31.57,-3.00,-18.00,23.65,false,MANUAL,true,2.00,1.50,,1654,false,2,false,pause,663,3,false,200,25,6,true,-62,1330,12,3975974454,0.7,1688,1958,true,,0,,0,,,false,,
2026-08-02T10:53:14.178Z,0.13.3,false,true,16.33,false,false,false,false,false,none,1000,1476,1000,1598,1326,1216,3.9,188.1,1660,true,off,1.00,false,false,true,1524,168.9,176.0,120864,,38.876331,-77.046638,false,24.53,15,100,good,24.5,done,80,true,true,-31.57,-3.00,-18.00,22.91,false,MANUAL,true,2.00,1.50,,1537,false,2,false,pause,1662,3,false,200,25,4,true,-55,1440,12,3975974454,1.1,1539,1959,true,,0,,0,,,false,,
2026-08-02T10:53:15.145Z,0.13.3,false,true,16.34,false,false,false,false,false,none,1000,1476,1000,1500,1382,1000,3.9,182.9,1660,true,off,1.00,false,false,true,1524,167.3,174.4,120864,,38.876328,-77.046638,false,24.53,15,100,good,24.5,done,80,true,true,-31.57,-3.00,-18.00,21.81,false,MANUAL,true,2.00,1.50,,1500,false,2,false,pause,2670,3,false,200,25,2,true,-50,1459,12,3975974454,0.9,1500,1960,true,,0,,0,,,false,,
2026-08-02T10:53:16.145Z,0.13.3,false,true,16.34,true,false,false,false,false,none,1000,1476,1000,1500,1382,1000,3.9,176.2,1660,true,off,1.00,false,false,true,1524,168.1,175.2,120864,,38.876324,-77.046638,false,24.53,15,100,good,24.5,done,80,true,true,-31.57,-3.00,-18.00,23.88,false,MANUAL,true,2.00,1.50,,1500,false,2,false,pause,3665,3,false,200,25,5,true,-50,1459,12,3975974454,0.5,1500,1961,true,,0,,0,,,false,,
2026-08-02T10:53:17.179Z,0.13.3,false,true,16.34,false,false,false,false,false,none,1000,1476,1000,1500,1382,1000,3.9,176.2,1660,true,off,1.00,false,false,true,1524,171.8,178.9,120876,,38.876324,-77.046631,false,24.53,15,100,good,24.5,done,80,true,true,-31.57,-3.00,-18.00,20.93,false,MANUAL,true,2.00,1.50,,1500,false,2,false,pause,4683,3,false,200,25,6,true,-50,1459,12,3975974454,0.1,1500,1962,true,,0,,0,,,false,,
2026-08-02T10:53:18.196Z,0.13.3,false,true,16.34,false,false,false,false,false,none,1000,1476,1000,1500,1382,1000,3.9,176.2,1660,true,off,1.00,false,false,true,1524,171.6,178.7,120876,,38.876324,-77.046631,false,24.53,15,100,good,24.5,done,80,true,true,-31.57,-3.00,-18.00,22.83,false,MANUAL,true,2.00,1.50,,1500,false,2,false,pause,5679,3,false,200,25,3,true,-61,1459,12,3975974454,0.2,1500,1963,true,,0,,0,,,false,,
2026-08-02T10:53:19.212Z,0.13.3,false,true,16.34,false,false,false,false,false,none,1000,1476,1000,1500,1382,1000,3.9,176.2,1660,true,off,1.00,false,false,true,1524,165.7,172.7,120864,,38.876324,-77.046631,false,24.53,15,100,good,24.5,done,80,true,true,-31.57,-3.00,-18.00,24.08,false,MANUAL,true,2.00,1.50,,1500,true,3,false,on,723,3,false,200,25,6,true,-63,1459,12,3975974454,0.2,1500,1964,true,,0,,0,,,false,,
2026-08-02T10:53:20.195Z,0.13.3,false,true,16.34,true,false,false,false,false,none,1000,1476,1000,1500,1382,1000,3.9,113.3,1660,true,off,1.00,false,false,true,1524,162.3,168.6,120864,,38.876328,-77.046631,false,24.53,15,100,good,24.5,done,80,true,true,-31.57,-3.00,-18.00,26.93,false,MANUAL,true,2.00,1.50,,1500,true,3,false,on,1716,3,false,200,25,6,true,-48,1459,12,3975974454,0.7,1500,1965,true,,0,,0,,,false,,
2026-08-02T10:53:21.212Z,0.13.3,false,true,16.34,false,false,false,false,false,none,1000,1476,1000,1500,1382,1000,3.9,98.6,1660,true,off,1.00,false,false,true,1524,174.4,181.5,120864,,38.876328,-77.046623,false,24.53,15,100,good,24.5,done,80,true,true,-31.57,-3.00,-18.00,24.60,false,MANUAL,true,2.00,1.50,,1500,true,3,false,on,2732,3,false,200,25,5,true,-50,1459,12,3975974454,0.5,1500,1966,true,,0,,0,,,false,,
2026-08-02T10:53:22.262Z,0.13.3,false,true,16.34,true,false,false,false,false,none,1000,1476,1000,1500,1382,1000,3.9,98.6,1660,true,off,1.00,false,false,true,1524,183.2,190.3,120868,,38.876328,-77.046631,false,24.53,15,100,good,24.5,done,80,true,true,-31.57,-3.00,-18.00,22.17,false,MANUAL,true,2.00,1.50,,1500,true,3,false,on,3755,3,false,200,25,4,true,-58,1459,12,3975974454,0.1,1500,1967,true,,0,,0,,,false,,
2026-08-02T10:53:23.246Z,0.13.3,false,true,16.34,true,false,false,false,false,none,1000,1476,1000,1500,1382,1000,3.9,98.6,1660,true,off,1.00,false,false,true,1524,190.6,197.7,120876,,38.876328,-77.046631,false,24.53,15,100,good,24.5,done,80,true,true,-31.57,-3.00,-18.00,24.45,false,MANUAL,true,2.00,1.50,,1500,true,3,false,on,4749,3,false,200,25,4,true,-57,1459,12,3975974454,0.1,1500,1968,true,,0,,0,,,false,,
2026-08-02T10:53:24.229Z,0.13.3,false,true,16.33,true,false,false,false,false,none,1000,1476,1000,1500,1382,1000,3.9,98.6,1660,true,off,1.00,false,true,true,1524,184.1,191.2,120864,,38.876328,-77.046623,false,24.53,15,100,good,24.5,done,80,true,true,-31.57,-3.00,-18.00,21.73,false,MANUAL,true,2.00,1.50,,1500,true,3,false,on,5748,3,false,200,25,3,true,-66,1459,12,3975974454,0.2,1500,1969,true,,0,,0,,,false,,
2026-08-02T10:53:25.279Z,0.13.3,false,true,16.34,true,false,false,false,false,none,1000,1476,1000,1500,1382,1000,3.9,98.6,1660,true,off,1.00,false,true,true,1524,186.8,193.8,120884,,38.876328,-77.046631,false,24.53,15,100,good,24.5,done,80,true,true,-31.57,-3.00,-18.00,21.05,false,MANUAL,true,2.00,1.50,,1500,false,3,false,pause,766,3,false,200,25,5,true,-74,1459,12,3975974454,0.2,1500,1970,true,,0,,0,,,false,,
2026-08-02T10:53:26.313Z,0.13.3,false,true,16.34,false,false,false,false,false,none,1000,1476,1000,1500,1382,1000,3.9,98.6,1660,true,off,1.00,false,true,true,1524,192.6,199.7,120864,,38.876328,-77.046631,false,24.53,15,100,good,24.5,done,80,true,true,-31.57,-3.00,-18.00,22.91,false,MANUAL,true,2.00,1.50,,1500,false,3,false,pause,1786,3,false,200,25,1,true,-64,1459,12,3975974454,0.5,1500,1971,true,,0,,0,,,false,,
2026-08-02T10:53:27.246Z,0.13.3,false,true,16.34,true,false,false,false,false,none,1000,1476,1000,1500,1382,1000,3.9,98.6,1660,true,off,1.00,false,true,true,1524,183.3,190.4,120884,,38.876328,-77.046631,false,24.53,15,100,good,24.5,done,80,true,true,-31.57,-3.00,-18.00,23.34,false,MANUAL,true,2.00,1.50,,1500,false,3,false,pause,2764,3,false,200,25,1,true,-71,1459,12,3975974454,0.3,1500,1972,true,,0,,0,,,false,,
2026-08-02T10:53:28.246Z,0.13.3,false,true,16.34,false,false,false,false,false,none,1000,1476,1000,1500,1382,1000,3.9,98.6,1660,true,off,1.00,false,true,true,1524,193.3,200.4,120872,,38.876328,-77.046631,false,24.53,15,100,good,24.5,done,80,true,true,-31.57,-3.00,-18.00,20.35,false,MANUAL,true,2.00,1.50,,1500,false,3,false,pause,3766,3,false,200,25,2,true,-67,1459,12,3975974454,0.1,1500,1973,true,,0,,0,,,false,,
2026-08-02T10:53:29.297Z,0.13.3,false,true,16.34,true,false,false,false,false,none,1000,1476,1000,1500,1382,1000,3.9,98.6,1660,true,off,1.00,false,true,true,1524,182.1,189.2,120872,,38.876328,-77.046631,false,24.53,15,100,good,24.5,done,80,true,true,-31.57,-3.00,-18.00,24.07,false,MANUAL,true,2.00,1.50,,1500,false,3,false,pause,4781,3,false,200,25,0,true,-67,1459,12,3975974454,0.4,1500,1974,true,,0,,0,,,false,,
2026-08-02T10:53:30.280Z,0.13.3,false,true,16.34,true,false,false,false,false,none,1000,1476,1000,1500,1382,1000,3.9,98.6,1660,true,off,1.00,false,true,true,1524,179.4,186.5,120872,,38.876331,-77.046631,false,24.53,15,100,good,24.5,done,80,true,true,-31.57,-3.00,-18.00,23.54,false,MANUAL,true,2.00,1.50,,1500,false,3,false,pause,5799,3,false,200,25,3,true,-72,1459,12,3975974454,0.2,1500,1975,true,,0,,0,,,false,,
2026-08-02T10:53:31.313Z,0.13.3,false,true,16.34,true,false,false,false,false,none,1000,1476,1000,1500,1382,1000,3.9,98.6,1660,true,off,1.00,false,true,true,1524,171.4,178.5,120872,,38.876331,-77.046638,false,24.53,15,100,good,24.5,done,80,true,true,-31.57,-3.00,-18.00,22.85,false,MANUAL,true,2.00,1.50,,1500,false,3,false,cooldown,823,3,false,200,25,2,true,-87,1459,12,3975974454,0.1,1500,1976,true,,0,,0,,,false,,
2026-08-02T10:53:32.397Z,0.13.3,false,true,16.34,false,false,false,false,false,none,1000,1476,1000,1500,1382,1000,3.9,98.6,1660,true,off,1.00,false,true,true,1524,179.5,186.6,120872,,38.876331,-77.046638,false,24.53,15,100,good,24.5,done,80,true,true,-31.57,-3.00,-18.00,21.65,false,MANUAL,true,2.00,1.50,,1500,false,3,false,cooldown,1830,3,false,200,25,1,true,-66,1459,12,3975974454,0.2,1500,1977,true,,0,,0,,,false,,
2026-08-02T10:53:33.336Z,0.13.3,false,true,16.34,true,false,false,false,false,none,1000,1476,1000,1500,1382,1000,3.9,98.6,1660,true,off,1.00,false,true,true,1524,175.2,182.3,120872,,38.876331,-77.046638,false,24.53,15,100,good,24.5,done,80,true,true,-31.57,-3.00,-18.00,27.21,false,MANUAL,true,2.00,1.50,,1500,false,3,false,cooldown,2839,3,false,200,25,1,true,-70,1459,12,3975974454,0.2,1500,1978,true,,0,,0,,,false,,
2026-08-02T10:53:34.380Z,0.13.3,false,true,16.34,true,false,false,false,false,none,1000,1476,1000,1500,1382,1000,3.9,98.6,1660,true,off,1.00,false,true,true,1524,190.4,197.4,120876,,38.876331,-77.046638,false,24.53,15,100,good,24.5,done,80,true,true,-31.57,-3.00,-18.00,25.78,false,MANUAL,true,2.00,1.50,,1500,false,3,false,cooldown,3905,3,false,200,25,4,true,-58,1459,12,3975974454,0.6,1500,1979,true,,0,,0,,,false,,
2026-08-02T10:53:35.364Z,0.13.3,false,true,16.34,true,false,false,false,false,none,1000,1476,1000,1500,1382,1000,3.9,98.6,1660,true,off,1.00,false,true,true,1524,213.1,220.2,120872,,38.876335,-77.046646,false,24.53,15,100,good,24.5,done,80,true,true,-31.57,-3.00,-18.00,20.57,false,MANUAL,true,2.00,1.50,,1500,false,3,false,cooldown,4858,3,false,200,25,3,true,-63,1459,12,3975974454,0.4,1500,1980,true,,0,,0,,,false,,
2026-08-02T10:53:36.414Z,0.13.3,false,true,16.34,false,false,false,false,false,none,1000,1476,1000,1500,1382,1000,3.9,98.6,1660,true,off,1.00,false,true,true,1524,186.7,193.8,120872,,38.876335,-77.046646,false,24.53,15,100,good,24.5,done,80,true,true,-31.57,-3.00,-18.00,19.73,false,MANUAL,true,2.00,1.50,,1500,false,3,false,cooldown,5870,3,false,200,25,4,true,-61,1459,12,3975974454,0.3,1500,1981,true,,0,,0,,,false,,
2026-08-02T10:53:37.381Z,0.13.3,false,true,16.34,true,false,false,false,false,none,1000,1476,1000,1500,1382,1000,3.9,98.6,1660,true,off,1.00,false,true,true,1524,167.7,174.8,120872,,38.876335,-77.046646,false,24.53,15,100,good,24.5,done,80,true,true,-31.57,-3.00,-18.00,21.31,false,MANUAL,true,2.00,1.50,,1500,false,3,false,cooldown,6891,3,false,200,25,2,true,-55,1459,12,3975974454,0.0,1500,1982,true,,0,,0,,,false,,
2026-08-02T10:53:38.364Z,0.13.3,false,true,16.34,true,false,false,false,false,none,1000,1476,1000,1500,1382,1000,3.9,98.6,1660,true,off,1.00,false,true,true,1524,159.2,166.3,120872,,38.876335,-77.046646,false,24.53,15,100,good,24.5,done,80,true,true,-31.57,-3.00,-18.00,21.14,false,MANUAL,true,2.00,1.50,,1500,false,3,false,cooldown,7887,3,false,200,25,4,true,-56,1459,12,3975974454,0.0,1500,1983,true,,0,,0,,,false,,
2026-08-02T10:53:39.381Z,0.13.3,false,true,16.34,true,false,false,false,false,none,1000,1476,1000,1500,1382,1000,3.9,98.6,1660,true,off,1.00,false,true,true,1524,163.1,170.2,120872,,38.876335,-77.046646,false,24.53,15,100,good,24.5,done,80,true,true,-31.57,-3.00,-18.00,24.56,false,MANUAL,true,2.00,1.50,,1500,false,3,false,cooldown,8895,3,false,200,25,4,true,-52,1459,12,3975974454,0.2,1500,1984,true,,0,,0,,,false,,
2026-08-02T10:53:40.398Z,0.13.3,false,true,16.34,true,false,false,false,false,none,1000,1476,1000,1500,1382,1000,3.9,98.6,1660,true,off,1.00,false,true,true,1524,160.3,167.4,120872,,38.876335,-77.046646,false,24.53,15,100,good,24.5,done,80,true,true,-31.57,-3.00,-18.00,23.77,false,MANUAL,true,2.00,1.50,,1500,false,3,false,cooldown,9917,3,false,200,25,2,true,-61,1459,12,3975974454,0.3,1500,1985,true,,0,,0,,,false,,
2026-08-02T10:53:41.414Z,0.13.3,false,true,16.34,true,false,false,false,false,none,1000,1476,1000,1500,1382,1000,3.9,189.3,1660,true,off,1.00,false,true,true,1524,182.6,189.7,120868,,38.876331,-77.046646,false,24.53,15,100,good,24.5,done,80,true,true,-31.57,-3.00,-18.00,18.68,false,MANUAL,true,2.00,1.50,,1500,false,3,false,cooldown,10939,3,false,200,25,1,true,-75,1459,12,3975974454,0.7,1500,1986,true,,0,,0,,,false,,
2026-08-02T10:53:42.415Z,0.13.3,false,true,16.34,false,false,false,false,false,none,1000,1476,1000,1500,1382,1000,3.9,189.3,1660,true,off,1.00,false,true,true,1524,210.9,218.7,120872,,38.876331,-77.046654,false,24.53,15,100,good,24.5,done,80,true,true,-31.57,-3.00,-18.00,18.48,false,MANUAL,true,2.00,1.50,,1500,false,3,false,cooldown,11939,3,false,200,25,7,true,-66,1459,12,3975974454,0.3,1500,1987,true,,0,,0,,,false,,
2026-08-02T10:53:43.415Z,0.13.3,false,true,16.34,false,false,false,false,false,none,1000,1476,1000,1500,1382,1000,3.9,216.4,1660,true,off,1.00,false,true,true,1524,225.6,232.7,120872,,38.876328,-77.046654,false,24.53,15,100,good,24.5,done,80,true,true,-31.57,-3.00,-18.00,22.26,false,MANUAL,true,2.00,1.50,,1500,false,3,false,cooldown,12935,3,false,200,25,2,true,-56,1459,12,3975974454,0.9,1500,1988,true,,0,,0,,,false,,
2026-08-02T10:53:44.415Z,0.13.3,false,true,16.34,false,false,false,false,false,none,1000,1476,1000,1500,1382,1000,3.9,216.4,1660,true,off,1.00,false,true,true,1524,279.4,286.5,120872,,38.876328,-77.046654,false,24.53,15,100,good,24.5,done,80,true,true,-31.57,-3.00,-18.00,27.07,false,MANUAL,true,2.00,1.50,,1500,false,3,false,cooldown,13938,3,false,200,25,4,true,-49,1459,12,3975974454,0.3,1500,1989,true,,0,,0,,,false,,
2026-08-02T10:53:45.432Z,0.13.3,false,true,16.34,false,false,false,false,false,none,1000,1476,1000,1500,1382,1000,3.9,216.4,1660,true,off,1.00,false,true,true,1524,333.7,340.8,120868,,38.876328,-77.046654,false,24.53,15,100,good,24.5,done,80,true,true,-31.57,-3.00,-18.00,27.05,false,MANUAL,true,2.00,1.50,,1500,false,3,false,cooldown,14954,3,false,200,25,4,true,-46,1459,12,3975974454,0.4,1500,1990,true,,0,,0,,,false,,
2026-08-02T10:53:46.432Z,0.13.3,false,true,16.34,false,false,false,false,false,none,1000,1475,1000,1500,1382,1000,3.9,216.4,1660,true,off,1.00,false,true,true,1525,347.5,354.6,120872,,38.876328,-77.046654,false,24.53,15,100,good,24.5,done,80,true,true,-31.57,-3.00,-18.00,23.43,false,MANUAL,true,2.00,1.50,,1500,false,3,false,cooldown,15959,3,false,200,25,8,true,-53,1459,12,3975974454,0.4,1500,1991,true,,0,,0,,,false,,
2026-08-02T10:53:47.466Z,0.13.3,false,true,16.34,false,false,false,false,false,none,1000,1476,1000,1500,1382,1000,3.9,230.0,1660,true,off,1.00,false,true,true,1524,341.6,348.7,120660,,38.876324,-77.046654,false,24.53,15,100,good,24.5,done,80,true,true,-31.57,-3.00,-18.00,27.68,false,MANUAL,true,2.00,1.50,,1500,false,3,false,cooldown,16976,3,false,200,25,0,true,-38,1459,12,3975974454,1.4,1500,1992,true,,0,,0,,,false,,
2026-08-02T10:53:48.449Z,0.13.3,false,true,16.34,false,false,false,false,false,none,1000,1476,1000,1500,1382,1000,3.9,264.6,1660,true,off,1.00,false,true,true,1524,317.4,324.5,120880,,38.876324,-77.046669,false,24.53,15,100,good,24.5,done,80,true,true,-31.57,-3.00,-18.00,28.64,false,MANUAL,true,2.00,1.50,,1500,false,3,false,cooldown,17958,3,false,200,25,4,true,-35,1459,12,3975974454,1.9,1500,1993,true,,0,,0,,,false,,
2026-08-02T10:53:49.582Z,0.13.3,false,true,16.34,false,false,false,false,false,none,1000,1476,1000,1500,1382,1000,3.9,264.6,1660,true,off,1.00,false,true,true,1524,333.1,340.2,120884,,38.876328,-77.046669,false,24.53,15,100,good,24.5,done,80,true,true,-31.57,-3.00,-18.00,21.08,false,MANUAL,true,2.00,1.50,,1500,false,3,false,cooldown,19096,3,false,200,25,2,true,-48,1459,12,3975974454,0.3,1500,1994,true,,0,,0,,,false,,
2026-08-02T10:53:50.516Z,0.13.3,false,true,16.34,false,false,false,false,false,none,1000,1476,1000,1500,1382,1000,3.9,239.0,1660,true,off,1.00,false,true,true,1524,68.5,75.6,120652,,38.876328,-77.046669,false,24.53,15,100,good,24.5,done,80,true,true,-31.57,-3.00,-18.00,22.30,false,MANUAL,true,2.00,1.50,,1500,false,3,false,cooldown,19982,3,false,200,25,3,true,-40,1459,12,3975974454,0.8,1500,1995,true,,0,,0,,,false,,
2026-08-02T10:53:51.449Z,0.13.3,false,true,16.34,false,false,false,false,false,none,1000,1476,1000,1500,1382,1000,3.9,239.0,1660,true,off,1.00,false,true,true,1524,132.0,139.1,120872,,38.876328,-77.046661,false,24.53,15,100,good,24.5,done,80,true,true,-31.57,-3.00,-18.00,24.60,false,MANUAL,true,2.00,1.50,,1500,false,3,false,cooldown,20976,3,false,200,25,4,true,-38,1459,12,3975974454,0.4,1500,1996,true,,0,,0,,,false,,
2026-08-02T10:53:52.483Z,0.13.3,false,true,16.35,false,false,false,false,false,none,1000,1476,1000,1500,1382,1000,3.9,239.0,1660,true,off,1.00,false,true,true,1524,155.0,162.1,120876,,38.876328,-77.046661,false,24.53,15,100,good,24.5,done,80,true,true,-31.57,-3.00,-18.00,17.96,false,MANUAL,true,2.00,1.50,,1500,false,3,false,cooldown,22006,3,false,200,25,2,true,-37,1459,12,3975974454,0.4,1500,1997,true,,0,,0,,,false,,
2026-08-02T10:53:53.466Z,0.13.3,false,true,16.34,false,false,false,false,false,none,1000,1476,1000,1500,1382,1000,3.9,239.0,1660,true,off,1.00,false,true,true,1524,174.9,182.0,120876,,38.876328,-77.046669,false,24.53,15,100,good,24.5,done,80,true,true,-31.57,-3.00,-18.00,21.05,false,MANUAL,true,2.00,1.50,,1500,false,3,false,cooldown,22988,3,false,200,25,6,true,-31,1459,12,3975974454,0.2,1500,1998,true,,0,,0,,,false,,
2026-08-02T10:53:54.483Z,0.13.3,false,true,16.34,false,false,false,false,false,none,1000,1476,1000,1500,1382,1000,3.9,331.8,1660,true,off,1.00,false,true,true,1524,133.4,140.5,120876,,38.876331,-77.046661,false,24.53,15,100,good,24.5,done,80,true,true,-31.57,-3.00,-18.00,23.20,false,MANUAL,true,2.00,1.50,,1500,false,3,false,cooldown,24009,3,false,200,25,4,true,-40,1459,12,3975974454,1.2,1500,1999,true,,0,,0,,,false,,
2026-08-02T10:53:55.483Z,0.13.3,false,true,16.34,false,false,false,false,false,none,1000,1476,1000,1500,1382,1000,3.9,346.2,1660,true,off,1.00,false,true,true,1524,93.5,100.6,120872,,38.876335,-77.046661,false,24.53,15,100,good,24.5,done,80,true,true,-31.57,-3.00,-18.00,26.07,false,MANUAL,true,2.00,1.50,,1500,false,3,false,cooldown,25005,3,false,200,25,5,true,-28,1459,12,3975974454,0.7,1500,2000,true,,0,,0,,,false,,
2026-08-02T10:53:56.500Z,0.13.3,false,true,16.34,false,false,false,false,false,none,1000,1476,1000,1500,1382,1000,3.9,346.2,1660,true,off,1.00,false,true,true,1524,87.1,94.2,120872,,38.876339,-77.046661,false,24.53,15,100,good,24.5,done,80,true,true,-31.57,-3.00,-18.00,23.37,false,MANUAL,true,2.00,1.50,,1500,false,3,false,cooldown,26023,3,false,200,25,15,true,-27,1459,12,3975974454,0.3,1500,2001,true,,0,,0,,,false,,
2026-08-02T10:53:57.500Z,0.13.3,false,true,16.34,false,false,false,false,false,none,1000,1476,1000,1500,1382,1000,3.9,346.2,1660,true,off,1.00,false,true,true,1524,90.4,97.5,120884,,38.876339,-77.046661,false,24.53,15,100,good,24.5,done,80,true,true,-31.57,-3.00,-18.00,22.58,false,MANUAL,true,2.00,1.50,,1500,false,3,false,cooldown,27021,3,false,200,25,4,true,-26,1459,12,3975974454,0.1,1500,2002,true,,0,,0,,,false,,
2026-08-02T10:53:58.500Z,0.13.3,false,true,16.34,false,false,false,false,false,none,1000,1476,1000,1500,1382,1000,3.9,346.2,1660,true,off,1.00,false,true,true,1524,95.6,102.7,120872,,38.876339,-77.046654,false,24.53,15,100,good,24.5,done,80,true,true,-31.57,-3.00,-18.00,19.50,false,MANUAL,true,2.00,1.50,,1500,false,3,false,cooldown,28022,3,false,200,25,4,true,-27,1459,12,3975974454,0.1,1500,2003,true,,0,,0,,,false,,